
> my-dbs@0.1.0 dev
> next dev

▲ Next.js 16.2.1 (Turbopack)
- Local:         http://localhost:3000
- Network:       http://192.168.1.66:3000
- Environments: .env.local
✓ Ready in 726ms

[Proxy] Path: /profile, Auth: true
[Proxy] Path: /profile, Auth: true
[Proxy] Path: /documents, Auth: true
[Proxy] Path: /.well-known/appspecific/com.chrome.devtools.json, Auth: true
 GET /profile 200 in 1993ms (next.js: 607ms, proxy.ts: 343ms, application-code: 1042ms)
 GET /documents 200 in 1643ms (next.js: 349ms, proxy.ts: 17ms, application-code: 1277ms)
[browser] Image with src "/logo-mydbs.png" has either width or height modified, but not the other. If you use CSS to change the size of your image, also include the styles 'width: "auto"' or 'height: "auto"' to maintain the aspect ratio.
[browser] Image with src "/logo-mydbs.png" has either width or height modified, but not the other. If you use CSS to change the size of your image, also include the styles 'width: "auto"' or 'height: "auto"' to maintain the aspect ratio.
[Proxy] Path: /logs, Auth: true
 GET /logs 200 in 124ms (next.js: 45ms, proxy.ts: 17ms, application-code: 63ms)
 GET /api-local-logs?lines=1000&type=backend 200 in 207ms (next.js: 141ms, application-code: 66ms)
 GET /api-local-logs?lines=1000&type=backend 200 in 43ms (next.js: 5ms, application-code: 38ms)
 GET /api-local-logs?lines=1000&type=backend 200 in 38ms (next.js: 5ms, application-code: 33ms)
 GET /api-local-logs?lines=1000&type=frontend 200 in 43ms (next.js: 13ms, application-code: 30ms)
 GET /api-local-logs?lines=1000&type=frontend 200 in 35ms (next.js: 4ms, application-code: 31ms)
 GET /api-local-logs?lines=1000&type=frontend 200 in 40ms (next.js: 6ms, application-code: 35ms)
[Proxy] Path: /documents, Auth: true
 GET /documents 200 in 66ms (next.js: 5ms, proxy.ts: 12ms, application-code: 49ms)
[Proxy] Path: /documents, Auth: true
 GET /documents 200 in 1358ms (next.js: 61ms, proxy.ts: 73ms, application-code: 1224ms)
[Proxy] Path: /.well-known/appspecific/com.chrome.devtools.json, Auth: true
[browser] Image with src "/logo-mydbs.png" has either width or height modified, but not the other. If you use CSS to change the size of your image, also include the styles 'width: "auto"' or 'height: "auto"' to maintain the aspect ratio.
✓ Compiled in 3.1s
Failed to proxy http://localhost:8080/api/v1/documents/owner/1 AggregateError: 
    at ignore-listed frames {
  code: 'ECONNREFUSED',
  [errors]: [
    Error: connect ECONNREFUSED ::1:8080
        at <unknown> (Error: connect ECONNREFUSED ::1:8080) {
      errno: -61,
      code: 'ECONNREFUSED',
      syscall: 'connect',
      address: '::1',
      port: 8080
    },
    Error: connect ECONNREFUSED 127.0.0.1:8080
        at <unknown> (Error: connect ECONNREFUSED 127.0.0.1:8080) {
      errno: -61,
      code: 'ECONNREFUSED',
      syscall: 'connect',
      address: '127.0.0.1',
      port: 8080
    }
  ]
}
AggregateError: 
    at ignore-listed frames {
  code: 'ECONNREFUSED',
  [errors]: [
    Error: connect ECONNREFUSED ::1:8080
        at <unknown> (Error: connect ECONNREFUSED ::1:8080) {
      errno: -61,
      code: 'ECONNREFUSED',
      syscall: 'connect',
      address: '::1',
      port: 8080
    },
    Error: connect ECONNREFUSED 127.0.0.1:8080
        at <unknown> (Error: connect ECONNREFUSED 127.0.0.1:8080) {
      errno: -61,
      code: 'ECONNREFUSED',
      syscall: 'connect',
      address: '127.0.0.1',
      port: 8080
    }
  ]
}
Failed to proxy http://localhost:8080/api/v1/documents/owner/1 AggregateError: 
    at ignore-listed frames {
  code: 'ECONNREFUSED',
  [errors]: [
    Error: connect ECONNREFUSED ::1:8080
        at <unknown> (Error: connect ECONNREFUSED ::1:8080) {
      errno: -61,
      code: 'ECONNREFUSED',
      syscall: 'connect',
      address: '::1',
      port: 8080
    },
    Error: connect ECONNREFUSED 127.0.0.1:8080
        at <unknown> (Error: connect ECONNREFUSED 127.0.0.1:8080) {
      errno: -61,
      code: 'ECONNREFUSED',
      syscall: 'connect',
      address: '127.0.0.1',
      port: 8080
    }
  ]
}
AggregateError: 
    at ignore-listed frames {
  code: 'ECONNREFUSED',
  [errors]: [
    Error: connect ECONNREFUSED ::1:8080
        at <unknown> (Error: connect ECONNREFUSED ::1:8080) {
      errno: -61,
      code: 'ECONNREFUSED',
      syscall: 'connect',
      address: '::1',
      port: 8080
    },
    Error: connect ECONNREFUSED 127.0.0.1:8080
        at <unknown> (Error: connect ECONNREFUSED 127.0.0.1:8080) {
      errno: -61,
      code: 'ECONNREFUSED',
      syscall: 'connect',
      address: '127.0.0.1',
      port: 8080
    }
  ]
}
Failed to proxy http://localhost:8080/api/users/1 AggregateError: 
    at ignore-listed frames {
  code: 'ECONNREFUSED',
  [errors]: [
    Error: connect ECONNREFUSED ::1:8080
        at <unknown> (Error: connect ECONNREFUSED ::1:8080) {
      errno: -61,
      code: 'ECONNREFUSED',
      syscall: 'connect',
      address: '::1',
      port: 8080
    },
    Error: connect ECONNREFUSED 127.0.0.1:8080
        at <unknown> (Error: connect ECONNREFUSED 127.0.0.1:8080) {
      errno: -61,
      code: 'ECONNREFUSED',
      syscall: 'connect',
      address: '127.0.0.1',
      port: 8080
    }
  ]
}
AggregateError: 
    at ignore-listed frames {
  code: 'ECONNREFUSED',
  [errors]: [
    Error: connect ECONNREFUSED ::1:8080
        at <unknown> (Error: connect ECONNREFUSED ::1:8080) {
      errno: -61,
      code: 'ECONNREFUSED',
      syscall: 'connect',
      address: '::1',
      port: 8080
    },
    Error: connect ECONNREFUSED 127.0.0.1:8080
        at <unknown> (Error: connect ECONNREFUSED 127.0.0.1:8080) {
      errno: -61,
      code: 'ECONNREFUSED',
      syscall: 'connect',
      address: '127.0.0.1',
      port: 8080
    }
  ]
}
Failed to proxy http://localhost:8080/api/users/1 AggregateError: 
    at ignore-listed frames {
  code: 'ECONNREFUSED',
  [errors]: [
    Error: connect ECONNREFUSED ::1:8080
        at <unknown> (Error: connect ECONNREFUSED ::1:8080) {
      errno: -61,
      code: 'ECONNREFUSED',
      syscall: 'connect',
      address: '::1',
      port: 8080
    },
    Error: connect ECONNREFUSED 127.0.0.1:8080
        at <unknown> (Error: connect ECONNREFUSED 127.0.0.1:8080) {
      errno: -61,
      code: 'ECONNREFUSED',
      syscall: 'connect',
      address: '127.0.0.1',
      port: 8080
    }
  ]
}
AggregateError: 
    at ignore-listed frames {
  code: 'ECONNREFUSED',
  [errors]: [
    Error: connect ECONNREFUSED ::1:8080
        at <unknown> (Error: connect ECONNREFUSED ::1:8080) {
      errno: -61,
      code: 'ECONNREFUSED',
      syscall: 'connect',
      address: '::1',
      port: 8080
    },
    Error: connect ECONNREFUSED 127.0.0.1:8080
        at <unknown> (Error: connect ECONNREFUSED 127.0.0.1:8080) {
      errno: -61,
      code: 'ECONNREFUSED',
      syscall: 'connect',
      address: '127.0.0.1',
      port: 8080
    }
  ]
}
[browser] [MyDBS] Refresh error: SyntaxError: Unexpected token 'I', "Internal S"... is not valid JSON
SyntaxError: Unexpected token 'I', "Internal S"... is not valid JSON (hooks/use-auth-hook.js:107:15)
[browser] [MyDBS] Refresh error: SyntaxError: Unexpected token 'I', "Internal S"... is not valid JSON
SyntaxError: Unexpected token 'I', "Internal S"... is not valid JSON (hooks/use-auth-hook.js:107:15)
Failed to proxy http://localhost:8080/api/v1/documents/owner/1 AggregateError: 
    at ignore-listed frames {
  code: 'ECONNREFUSED',
  [errors]: [
    Error: connect ECONNREFUSED ::1:8080
        at <unknown> (Error: connect ECONNREFUSED ::1:8080) {
      errno: -61,
      code: 'ECONNREFUSED',
      syscall: 'connect',
      address: '::1',
      port: 8080
    },
    Error: connect ECONNREFUSED 127.0.0.1:8080
        at <unknown> (Error: connect ECONNREFUSED 127.0.0.1:8080) {
      errno: -61,
      code: 'ECONNREFUSED',
      syscall: 'connect',
      address: '127.0.0.1',
      port: 8080
    }
  ]
}
AggregateError: 
    at ignore-listed frames {
  code: 'ECONNREFUSED',
  [errors]: [
    Error: connect ECONNREFUSED ::1:8080
        at <unknown> (Error: connect ECONNREFUSED ::1:8080) {
      errno: -61,
      code: 'ECONNREFUSED',
      syscall: 'connect',
      address: '::1',
      port: 8080
    },
    Error: connect ECONNREFUSED 127.0.0.1:8080
        at <unknown> (Error: connect ECONNREFUSED 127.0.0.1:8080) {
      errno: -61,
      code: 'ECONNREFUSED',
      syscall: 'connect',
      address: '127.0.0.1',
      port: 8080
    }
  ]
}
Failed to proxy http://localhost:8080/api/v1/documents/owner/1 AggregateError: 
    at ignore-listed frames {
  code: 'ECONNREFUSED',
  [errors]: [
    Error: connect ECONNREFUSED ::1:8080
        at <unknown> (Error: connect ECONNREFUSED ::1:8080) {
      errno: -61,
      code: 'ECONNREFUSED',
      syscall: 'connect',
      address: '::1',
      port: 8080
    },
    Error: connect ECONNREFUSED 127.0.0.1:8080
        at <unknown> (Error: connect ECONNREFUSED 127.0.0.1:8080) {
      errno: -61,
      code: 'ECONNREFUSED',
      syscall: 'connect',
      address: '127.0.0.1',
      port: 8080
    }
  ]
}
AggregateError: 
    at ignore-listed frames {
  code: 'ECONNREFUSED',
  [errors]: [
    Error: connect ECONNREFUSED ::1:8080
        at <unknown> (Error: connect ECONNREFUSED ::1:8080) {
      errno: -61,
      code: 'ECONNREFUSED',
      syscall: 'connect',
      address: '::1',
      port: 8080
    },
    Error: connect ECONNREFUSED 127.0.0.1:8080
        at <unknown> (Error: connect ECONNREFUSED 127.0.0.1:8080) {
      errno: -61,
      code: 'ECONNREFUSED',
      syscall: 'connect',
      address: '127.0.0.1',
      port: 8080
    }
  ]
}
Failed to proxy http://localhost:8080/api/v1/documents/owner/1 AggregateError: 
    at ignore-listed frames {
  code: 'ECONNREFUSED',
  [errors]: [
    Error: connect ECONNREFUSED ::1:8080
        at <unknown> (Error: connect ECONNREFUSED ::1:8080) {
      errno: -61,
      code: 'ECONNREFUSED',
      syscall: 'connect',
      address: '::1',
      port: 8080
    },
    Error: connect ECONNREFUSED 127.0.0.1:8080
        at <unknown> (Error: connect ECONNREFUSED 127.0.0.1:8080) {
      errno: -61,
      code: 'ECONNREFUSED',
      syscall: 'connect',
      address: '127.0.0.1',
      port: 8080
    }
  ]
}
AggregateError: 
    at ignore-listed frames {
  code: 'ECONNREFUSED',
  [errors]: [
    Error: connect ECONNREFUSED ::1:8080
        at <unknown> (Error: connect ECONNREFUSED ::1:8080) {
      errno: -61,
      code: 'ECONNREFUSED',
      syscall: 'connect',
      address: '::1',
      port: 8080
    },
    Error: connect ECONNREFUSED 127.0.0.1:8080
        at <unknown> (Error: connect ECONNREFUSED 127.0.0.1:8080) {
      errno: -61,
      code: 'ECONNREFUSED',
      syscall: 'connect',
      address: '127.0.0.1',
      port: 8080
    }
  ]
}
Failed to proxy http://localhost:8080/api/v1/documents/owner/1 AggregateError: 
    at ignore-listed frames {
  code: 'ECONNREFUSED',
  [errors]: [
    Error: connect ECONNREFUSED ::1:8080
        at <unknown> (Error: connect ECONNREFUSED ::1:8080) {
      errno: -61,
      code: 'ECONNREFUSED',
      syscall: 'connect',
      address: '::1',
      port: 8080
    },
    Error: connect ECONNREFUSED 127.0.0.1:8080
        at <unknown> (Error: connect ECONNREFUSED 127.0.0.1:8080) {
      errno: -61,
      code: 'ECONNREFUSED',
      syscall: 'connect',
      address: '127.0.0.1',
      port: 8080
    }
  ]
}
AggregateError: 
    at ignore-listed frames {
  code: 'ECONNREFUSED',
  [errors]: [
    Error: connect ECONNREFUSED ::1:8080
        at <unknown> (Error: connect ECONNREFUSED ::1:8080) {
      errno: -61,
      code: 'ECONNREFUSED',
      syscall: 'connect',
      address: '::1',
      port: 8080
    },
    Error: connect ECONNREFUSED 127.0.0.1:8080
        at <unknown> (Error: connect ECONNREFUSED 127.0.0.1:8080) {
      errno: -61,
      code: 'ECONNREFUSED',
      syscall: 'connect',
      address: '127.0.0.1',
      port: 8080
    }
  ]
}
[Proxy] Path: /users, Auth: true
 GET /users 200 in 331ms (next.js: 148ms, proxy.ts: 25ms, application-code: 158ms)
Failed to proxy http://localhost:8080/api/users AggregateError: 
    at ignore-listed frames {
  code: 'ECONNREFUSED',
  [errors]: [
    Error: connect ECONNREFUSED ::1:8080
        at <unknown> (Error: connect ECONNREFUSED ::1:8080) {
      errno: -61,
      code: 'ECONNREFUSED',
      syscall: 'connect',
      address: '::1',
      port: 8080
    },
    Error: connect ECONNREFUSED 127.0.0.1:8080
        at <unknown> (Error: connect ECONNREFUSED 127.0.0.1:8080) {
      errno: -61,
      code: 'ECONNREFUSED',
      syscall: 'connect',
      address: '127.0.0.1',
      port: 8080
    }
  ]
}
AggregateError: 
    at ignore-listed frames {
  code: 'ECONNREFUSED',
  [errors]: [
    Error: connect ECONNREFUSED ::1:8080
        at <unknown> (Error: connect ECONNREFUSED ::1:8080) {
      errno: -61,
      code: 'ECONNREFUSED',
      syscall: 'connect',
      address: '::1',
      port: 8080
    },
    Error: connect ECONNREFUSED 127.0.0.1:8080
        at <unknown> (Error: connect ECONNREFUSED 127.0.0.1:8080) {
      errno: -61,
      code: 'ECONNREFUSED',
      syscall: 'connect',
      address: '127.0.0.1',
      port: 8080
    }
  ]
}
[browser] [MyDBS] Erreur lors de la récupération des utilisateurs (ALL): AxiosError: Request failed with status code 500
    at async Object.getUsersByRole (lib/user-service.js:83:24)
  81 |     const path = role ? `/users?role=${role.toUpperCase()}` : '/users';
  82 |     try {
> 83 |       const response = await apiClient.get(path);
     |                        ^
  84 |       const data = response.data?.data || response.data || [];
  85 |       const list = data.content ? data.content : (Array.isArray(data) ? data : []);
  86 |        (lib/user-service.js:93:15)
[Proxy] Path: /academic, Auth: true
 GET /academic 200 in 301ms (next.js: 77ms, proxy.ts: 6ms, application-code: 217ms)
Failed to proxy http://localhost:8080/api/students AggregateError: 
    at ignore-listed frames {
  code: 'ECONNREFUSED',
  [errors]: [
    Error: connect ECONNREFUSED ::1:8080
        at <unknown> (Error: connect ECONNREFUSED ::1:8080) {
      errno: -61,
      code: 'ECONNREFUSED',
      syscall: 'connect',
      address: '::1',
      port: 8080
    },
    Error: connect ECONNREFUSED 127.0.0.1:8080
        at <unknown> (Error: connect ECONNREFUSED 127.0.0.1:8080) {
      errno: -61,
      code: 'ECONNREFUSED',
      syscall: 'connect',
      address: '127.0.0.1',
      port: 8080
    }
  ]
}
AggregateError: 
    at ignore-listed frames {
  code: 'ECONNREFUSED',
  [errors]: [
    Error: connect ECONNREFUSED ::1:8080
        at <unknown> (Error: connect ECONNREFUSED ::1:8080) {
      errno: -61,
      code: 'ECONNREFUSED',
      syscall: 'connect',
      address: '::1',
      port: 8080
    },
    Error: connect ECONNREFUSED 127.0.0.1:8080
        at <unknown> (Error: connect ECONNREFUSED 127.0.0.1:8080) {
      errno: -61,
      code: 'ECONNREFUSED',
      syscall: 'connect',
      address: '127.0.0.1',
      port: 8080
    }
  ]
}
Failed to proxy http://localhost:8080/api/academic-years AggregateError: 
    at ignore-listed frames {
  code: 'ECONNREFUSED',
  [errors]: [
    Error: connect ECONNREFUSED ::1:8080
        at <unknown> (Error: connect ECONNREFUSED ::1:8080) {
      errno: -61,
      code: 'ECONNREFUSED',
      syscall: 'connect',
      address: '::1',
      port: 8080
    },
    Error: connect ECONNREFUSED 127.0.0.1:8080
        at <unknown> (Error: connect ECONNREFUSED 127.0.0.1:8080) {
      errno: -61,
      code: 'ECONNREFUSED',
      syscall: 'connect',
      address: '127.0.0.1',
      port: 8080
    }
  ]
}
AggregateError: 
    at ignore-listed frames {
  code: 'ECONNREFUSED',
  [errors]: [
    Error: connect ECONNREFUSED ::1:8080
        at <unknown> (Error: connect ECONNREFUSED ::1:8080) {
      errno: -61,
      code: 'ECONNREFUSED',
      syscall: 'connect',
      address: '::1',
      port: 8080
    },
    Error: connect ECONNREFUSED 127.0.0.1:8080
        at <unknown> (Error: connect ECONNREFUSED 127.0.0.1:8080) {
      errno: -61,
      code: 'ECONNREFUSED',
      syscall: 'connect',
      address: '127.0.0.1',
      port: 8080
    }
  ]
}
Failed to proxy http://localhost:8080/api/programs AggregateError: 
    at ignore-listed frames {
  code: 'ECONNREFUSED',
  [errors]: [
    Error: connect ECONNREFUSED ::1:8080
        at <unknown> (Error: connect ECONNREFUSED ::1:8080) {
      errno: -61,
      code: 'ECONNREFUSED',
      syscall: 'connect',
      address: '::1',
      port: 8080
    },
    Error: connect ECONNREFUSED 127.0.0.1:8080
        at <unknown> (Error: connect ECONNREFUSED 127.0.0.1:8080) {
      errno: -61,
      code: 'ECONNREFUSED',
      syscall: 'connect',
      address: '127.0.0.1',
      port: 8080
    }
  ]
}
AggregateError: 
    at ignore-listed frames {
  code: 'ECONNREFUSED',
  [errors]: [
    Error: connect ECONNREFUSED ::1:8080
        at <unknown> (Error: connect ECONNREFUSED ::1:8080) {
      errno: -61,
      code: 'ECONNREFUSED',
      syscall: 'connect',
      address: '::1',
      port: 8080
    },
    Error: connect ECONNREFUSED 127.0.0.1:8080
        at <unknown> (Error: connect ECONNREFUSED 127.0.0.1:8080) {
      errno: -61,
      code: 'ECONNREFUSED',
      syscall: 'connect',
      address: '127.0.0.1',
      port: 8080
    }
  ]
}
Failed to proxy http://localhost:8080/api/users?role=STUDENT AggregateError: 
    at ignore-listed frames {
  code: 'ECONNREFUSED',
  [errors]: [
    Error: connect ECONNREFUSED ::1:8080
        at <unknown> (Error: connect ECONNREFUSED ::1:8080) {
      errno: -61,
      code: 'ECONNREFUSED',
      syscall: 'connect',
      address: '::1',
      port: 8080
    },
    Error: connect ECONNREFUSED 127.0.0.1:8080
        at <unknown> (Error: connect ECONNREFUSED 127.0.0.1:8080) {
      errno: -61,
      code: 'ECONNREFUSED',
      syscall: 'connect',
      address: '127.0.0.1',
      port: 8080
    }
  ]
}
AggregateError: 
    at ignore-listed frames {
  code: 'ECONNREFUSED',
  [errors]: [
    Error: connect ECONNREFUSED ::1:8080
        at <unknown> (Error: connect ECONNREFUSED ::1:8080) {
      errno: -61,
      code: 'ECONNREFUSED',
      syscall: 'connect',
      address: '::1',
      port: 8080
    },
    Error: connect ECONNREFUSED 127.0.0.1:8080
        at <unknown> (Error: connect ECONNREFUSED 127.0.0.1:8080) {
      errno: -61,
      code: 'ECONNREFUSED',
      syscall: 'connect',
      address: '127.0.0.1',
      port: 8080
    }
  ]
}
Failed to proxy http://localhost:8080/api/v1/admissions?status=VALIDATED AggregateError: 
    at ignore-listed frames {
  code: 'ECONNREFUSED',
  [errors]: [
    Error: connect ECONNREFUSED ::1:8080
        at <unknown> (Error: connect ECONNREFUSED ::1:8080) {
      errno: -61,
      code: 'ECONNREFUSED',
      syscall: 'connect',
      address: '::1',
      port: 8080
    },
    Error: connect ECONNREFUSED 127.0.0.1:8080
        at <unknown> (Error: connect ECONNREFUSED 127.0.0.1:8080) {
      errno: -61,
      code: 'ECONNREFUSED',
      syscall: 'connect',
      address: '127.0.0.1',
      port: 8080
    }
  ]
}
AggregateError: 
    at ignore-listed frames {
  code: 'ECONNREFUSED',
  [errors]: [
    Error: connect ECONNREFUSED ::1:8080
        at <unknown> (Error: connect ECONNREFUSED ::1:8080) {
      errno: -61,
      code: 'ECONNREFUSED',
      syscall: 'connect',
      address: '::1',
      port: 8080
    },
    Error: connect ECONNREFUSED 127.0.0.1:8080
        at <unknown> (Error: connect ECONNREFUSED 127.0.0.1:8080) {
      errno: -61,
      code: 'ECONNREFUSED',
      syscall: 'connect',
      address: '127.0.0.1',
      port: 8080
    }
  ]
}
Failed to proxy http://localhost:8080/api/v1/admissions?status=ENROLLED AggregateError: 
    at ignore-listed frames {
  code: 'ECONNREFUSED',
  [errors]: [
    Error: connect ECONNREFUSED ::1:8080
        at <unknown> (Error: connect ECONNREFUSED ::1:8080) {
      errno: -61,
      code: 'ECONNREFUSED',
      syscall: 'connect',
      address: '::1',
      port: 8080
    },
    Error: connect ECONNREFUSED 127.0.0.1:8080
        at <unknown> (Error: connect ECONNREFUSED 127.0.0.1:8080) {
      errno: -61,
      code: 'ECONNREFUSED',
      syscall: 'connect',
      address: '127.0.0.1',
      port: 8080
    }
  ]
}
AggregateError: 
    at ignore-listed frames {
  code: 'ECONNREFUSED',
  [errors]: [
    Error: connect ECONNREFUSED ::1:8080
        at <unknown> (Error: connect ECONNREFUSED ::1:8080) {
      errno: -61,
      code: 'ECONNREFUSED',
      syscall: 'connect',
      address: '::1',
      port: 8080
    },
    Error: connect ECONNREFUSED 127.0.0.1:8080
        at <unknown> (Error: connect ECONNREFUSED 127.0.0.1:8080) {
      errno: -61,
      code: 'ECONNREFUSED',
      syscall: 'connect',
      address: '127.0.0.1',
      port: 8080
    }
  ]
}
Failed to proxy http://localhost:8080/api/academic-years AggregateError: 
    at ignore-listed frames {
  code: 'ECONNREFUSED',
  [errors]: [
    Error: connect ECONNREFUSED ::1:8080
        at <unknown> (Error: connect ECONNREFUSED ::1:8080) {
      errno: -61,
      code: 'ECONNREFUSED',
      syscall: 'connect',
      address: '::1',
      port: 8080
    },
    Error: connect ECONNREFUSED 127.0.0.1:8080
        at <unknown> (Error: connect ECONNREFUSED 127.0.0.1:8080) {
      errno: -61,
      code: 'ECONNREFUSED',
      syscall: 'connect',
      address: '127.0.0.1',
      port: 8080
    }
  ]
}
AggregateError: 
    at ignore-listed frames {
  code: 'ECONNREFUSED',
  [errors]: [
    Error: connect ECONNREFUSED ::1:8080
        at <unknown> (Error: connect ECONNREFUSED ::1:8080) {
      errno: -61,
      code: 'ECONNREFUSED',
      syscall: 'connect',
      address: '::1',
      port: 8080
    },
    Error: connect ECONNREFUSED 127.0.0.1:8080
        at <unknown> (Error: connect ECONNREFUSED 127.0.0.1:8080) {
      errno: -61,
      code: 'ECONNREFUSED',
      syscall: 'connect',
      address: '127.0.0.1',
      port: 8080
    }
  ]
}
Failed to proxy http://localhost:8080/api/programs AggregateError: 
    at ignore-listed frames {
  code: 'ECONNREFUSED',
  [errors]: [
    Error: connect ECONNREFUSED ::1:8080
        at <unknown> (Error: connect ECONNREFUSED ::1:8080) {
      errno: -61,
      code: 'ECONNREFUSED',
      syscall: 'connect',
      address: '::1',
      port: 8080
    },
    Error: connect ECONNREFUSED 127.0.0.1:8080
        at <unknown> (Error: connect ECONNREFUSED 127.0.0.1:8080) {
      errno: -61,
      code: 'ECONNREFUSED',
      syscall: 'connect',
      address: '127.0.0.1',
      port: 8080
    }
  ]
}
AggregateError: 
    at ignore-listed frames {
  code: 'ECONNREFUSED',
  [errors]: [
    Error: connect ECONNREFUSED ::1:8080
        at <unknown> (Error: connect ECONNREFUSED ::1:8080) {
      errno: -61,
      code: 'ECONNREFUSED',
      syscall: 'connect',
      address: '::1',
      port: 8080
    },
    Error: connect ECONNREFUSED 127.0.0.1:8080
        at <unknown> (Error: connect ECONNREFUSED 127.0.0.1:8080) {
      errno: -61,
      code: 'ECONNREFUSED',
      syscall: 'connect',
      address: '127.0.0.1',
      port: 8080
    }
  ]
}
[Proxy] Path: /lms, Auth: true
 GET /lms 200 in 105ms (next.js: 52ms, proxy.ts: 8ms, application-code: 45ms)
Failed to proxy http://localhost:8080/api/users/1 AggregateError: 
    at ignore-listed frames {
  code: 'ECONNREFUSED',
  [errors]: [
    Error: connect ECONNREFUSED ::1:8080
        at <unknown> (Error: connect ECONNREFUSED ::1:8080) {
      errno: -61,
      code: 'ECONNREFUSED',
      syscall: 'connect',
      address: '::1',
      port: 8080
    },
    Error: connect ECONNREFUSED 127.0.0.1:8080
        at <unknown> (Error: connect ECONNREFUSED 127.0.0.1:8080) {
      errno: -61,
      code: 'ECONNREFUSED',
      syscall: 'connect',
      address: '127.0.0.1',
      port: 8080
    }
  ]
}
AggregateError: 
    at ignore-listed frames {
  code: 'ECONNREFUSED',
  [errors]: [
    Error: connect ECONNREFUSED ::1:8080
        at <unknown> (Error: connect ECONNREFUSED ::1:8080) {
      errno: -61,
      code: 'ECONNREFUSED',
      syscall: 'connect',
      address: '::1',
      port: 8080
    },
    Error: connect ECONNREFUSED 127.0.0.1:8080
        at <unknown> (Error: connect ECONNREFUSED 127.0.0.1:8080) {
      errno: -61,
      code: 'ECONNREFUSED',
      syscall: 'connect',
      address: '127.0.0.1',
      port: 8080
    }
  ]
}
Failed to proxy http://localhost:8080/api/courses AggregateError: 
    at ignore-listed frames {
  code: 'ECONNREFUSED',
  [errors]: [
    Error: connect ECONNREFUSED ::1:8080
        at <unknown> (Error: connect ECONNREFUSED ::1:8080) {
      errno: -61,
      code: 'ECONNREFUSED',
      syscall: 'connect',
      address: '::1',
      port: 8080
    },
    Error: connect ECONNREFUSED 127.0.0.1:8080
        at <unknown> (Error: connect ECONNREFUSED 127.0.0.1:8080) {
      errno: -61,
      code: 'ECONNREFUSED',
      syscall: 'connect',
      address: '127.0.0.1',
      port: 8080
    }
  ]
}
AggregateError: 
    at ignore-listed frames {
  code: 'ECONNREFUSED',
  [errors]: [
    Error: connect ECONNREFUSED ::1:8080
        at <unknown> (Error: connect ECONNREFUSED ::1:8080) {
      errno: -61,
      code: 'ECONNREFUSED',
      syscall: 'connect',
      address: '::1',
      port: 8080
    },
    Error: connect ECONNREFUSED 127.0.0.1:8080
        at <unknown> (Error: connect ECONNREFUSED 127.0.0.1:8080) {
      errno: -61,
      code: 'ECONNREFUSED',
      syscall: 'connect',
      address: '127.0.0.1',
      port: 8080
    }
  ]
}
Failed to proxy http://localhost:8080/api/users/1 AggregateError: 
    at ignore-listed frames {
  code: 'ECONNREFUSED',
  [errors]: [
    Error: connect ECONNREFUSED ::1:8080
        at <unknown> (Error: connect ECONNREFUSED ::1:8080) {
      errno: -61,
      code: 'ECONNREFUSED',
      syscall: 'connect',
      address: '::1',
      port: 8080
    },
    Error: connect ECONNREFUSED 127.0.0.1:8080
        at <unknown> (Error: connect ECONNREFUSED 127.0.0.1:8080) {
      errno: -61,
      code: 'ECONNREFUSED',
      syscall: 'connect',
      address: '127.0.0.1',
      port: 8080
    }
  ]
}
AggregateError: 
    at ignore-listed frames {
  code: 'ECONNREFUSED',
  [errors]: [
    Error: connect ECONNREFUSED ::1:8080
        at <unknown> (Error: connect ECONNREFUSED ::1:8080) {
      errno: -61,
      code: 'ECONNREFUSED',
      syscall: 'connect',
      address: '::1',
      port: 8080
    },
    Error: connect ECONNREFUSED 127.0.0.1:8080
        at <unknown> (Error: connect ECONNREFUSED 127.0.0.1:8080) {
      errno: -61,
      code: 'ECONNREFUSED',
      syscall: 'connect',
      address: '127.0.0.1',
      port: 8080
    }
  ]
}
[browser] [MyDBS] Refresh error: SyntaxError: Unexpected token 'I', "Internal S"... is not valid JSON
SyntaxError: Unexpected token 'I', "Internal S"... is not valid JSON (hooks/use-auth-hook.js:107:15)
[browser] [MyDBS] Refresh error: SyntaxError: Unexpected token 'I', "Internal S"... is not valid JSON
SyntaxError: Unexpected token 'I', "Internal S"... is not valid JSON (hooks/use-auth-hook.js:107:15)
Failed to proxy http://localhost:8080/api/courses AggregateError: 
    at ignore-listed frames {
  code: 'ECONNREFUSED',
  [errors]: [
    Error: connect ECONNREFUSED ::1:8080
        at <unknown> (Error: connect ECONNREFUSED ::1:8080) {
      errno: -61,
      code: 'ECONNREFUSED',
      syscall: 'connect',
      address: '::1',
      port: 8080
    },
    Error: connect ECONNREFUSED 127.0.0.1:8080
        at <unknown> (Error: connect ECONNREFUSED 127.0.0.1:8080) {
      errno: -61,
      code: 'ECONNREFUSED',
      syscall: 'connect',
      address: '127.0.0.1',
      port: 8080
    }
  ]
}
AggregateError: 
    at ignore-listed frames {
  code: 'ECONNREFUSED',
  [errors]: [
    Error: connect ECONNREFUSED ::1:8080
        at <unknown> (Error: connect ECONNREFUSED ::1:8080) {
      errno: -61,
      code: 'ECONNREFUSED',
      syscall: 'connect',
      address: '::1',
      port: 8080
    },
    Error: connect ECONNREFUSED 127.0.0.1:8080
        at <unknown> (Error: connect ECONNREFUSED 127.0.0.1:8080) {
      errno: -61,
      code: 'ECONNREFUSED',
      syscall: 'connect',
      address: '127.0.0.1',
      port: 8080
    }
  ]
}
Failed to proxy http://localhost:8080/api/users/1 AggregateError: 
    at ignore-listed frames {
  code: 'ECONNREFUSED',
  [errors]: [
    Error: connect ECONNREFUSED ::1:8080
        at <unknown> (Error: connect ECONNREFUSED ::1:8080) {
      errno: -61,
      code: 'ECONNREFUSED',
      syscall: 'connect',
      address: '::1',
      port: 8080
    },
    Error: connect ECONNREFUSED 127.0.0.1:8080
        at <unknown> (Error: connect ECONNREFUSED 127.0.0.1:8080) {
      errno: -61,
      code: 'ECONNREFUSED',
      syscall: 'connect',
      address: '127.0.0.1',
      port: 8080
    }
  ]
}
AggregateError: 
    at ignore-listed frames {
  code: 'ECONNREFUSED',
  [errors]: [
    Error: connect ECONNREFUSED ::1:8080
        at <unknown> (Error: connect ECONNREFUSED ::1:8080) {
      errno: -61,
      code: 'ECONNREFUSED',
      syscall: 'connect',
      address: '::1',
      port: 8080
    },
    Error: connect ECONNREFUSED 127.0.0.1:8080
        at <unknown> (Error: connect ECONNREFUSED 127.0.0.1:8080) {
      errno: -61,
      code: 'ECONNREFUSED',
      syscall: 'connect',
      address: '127.0.0.1',
      port: 8080
    }
  ]
}
Failed to proxy http://localhost:8080/api/users/1 AggregateError: 
    at ignore-listed frames {
  code: 'ECONNREFUSED',
  [errors]: [
    Error: connect ECONNREFUSED ::1:8080
        at <unknown> (Error: connect ECONNREFUSED ::1:8080) {
      errno: -61,
      code: 'ECONNREFUSED',
      syscall: 'connect',
      address: '::1',
      port: 8080
    },
    Error: connect ECONNREFUSED 127.0.0.1:8080
        at <unknown> (Error: connect ECONNREFUSED 127.0.0.1:8080) {
      errno: -61,
      code: 'ECONNREFUSED',
      syscall: 'connect',
      address: '127.0.0.1',
      port: 8080
    }
  ]
}
AggregateError: 
    at ignore-listed frames {
  code: 'ECONNREFUSED',
  [errors]: [
    Error: connect ECONNREFUSED ::1:8080
        at <unknown> (Error: connect ECONNREFUSED ::1:8080) {
      errno: -61,
      code: 'ECONNREFUSED',
      syscall: 'connect',
      address: '::1',
      port: 8080
    },
    Error: connect ECONNREFUSED 127.0.0.1:8080
        at <unknown> (Error: connect ECONNREFUSED 127.0.0.1:8080) {
      errno: -61,
      code: 'ECONNREFUSED',
      syscall: 'connect',
      address: '127.0.0.1',
      port: 8080
    }
  ]
}
[browser] [MyDBS] Refresh error: SyntaxError: Unexpected token 'I', "Internal S"... is not valid JSON
SyntaxError: Unexpected token 'I', "Internal S"... is not valid JSON (hooks/use-auth-hook.js:107:15)
[browser] [MyDBS] Refresh error: SyntaxError: Unexpected token 'I', "Internal S"... is not valid JSON
SyntaxError: Unexpected token 'I', "Internal S"... is not valid JSON (hooks/use-auth-hook.js:107:15)
Failed to proxy http://localhost:8080/api/courses AggregateError: 
    at ignore-listed frames {
  code: 'ECONNREFUSED',
  [errors]: [
    Error: connect ECONNREFUSED ::1:8080
        at <unknown> (Error: connect ECONNREFUSED ::1:8080) {
      errno: -61,
      code: 'ECONNREFUSED',
      syscall: 'connect',
      address: '::1',
      port: 8080
    },
    Error: connect ECONNREFUSED 127.0.0.1:8080
        at <unknown> (Error: connect ECONNREFUSED 127.0.0.1:8080) {
      errno: -61,
      code: 'ECONNREFUSED',
      syscall: 'connect',
      address: '127.0.0.1',
      port: 8080
    }
  ]
}
AggregateError: 
    at ignore-listed frames {
  code: 'ECONNREFUSED',
  [errors]: [
    Error: connect ECONNREFUSED ::1:8080
        at <unknown> (Error: connect ECONNREFUSED ::1:8080) {
      errno: -61,
      code: 'ECONNREFUSED',
      syscall: 'connect',
      address: '::1',
      port: 8080
    },
    Error: connect ECONNREFUSED 127.0.0.1:8080
        at <unknown> (Error: connect ECONNREFUSED 127.0.0.1:8080) {
      errno: -61,
      code: 'ECONNREFUSED',
      syscall: 'connect',
      address: '127.0.0.1',
      port: 8080
    }
  ]
}
Failed to proxy http://localhost:8080/api/courses AggregateError: 
    at ignore-listed frames {
  code: 'ECONNREFUSED',
  [errors]: [
    Error: connect ECONNREFUSED ::1:8080
        at <unknown> (Error: connect ECONNREFUSED ::1:8080) {
      errno: -61,
      code: 'ECONNREFUSED',
      syscall: 'connect',
      address: '::1',
      port: 8080
    },
    Error: connect ECONNREFUSED 127.0.0.1:8080
        at <unknown> (Error: connect ECONNREFUSED 127.0.0.1:8080) {
      errno: -61,
      code: 'ECONNREFUSED',
      syscall: 'connect',
      address: '127.0.0.1',
      port: 8080
    }
  ]
}
AggregateError: 
    at ignore-listed frames {
  code: 'ECONNREFUSED',
  [errors]: [
    Error: connect ECONNREFUSED ::1:8080
        at <unknown> (Error: connect ECONNREFUSED ::1:8080) {
      errno: -61,
      code: 'ECONNREFUSED',
      syscall: 'connect',
      address: '::1',
      port: 8080
    },
    Error: connect ECONNREFUSED 127.0.0.1:8080
        at <unknown> (Error: connect ECONNREFUSED 127.0.0.1:8080) {
      errno: -61,
      code: 'ECONNREFUSED',
      syscall: 'connect',
      address: '127.0.0.1',
      port: 8080
    }
  ]
}
Failed to proxy http://localhost:8080/api/users/1 AggregateError: 
    at ignore-listed frames {
  code: 'ECONNREFUSED',
  [errors]: [
    Error: connect ECONNREFUSED ::1:8080
        at <unknown> (Error: connect ECONNREFUSED ::1:8080) {
      errno: -61,
      code: 'ECONNREFUSED',
      syscall: 'connect',
      address: '::1',
      port: 8080
    },
    Error: connect ECONNREFUSED 127.0.0.1:8080
        at <unknown> (Error: connect ECONNREFUSED 127.0.0.1:8080) {
      errno: -61,
      code: 'ECONNREFUSED',
      syscall: 'connect',
      address: '127.0.0.1',
      port: 8080
    }
  ]
}
AggregateError: 
    at ignore-listed frames {
  code: 'ECONNREFUSED',
  [errors]: [
    Error: connect ECONNREFUSED ::1:8080
        at <unknown> (Error: connect ECONNREFUSED ::1:8080) {
      errno: -61,
      code: 'ECONNREFUSED',
      syscall: 'connect',
      address: '::1',
      port: 8080
    },
    Error: connect ECONNREFUSED 127.0.0.1:8080
        at <unknown> (Error: connect ECONNREFUSED 127.0.0.1:8080) {
      errno: -61,
      code: 'ECONNREFUSED',
      syscall: 'connect',
      address: '127.0.0.1',
      port: 8080
    }
  ]
}
Failed to proxy http://localhost:8080/api/users/1 AggregateError: 
    at ignore-listed frames {
  code: 'ECONNREFUSED',
  [errors]: [
    Error: connect ECONNREFUSED ::1:8080
        at <unknown> (Error: connect ECONNREFUSED ::1:8080) {
      errno: -61,
      code: 'ECONNREFUSED',
      syscall: 'connect',
      address: '::1',
      port: 8080
    },
    Error: connect ECONNREFUSED 127.0.0.1:8080
        at <unknown> (Error: connect ECONNREFUSED 127.0.0.1:8080) {
      errno: -61,
      code: 'ECONNREFUSED',
      syscall: 'connect',
      address: '127.0.0.1',
      port: 8080
    }
  ]
}
AggregateError: 
    at ignore-listed frames {
  code: 'ECONNREFUSED',
  [errors]: [
    Error: connect ECONNREFUSED ::1:8080
        at <unknown> (Error: connect ECONNREFUSED ::1:8080) {
      errno: -61,
      code: 'ECONNREFUSED',
      syscall: 'connect',
      address: '::1',
      port: 8080
    },
    Error: connect ECONNREFUSED 127.0.0.1:8080
        at <unknown> (Error: connect ECONNREFUSED 127.0.0.1:8080) {
      errno: -61,
      code: 'ECONNREFUSED',
      syscall: 'connect',
      address: '127.0.0.1',
      port: 8080
    }
  ]
}
[browser] [MyDBS] Refresh error: SyntaxError: Unexpected token 'I', "Internal S"... is not valid JSON
SyntaxError: Unexpected token 'I', "Internal S"... is not valid JSON (hooks/use-auth-hook.js:107:15)
[browser] [MyDBS] Refresh error: SyntaxError: Unexpected token 'I', "Internal S"... is not valid JSON
SyntaxError: Unexpected token 'I', "Internal S"... is not valid JSON (hooks/use-auth-hook.js:107:15)
Failed to proxy http://localhost:8080/api/v1/documents/owner/2 AggregateError: 
    at ignore-listed frames {
  code: 'ECONNREFUSED',
  [errors]: [
    Error: connect ECONNREFUSED ::1:8080
        at <unknown> (Error: connect ECONNREFUSED ::1:8080) {
      errno: -61,
      code: 'ECONNREFUSED',
      syscall: 'connect',
      address: '::1',
      port: 8080
    },
    Error: connect ECONNREFUSED 127.0.0.1:8080
        at <unknown> (Error: connect ECONNREFUSED 127.0.0.1:8080) {
      errno: -61,
      code: 'ECONNREFUSED',
      syscall: 'connect',
      address: '127.0.0.1',
      port: 8080
    }
  ]
}
AggregateError: 
    at ignore-listed frames {
  code: 'ECONNREFUSED',
  [errors]: [
    Error: connect ECONNREFUSED ::1:8080
        at <unknown> (Error: connect ECONNREFUSED ::1:8080) {
      errno: -61,
      code: 'ECONNREFUSED',
      syscall: 'connect',
      address: '::1',
      port: 8080
    },
    Error: connect ECONNREFUSED 127.0.0.1:8080
        at <unknown> (Error: connect ECONNREFUSED 127.0.0.1:8080) {
      errno: -61,
      code: 'ECONNREFUSED',
      syscall: 'connect',
      address: '127.0.0.1',
      port: 8080
    }
  ]
}
Failed to proxy http://localhost:8080/api/v1/documents/owner/2 AggregateError: 
    at ignore-listed frames {
  code: 'ECONNREFUSED',
  [errors]: [
    Error: connect ECONNREFUSED ::1:8080
        at <unknown> (Error: connect ECONNREFUSED ::1:8080) {
      errno: -61,
      code: 'ECONNREFUSED',
      syscall: 'connect',
      address: '::1',
      port: 8080
    },
    Error: connect ECONNREFUSED 127.0.0.1:8080
        at <unknown> (Error: connect ECONNREFUSED 127.0.0.1:8080) {
      errno: -61,
      code: 'ECONNREFUSED',
      syscall: 'connect',
      address: '127.0.0.1',
      port: 8080
    }
  ]
}
AggregateError: 
    at ignore-listed frames {
  code: 'ECONNREFUSED',
  [errors]: [
    Error: connect ECONNREFUSED ::1:8080
        at <unknown> (Error: connect ECONNREFUSED ::1:8080) {
      errno: -61,
      code: 'ECONNREFUSED',
      syscall: 'connect',
      address: '::1',
      port: 8080
    },
    Error: connect ECONNREFUSED 127.0.0.1:8080
        at <unknown> (Error: connect ECONNREFUSED 127.0.0.1:8080) {
      errno: -61,
      code: 'ECONNREFUSED',
      syscall: 'connect',
      address: '127.0.0.1',
      port: 8080
    }
  ]
}
[Proxy] Path: /students, Auth: true
 GET /students 200 in 185ms (next.js: 72ms, proxy.ts: 6ms, application-code: 107ms)
Failed to proxy http://localhost:8080/api/users/1 AggregateError: 
    at ignore-listed frames {
  code: 'ECONNREFUSED',
  [errors]: [
    Error: connect ECONNREFUSED ::1:8080
        at <unknown> (Error: connect ECONNREFUSED ::1:8080) {
      errno: -61,
      code: 'ECONNREFUSED',
      syscall: 'connect',
      address: '::1',
      port: 8080
    },
    Error: connect ECONNREFUSED 127.0.0.1:8080
        at <unknown> (Error: connect ECONNREFUSED 127.0.0.1:8080) {
      errno: -61,
      code: 'ECONNREFUSED',
      syscall: 'connect',
      address: '127.0.0.1',
      port: 8080
    }
  ]
}
AggregateError: 
    at ignore-listed frames {
  code: 'ECONNREFUSED',
  [errors]: [
    Error: connect ECONNREFUSED ::1:8080
        at <unknown> (Error: connect ECONNREFUSED ::1:8080) {
      errno: -61,
      code: 'ECONNREFUSED',
      syscall: 'connect',
      address: '::1',
      port: 8080
    },
    Error: connect ECONNREFUSED 127.0.0.1:8080
        at <unknown> (Error: connect ECONNREFUSED 127.0.0.1:8080) {
      errno: -61,
      code: 'ECONNREFUSED',
      syscall: 'connect',
      address: '127.0.0.1',
      port: 8080
    }
  ]
}
Failed to proxy http://localhost:8080/api/students AggregateError: 
    at ignore-listed frames {
  code: 'ECONNREFUSED',
  [errors]: [
    Error: connect ECONNREFUSED ::1:8080
        at <unknown> (Error: connect ECONNREFUSED ::1:8080) {
      errno: -61,
      code: 'ECONNREFUSED',
      syscall: 'connect',
      address: '::1',
      port: 8080
    },
    Error: connect ECONNREFUSED 127.0.0.1:8080
        at <unknown> (Error: connect ECONNREFUSED 127.0.0.1:8080) {
      errno: -61,
      code: 'ECONNREFUSED',
      syscall: 'connect',
      address: '127.0.0.1',
      port: 8080
    }
  ]
}
AggregateError: 
    at ignore-listed frames {
  code: 'ECONNREFUSED',
  [errors]: [
    Error: connect ECONNREFUSED ::1:8080
        at <unknown> (Error: connect ECONNREFUSED ::1:8080) {
      errno: -61,
      code: 'ECONNREFUSED',
      syscall: 'connect',
      address: '::1',
      port: 8080
    },
    Error: connect ECONNREFUSED 127.0.0.1:8080
        at <unknown> (Error: connect ECONNREFUSED 127.0.0.1:8080) {
      errno: -61,
      code: 'ECONNREFUSED',
      syscall: 'connect',
      address: '127.0.0.1',
      port: 8080
    }
  ]
}
Failed to proxy http://localhost:8080/api/users/1 AggregateError: 
    at ignore-listed frames {
  code: 'ECONNREFUSED',
  [errors]: [
    Error: connect ECONNREFUSED ::1:8080
        at <unknown> (Error: connect ECONNREFUSED ::1:8080) {
      errno: -61,
      code: 'ECONNREFUSED',
      syscall: 'connect',
      address: '::1',
      port: 8080
    },
    Error: connect ECONNREFUSED 127.0.0.1:8080
        at <unknown> (Error: connect ECONNREFUSED 127.0.0.1:8080) {
      errno: -61,
      code: 'ECONNREFUSED',
      syscall: 'connect',
      address: '127.0.0.1',
      port: 8080
    }
  ]
}
AggregateError: 
    at ignore-listed frames {
  code: 'ECONNREFUSED',
  [errors]: [
    Error: connect ECONNREFUSED ::1:8080
        at <unknown> (Error: connect ECONNREFUSED ::1:8080) {
      errno: -61,
      code: 'ECONNREFUSED',
      syscall: 'connect',
      address: '::1',
      port: 8080
    },
    Error: connect ECONNREFUSED 127.0.0.1:8080
        at <unknown> (Error: connect ECONNREFUSED 127.0.0.1:8080) {
      errno: -61,
      code: 'ECONNREFUSED',
      syscall: 'connect',
      address: '127.0.0.1',
      port: 8080
    }
  ]
}
[browser] [MyDBS] Refresh error: SyntaxError: Unexpected token 'I', "Internal S"... is not valid JSON
SyntaxError: Unexpected token 'I', "Internal S"... is not valid JSON (hooks/use-auth-hook.js:107:15)
Failed to proxy http://localhost:8080/api/users?role=STUDENT AggregateError: 
    at ignore-listed frames {
  code: 'ECONNREFUSED',
  [errors]: [
    Error: connect ECONNREFUSED ::1:8080
        at <unknown> (Error: connect ECONNREFUSED ::1:8080) {
      errno: -61,
      code: 'ECONNREFUSED',
      syscall: 'connect',
      address: '::1',
      port: 8080
    },
    Error: connect ECONNREFUSED 127.0.0.1:8080
        at <unknown> (Error: connect ECONNREFUSED 127.0.0.1:8080) {
      errno: -61,
      code: 'ECONNREFUSED',
      syscall: 'connect',
      address: '127.0.0.1',
      port: 8080
    }
  ]
}
AggregateError: 
    at ignore-listed frames {
  code: 'ECONNREFUSED',
  [errors]: [
    Error: connect ECONNREFUSED ::1:8080
        at <unknown> (Error: connect ECONNREFUSED ::1:8080) {
      errno: -61,
      code: 'ECONNREFUSED',
      syscall: 'connect',
      address: '::1',
      port: 8080
    },
    Error: connect ECONNREFUSED 127.0.0.1:8080
        at <unknown> (Error: connect ECONNREFUSED 127.0.0.1:8080) {
      errno: -61,
      code: 'ECONNREFUSED',
      syscall: 'connect',
      address: '127.0.0.1',
      port: 8080
    }
  ]
}
Failed to proxy http://localhost:8080/api/v1/admissions?status=VALIDATED AggregateError: 
    at ignore-listed frames {
  code: 'ECONNREFUSED',
  [errors]: [
    Error: connect ECONNREFUSED ::1:8080
        at <unknown> (Error: connect ECONNREFUSED ::1:8080) {
      errno: -61,
      code: 'ECONNREFUSED',
      syscall: 'connect',
      address: '::1',
      port: 8080
    },
    Error: connect ECONNREFUSED 127.0.0.1:8080
        at <unknown> (Error: connect ECONNREFUSED 127.0.0.1:8080) {
      errno: -61,
      code: 'ECONNREFUSED',
      syscall: 'connect',
      address: '127.0.0.1',
      port: 8080
    }
  ]
}
AggregateError: 
    at ignore-listed frames {
  code: 'ECONNREFUSED',
  [errors]: [
    Error: connect ECONNREFUSED ::1:8080
        at <unknown> (Error: connect ECONNREFUSED ::1:8080) {
      errno: -61,
      code: 'ECONNREFUSED',
      syscall: 'connect',
      address: '::1',
      port: 8080
    },
    Error: connect ECONNREFUSED 127.0.0.1:8080
        at <unknown> (Error: connect ECONNREFUSED 127.0.0.1:8080) {
      errno: -61,
      code: 'ECONNREFUSED',
      syscall: 'connect',
      address: '127.0.0.1',
      port: 8080
    }
  ]
}
[browser] [MyDBS] Refresh error: SyntaxError: Unexpected token 'I', "Internal S"... is not valid JSON
SyntaxError: Unexpected token 'I', "Internal S"... is not valid JSON (hooks/use-auth-hook.js:107:15)
Failed to proxy http://localhost:8080/api/v1/admissions?status=ENROLLED AggregateError: 
    at ignore-listed frames {
  code: 'ECONNREFUSED',
  [errors]: [
    Error: connect ECONNREFUSED ::1:8080
        at <unknown> (Error: connect ECONNREFUSED ::1:8080) {
      errno: -61,
      code: 'ECONNREFUSED',
      syscall: 'connect',
      address: '::1',
      port: 8080
    },
    Error: connect ECONNREFUSED 127.0.0.1:8080
        at <unknown> (Error: connect ECONNREFUSED 127.0.0.1:8080) {
      errno: -61,
      code: 'ECONNREFUSED',
      syscall: 'connect',
      address: '127.0.0.1',
      port: 8080
    }
  ]
}
AggregateError: 
    at ignore-listed frames {
  code: 'ECONNREFUSED',
  [errors]: [
    Error: connect ECONNREFUSED ::1:8080
        at <unknown> (Error: connect ECONNREFUSED ::1:8080) {
      errno: -61,
      code: 'ECONNREFUSED',
      syscall: 'connect',
      address: '::1',
      port: 8080
    },
    Error: connect ECONNREFUSED 127.0.0.1:8080
        at <unknown> (Error: connect ECONNREFUSED 127.0.0.1:8080) {
      errno: -61,
      code: 'ECONNREFUSED',
      syscall: 'connect',
      address: '127.0.0.1',
      port: 8080
    }
  ]
}
[Proxy] Path: /teachers, Auth: true
 GET /teachers 200 in 144ms (next.js: 57ms, proxy.ts: 6ms, application-code: 81ms)
Failed to proxy http://localhost:8080/api/users/1 AggregateError: 
    at ignore-listed frames {
  code: 'ECONNREFUSED',
  [errors]: [
    Error: connect ECONNREFUSED ::1:8080
        at <unknown> (Error: connect ECONNREFUSED ::1:8080) {
      errno: -61,
      code: 'ECONNREFUSED',
      syscall: 'connect',
      address: '::1',
      port: 8080
    },
    Error: connect ECONNREFUSED 127.0.0.1:8080
        at <unknown> (Error: connect ECONNREFUSED 127.0.0.1:8080) {
      errno: -61,
      code: 'ECONNREFUSED',
      syscall: 'connect',
      address: '127.0.0.1',
      port: 8080
    }
  ]
}
AggregateError: 
    at ignore-listed frames {
  code: 'ECONNREFUSED',
  [errors]: [
    Error: connect ECONNREFUSED ::1:8080
        at <unknown> (Error: connect ECONNREFUSED ::1:8080) {
      errno: -61,
      code: 'ECONNREFUSED',
      syscall: 'connect',
      address: '::1',
      port: 8080
    },
    Error: connect ECONNREFUSED 127.0.0.1:8080
        at <unknown> (Error: connect ECONNREFUSED 127.0.0.1:8080) {
      errno: -61,
      code: 'ECONNREFUSED',
      syscall: 'connect',
      address: '127.0.0.1',
      port: 8080
    }
  ]
}
Failed to proxy http://localhost:8080/api/teachers AggregateError: 
    at ignore-listed frames {
  code: 'ECONNREFUSED',
  [errors]: [
    Error: connect ECONNREFUSED ::1:8080
        at <unknown> (Error: connect ECONNREFUSED ::1:8080) {
      errno: -61,
      code: 'ECONNREFUSED',
      syscall: 'connect',
      address: '::1',
      port: 8080
    },
    Error: connect ECONNREFUSED 127.0.0.1:8080
        at <unknown> (Error: connect ECONNREFUSED 127.0.0.1:8080) {
      errno: -61,
      code: 'ECONNREFUSED',
      syscall: 'connect',
      address: '127.0.0.1',
      port: 8080
    }
  ]
}
AggregateError: 
    at ignore-listed frames {
  code: 'ECONNREFUSED',
  [errors]: [
    Error: connect ECONNREFUSED ::1:8080
        at <unknown> (Error: connect ECONNREFUSED ::1:8080) {
      errno: -61,
      code: 'ECONNREFUSED',
      syscall: 'connect',
      address: '::1',
      port: 8080
    },
    Error: connect ECONNREFUSED 127.0.0.1:8080
        at <unknown> (Error: connect ECONNREFUSED 127.0.0.1:8080) {
      errno: -61,
      code: 'ECONNREFUSED',
      syscall: 'connect',
      address: '127.0.0.1',
      port: 8080
    }
  ]
}
Failed to proxy http://localhost:8080/api/users/1 AggregateError: 
    at ignore-listed frames {
  code: 'ECONNREFUSED',
  [errors]: [
    Error: connect ECONNREFUSED ::1:8080
        at <unknown> (Error: connect ECONNREFUSED ::1:8080) {
      errno: -61,
      code: 'ECONNREFUSED',
      syscall: 'connect',
      address: '::1',
      port: 8080
    },
    Error: connect ECONNREFUSED 127.0.0.1:8080
        at <unknown> (Error: connect ECONNREFUSED 127.0.0.1:8080) {
      errno: -61,
      code: 'ECONNREFUSED',
      syscall: 'connect',
      address: '127.0.0.1',
      port: 8080
    }
  ]
}
AggregateError: 
    at ignore-listed frames {
  code: 'ECONNREFUSED',
  [errors]: [
    Error: connect ECONNREFUSED ::1:8080
        at <unknown> (Error: connect ECONNREFUSED ::1:8080) {
      errno: -61,
      code: 'ECONNREFUSED',
      syscall: 'connect',
      address: '::1',
      port: 8080
    },
    Error: connect ECONNREFUSED 127.0.0.1:8080
        at <unknown> (Error: connect ECONNREFUSED 127.0.0.1:8080) {
      errno: -61,
      code: 'ECONNREFUSED',
      syscall: 'connect',
      address: '127.0.0.1',
      port: 8080
    }
  ]
}
[browser] [MyDBS] Refresh error: SyntaxError: Unexpected token 'I', "Internal S"... is not valid JSON
SyntaxError: Unexpected token 'I', "Internal S"... is not valid JSON (hooks/use-auth-hook.js:107:15)
[browser] [MyDBS] Refresh error: SyntaxError: Unexpected token 'I', "Internal S"... is not valid JSON
SyntaxError: Unexpected token 'I', "Internal S"... is not valid JSON (hooks/use-auth-hook.js:107:15)
Failed to proxy http://localhost:8080/api/users?role=TEACHER AggregateError: 
    at ignore-listed frames {
  code: 'ECONNREFUSED',
  [errors]: [
    Error: connect ECONNREFUSED ::1:8080
        at <unknown> (Error: connect ECONNREFUSED ::1:8080) {
      errno: -61,
      code: 'ECONNREFUSED',
      syscall: 'connect',
      address: '::1',
      port: 8080
    },
    Error: connect ECONNREFUSED 127.0.0.1:8080
        at <unknown> (Error: connect ECONNREFUSED 127.0.0.1:8080) {
      errno: -61,
      code: 'ECONNREFUSED',
      syscall: 'connect',
      address: '127.0.0.1',
      port: 8080
    }
  ]
}
AggregateError: 
    at ignore-listed frames {
  code: 'ECONNREFUSED',
  [errors]: [
    Error: connect ECONNREFUSED ::1:8080
        at <unknown> (Error: connect ECONNREFUSED ::1:8080) {
      errno: -61,
      code: 'ECONNREFUSED',
      syscall: 'connect',
      address: '::1',
      port: 8080
    },
    Error: connect ECONNREFUSED 127.0.0.1:8080
        at <unknown> (Error: connect ECONNREFUSED 127.0.0.1:8080) {
      errno: -61,
      code: 'ECONNREFUSED',
      syscall: 'connect',
      address: '127.0.0.1',
      port: 8080
    }
  ]
}
[Proxy] Path: /students, Auth: true
 GET /students 200 in 179ms (next.js: 12ms, proxy.ts: 19ms, application-code: 148ms)
Failed to proxy http://localhost:8080/api/users/1 AggregateError: 
    at ignore-listed frames {
  code: 'ECONNREFUSED',
  [errors]: [
    Error: connect ECONNREFUSED ::1:8080
        at <unknown> (Error: connect ECONNREFUSED ::1:8080) {
      errno: -61,
      code: 'ECONNREFUSED',
      syscall: 'connect',
      address: '::1',
      port: 8080
    },
    Error: connect ECONNREFUSED 127.0.0.1:8080
        at <unknown> (Error: connect ECONNREFUSED 127.0.0.1:8080) {
      errno: -61,
      code: 'ECONNREFUSED',
      syscall: 'connect',
      address: '127.0.0.1',
      port: 8080
    }
  ]
}
AggregateError: 
    at ignore-listed frames {
  code: 'ECONNREFUSED',
  [errors]: [
    Error: connect ECONNREFUSED ::1:8080
        at <unknown> (Error: connect ECONNREFUSED ::1:8080) {
      errno: -61,
      code: 'ECONNREFUSED',
      syscall: 'connect',
      address: '::1',
      port: 8080
    },
    Error: connect ECONNREFUSED 127.0.0.1:8080
        at <unknown> (Error: connect ECONNREFUSED 127.0.0.1:8080) {
      errno: -61,
      code: 'ECONNREFUSED',
      syscall: 'connect',
      address: '127.0.0.1',
      port: 8080
    }
  ]
}
Failed to proxy http://localhost:8080/api/users/1 AggregateError: 
    at ignore-listed frames {
  code: 'ECONNREFUSED',
  [errors]: [
    Error: connect ECONNREFUSED ::1:8080
        at <unknown> (Error: connect ECONNREFUSED ::1:8080) {
      errno: -61,
      code: 'ECONNREFUSED',
      syscall: 'connect',
      address: '::1',
      port: 8080
    },
    Error: connect ECONNREFUSED 127.0.0.1:8080
        at <unknown> (Error: connect ECONNREFUSED 127.0.0.1:8080) {
      errno: -61,
      code: 'ECONNREFUSED',
      syscall: 'connect',
      address: '127.0.0.1',
      port: 8080
    }
  ]
}
AggregateError: 
    at ignore-listed frames {
  code: 'ECONNREFUSED',
  [errors]: [
    Error: connect ECONNREFUSED ::1:8080
        at <unknown> (Error: connect ECONNREFUSED ::1:8080) {
      errno: -61,
      code: 'ECONNREFUSED',
      syscall: 'connect',
      address: '::1',
      port: 8080
    },
    Error: connect ECONNREFUSED 127.0.0.1:8080
        at <unknown> (Error: connect ECONNREFUSED 127.0.0.1:8080) {
      errno: -61,
      code: 'ECONNREFUSED',
      syscall: 'connect',
      address: '127.0.0.1',
      port: 8080
    }
  ]
}
[browser] [MyDBS] Refresh error: SyntaxError: Unexpected token 'I', "Internal S"... is not valid JSON
SyntaxError: Unexpected token 'I', "Internal S"... is not valid JSON (hooks/use-auth-hook.js:107:15)
[browser] [MyDBS] Refresh error: SyntaxError: Unexpected token 'I', "Internal S"... is not valid JSON
SyntaxError: Unexpected token 'I', "Internal S"... is not valid JSON (hooks/use-auth-hook.js:107:15)
Failed to proxy http://localhost:8080/api/v1/admissions AggregateError: 
    at ignore-listed frames {
  code: 'ECONNREFUSED',
  [errors]: [
    Error: connect ECONNREFUSED ::1:8080
        at <unknown> (Error: connect ECONNREFUSED ::1:8080) {
      errno: -61,
      code: 'ECONNREFUSED',
      syscall: 'connect',
      address: '::1',
      port: 8080
    },
    Error: connect ECONNREFUSED 127.0.0.1:8080
        at <unknown> (Error: connect ECONNREFUSED 127.0.0.1:8080) {
      errno: -61,
      code: 'ECONNREFUSED',
      syscall: 'connect',
      address: '127.0.0.1',
      port: 8080
    }
  ]
}
AggregateError: 
    at ignore-listed frames {
  code: 'ECONNREFUSED',
  [errors]: [
    Error: connect ECONNREFUSED ::1:8080
        at <unknown> (Error: connect ECONNREFUSED ::1:8080) {
      errno: -61,
      code: 'ECONNREFUSED',
      syscall: 'connect',
      address: '::1',
      port: 8080
    },
    Error: connect ECONNREFUSED 127.0.0.1:8080
        at <unknown> (Error: connect ECONNREFUSED 127.0.0.1:8080) {
      errno: -61,
      code: 'ECONNREFUSED',
      syscall: 'connect',
      address: '127.0.0.1',
      port: 8080
    }
  ]
}
Failed to proxy http://localhost:8080/api/v1/admissions AggregateError: 
    at ignore-listed frames {
  code: 'ECONNREFUSED',
  [errors]: [
    Error: connect ECONNREFUSED ::1:8080
        at <unknown> (Error: connect ECONNREFUSED ::1:8080) {
      errno: -61,
      code: 'ECONNREFUSED',
      syscall: 'connect',
      address: '::1',
      port: 8080
    },
    Error: connect ECONNREFUSED 127.0.0.1:8080
        at <unknown> (Error: connect ECONNREFUSED 127.0.0.1:8080) {
      errno: -61,
      code: 'ECONNREFUSED',
      syscall: 'connect',
      address: '127.0.0.1',
      port: 8080
    }
  ]
}
AggregateError: 
    at ignore-listed frames {
  code: 'ECONNREFUSED',
  [errors]: [
    Error: connect ECONNREFUSED ::1:8080
        at <unknown> (Error: connect ECONNREFUSED ::1:8080) {
      errno: -61,
      code: 'ECONNREFUSED',
      syscall: 'connect',
      address: '::1',
      port: 8080
    },
    Error: connect ECONNREFUSED 127.0.0.1:8080
        at <unknown> (Error: connect ECONNREFUSED 127.0.0.1:8080) {
      errno: -61,
      code: 'ECONNREFUSED',
      syscall: 'connect',
      address: '127.0.0.1',
      port: 8080
    }
  ]
}
Failed to proxy http://localhost:8080/api/users/1 AggregateError: 
    at ignore-listed frames {
  code: 'ECONNREFUSED',
  [errors]: [
    Error: connect ECONNREFUSED ::1:8080
        at <unknown> (Error: connect ECONNREFUSED ::1:8080) {
      errno: -61,
      code: 'ECONNREFUSED',
      syscall: 'connect',
      address: '::1',
      port: 8080
    },
    Error: connect ECONNREFUSED 127.0.0.1:8080
        at <unknown> (Error: connect ECONNREFUSED 127.0.0.1:8080) {
      errno: -61,
      code: 'ECONNREFUSED',
      syscall: 'connect',
      address: '127.0.0.1',
      port: 8080
    }
  ]
}
AggregateError: 
    at ignore-listed frames {
  code: 'ECONNREFUSED',
  [errors]: [
    Error: connect ECONNREFUSED ::1:8080
        at <unknown> (Error: connect ECONNREFUSED ::1:8080) {
      errno: -61,
      code: 'ECONNREFUSED',
      syscall: 'connect',
      address: '::1',
      port: 8080
    },
    Error: connect ECONNREFUSED 127.0.0.1:8080
        at <unknown> (Error: connect ECONNREFUSED 127.0.0.1:8080) {
      errno: -61,
      code: 'ECONNREFUSED',
      syscall: 'connect',
      address: '127.0.0.1',
      port: 8080
    }
  ]
}
Failed to proxy http://localhost:8080/api/users/1 AggregateError: 
    at ignore-listed frames {
  code: 'ECONNREFUSED',
  [errors]: [
    Error: connect ECONNREFUSED ::1:8080
        at <unknown> (Error: connect ECONNREFUSED ::1:8080) {
      errno: -61,
      code: 'ECONNREFUSED',
      syscall: 'connect',
      address: '::1',
      port: 8080
    },
    Error: connect ECONNREFUSED 127.0.0.1:8080
        at <unknown> (Error: connect ECONNREFUSED 127.0.0.1:8080) {
      errno: -61,
      code: 'ECONNREFUSED',
      syscall: 'connect',
      address: '127.0.0.1',
      port: 8080
    }
  ]
}
AggregateError: 
    at ignore-listed frames {
  code: 'ECONNREFUSED',
  [errors]: [
    Error: connect ECONNREFUSED ::1:8080
        at <unknown> (Error: connect ECONNREFUSED ::1:8080) {
      errno: -61,
      code: 'ECONNREFUSED',
      syscall: 'connect',
      address: '::1',
      port: 8080
    },
    Error: connect ECONNREFUSED 127.0.0.1:8080
        at <unknown> (Error: connect ECONNREFUSED 127.0.0.1:8080) {
      errno: -61,
      code: 'ECONNREFUSED',
      syscall: 'connect',
      address: '127.0.0.1',
      port: 8080
    }
  ]
}
[browser] [MyDBS] Refresh error: SyntaxError: Unexpected token 'I', "Internal S"... is not valid JSON
SyntaxError: Unexpected token 'I', "Internal S"... is not valid JSON (hooks/use-auth-hook.js:107:15)
[browser] [MyDBS] Refresh error: SyntaxError: Unexpected token 'I', "Internal S"... is not valid JSON
SyntaxError: Unexpected token 'I', "Internal S"... is not valid JSON (hooks/use-auth-hook.js:107:15)
[Proxy] Path: /teachers, Auth: true
 GET /teachers 200 in 701ms (next.js: 85ms, proxy.ts: 27ms, application-code: 588ms)
Failed to proxy http://localhost:8080/api/users/1 AggregateError: 
    at ignore-listed frames {
  code: 'ECONNREFUSED',
  [errors]: [
    Error: connect ECONNREFUSED ::1:8080
        at <unknown> (Error: connect ECONNREFUSED ::1:8080) {
      errno: -61,
      code: 'ECONNREFUSED',
      syscall: 'connect',
      address: '::1',
      port: 8080
    },
    Error: connect ECONNREFUSED 127.0.0.1:8080
        at <unknown> (Error: connect ECONNREFUSED 127.0.0.1:8080) {
      errno: -61,
      code: 'ECONNREFUSED',
      syscall: 'connect',
      address: '127.0.0.1',
      port: 8080
    }
  ]
}
AggregateError: 
    at ignore-listed frames {
  code: 'ECONNREFUSED',
  [errors]: [
    Error: connect ECONNREFUSED ::1:8080
        at <unknown> (Error: connect ECONNREFUSED ::1:8080) {
      errno: -61,
      code: 'ECONNREFUSED',
      syscall: 'connect',
      address: '::1',
      port: 8080
    },
    Error: connect ECONNREFUSED 127.0.0.1:8080
        at <unknown> (Error: connect ECONNREFUSED 127.0.0.1:8080) {
      errno: -61,
      code: 'ECONNREFUSED',
      syscall: 'connect',
      address: '127.0.0.1',
      port: 8080
    }
  ]
}
[browser] [MyDBS] Refresh error: SyntaxError: Unexpected token 'I', "Internal S"... is not valid JSON
SyntaxError: Unexpected token 'I', "Internal S"... is not valid JSON (hooks/use-auth-hook.js:107:15)
[Proxy] Path: /finance, Auth: true
Failed to proxy http://localhost:8080/api/users/1 AggregateError: 
    at ignore-listed frames {
  code: 'ECONNREFUSED',
  [errors]: [
    Error: connect ECONNREFUSED ::1:8080
        at <unknown> (Error: connect ECONNREFUSED ::1:8080) {
      errno: -61,
      code: 'ECONNREFUSED',
      syscall: 'connect',
      address: '::1',
      port: 8080
    },
    Error: connect ECONNREFUSED 127.0.0.1:8080
        at <unknown> (Error: connect ECONNREFUSED 127.0.0.1:8080) {
      errno: -61,
      code: 'ECONNREFUSED',
      syscall: 'connect',
      address: '127.0.0.1',
      port: 8080
    }
  ]
}
AggregateError: 
    at ignore-listed frames {
  code: 'ECONNREFUSED',
  [errors]: [
    Error: connect ECONNREFUSED ::1:8080
        at <unknown> (Error: connect ECONNREFUSED ::1:8080) {
      errno: -61,
      code: 'ECONNREFUSED',
      syscall: 'connect',
      address: '::1',
      port: 8080
    },
    Error: connect ECONNREFUSED 127.0.0.1:8080
        at <unknown> (Error: connect ECONNREFUSED 127.0.0.1:8080) {
      errno: -61,
      code: 'ECONNREFUSED',
      syscall: 'connect',
      address: '127.0.0.1',
      port: 8080
    }
  ]
}
[browser] [MyDBS] Refresh error: SyntaxError: Unexpected token 'I', "Internal S"... is not valid JSON
SyntaxError: Unexpected token 'I', "Internal S"... is not valid JSON (hooks/use-auth-hook.js:107:15)
[Proxy] Path: /documents, Auth: true
 GET /finance 200 in 3.9s (next.js: 2.8s, proxy.ts: 224ms, application-code: 934ms)
 GET /documents 200 in 3.4s (next.js: 211ms, proxy.ts: 3.0s, application-code: 194ms)
Failed to proxy http://localhost:8080/api/users/1 AggregateError: 
    at ignore-listed frames {
  code: 'ECONNREFUSED',
  [errors]: [
    Error: connect ECONNREFUSED ::1:8080
        at <unknown> (Error: connect ECONNREFUSED ::1:8080) {
      errno: -61,
      code: 'ECONNREFUSED',
      syscall: 'connect',
      address: '::1',
      port: 8080
    },
    Error: connect ECONNREFUSED 127.0.0.1:8080
        at <unknown> (Error: connect ECONNREFUSED 127.0.0.1:8080) {
      errno: -61,
      code: 'ECONNREFUSED',
      syscall: 'connect',
      address: '127.0.0.1',
      port: 8080
    }
  ]
}
AggregateError: 
    at ignore-listed frames {
  code: 'ECONNREFUSED',
  [errors]: [
    Error: connect ECONNREFUSED ::1:8080
        at <unknown> (Error: connect ECONNREFUSED ::1:8080) {
      errno: -61,
      code: 'ECONNREFUSED',
      syscall: 'connect',
      address: '::1',
      port: 8080
    },
    Error: connect ECONNREFUSED 127.0.0.1:8080
        at <unknown> (Error: connect ECONNREFUSED 127.0.0.1:8080) {
      errno: -61,
      code: 'ECONNREFUSED',
      syscall: 'connect',
      address: '127.0.0.1',
      port: 8080
    }
  ]
}
Failed to proxy http://localhost:8080/api/users/1 AggregateError: 
    at ignore-listed frames {
  code: 'ECONNREFUSED',
  [errors]: [
    Error: connect ECONNREFUSED ::1:8080
        at <unknown> (Error: connect ECONNREFUSED ::1:8080) {
      errno: -61,
      code: 'ECONNREFUSED',
      syscall: 'connect',
      address: '::1',
      port: 8080
    },
    Error: connect ECONNREFUSED 127.0.0.1:8080
        at <unknown> (Error: connect ECONNREFUSED 127.0.0.1:8080) {
      errno: -61,
      code: 'ECONNREFUSED',
      syscall: 'connect',
      address: '127.0.0.1',
      port: 8080
    }
  ]
}
AggregateError: 
    at ignore-listed frames {
  code: 'ECONNREFUSED',
  [errors]: [
    Error: connect ECONNREFUSED ::1:8080
        at <unknown> (Error: connect ECONNREFUSED ::1:8080) {
      errno: -61,
      code: 'ECONNREFUSED',
      syscall: 'connect',
      address: '::1',
      port: 8080
    },
    Error: connect ECONNREFUSED 127.0.0.1:8080
        at <unknown> (Error: connect ECONNREFUSED 127.0.0.1:8080) {
      errno: -61,
      code: 'ECONNREFUSED',
      syscall: 'connect',
      address: '127.0.0.1',
      port: 8080
    }
  ]
}
Failed to proxy http://localhost:8080/api/users/1 AggregateError: 
    at ignore-listed frames {
  code: 'ECONNREFUSED',
  [errors]: [
    Error: connect ECONNREFUSED ::1:8080
        at <unknown> (Error: connect ECONNREFUSED ::1:8080) {
      errno: -61,
      code: 'ECONNREFUSED',
      syscall: 'connect',
      address: '::1',
      port: 8080
    },
    Error: connect ECONNREFUSED 127.0.0.1:8080
        at <unknown> (Error: connect ECONNREFUSED 127.0.0.1:8080) {
      errno: -61,
      code: 'ECONNREFUSED',
      syscall: 'connect',
      address: '127.0.0.1',
      port: 8080
    }
  ]
}
AggregateError: 
    at ignore-listed frames {
  code: 'ECONNREFUSED',
  [errors]: [
    Error: connect ECONNREFUSED ::1:8080
        at <unknown> (Error: connect ECONNREFUSED ::1:8080) {
      errno: -61,
      code: 'ECONNREFUSED',
      syscall: 'connect',
      address: '::1',
      port: 8080
    },
    Error: connect ECONNREFUSED 127.0.0.1:8080
        at <unknown> (Error: connect ECONNREFUSED 127.0.0.1:8080) {
      errno: -61,
      code: 'ECONNREFUSED',
      syscall: 'connect',
      address: '127.0.0.1',
      port: 8080
    }
  ]
}
Failed to proxy http://localhost:8080/api/users/1 AggregateError: 
    at ignore-listed frames {
  code: 'ECONNREFUSED',
  [errors]: [
    Error: connect ECONNREFUSED ::1:8080
        at <unknown> (Error: connect ECONNREFUSED ::1:8080) {
      errno: -61,
      code: 'ECONNREFUSED',
      syscall: 'connect',
      address: '::1',
      port: 8080
    },
    Error: connect ECONNREFUSED 127.0.0.1:8080
        at <unknown> (Error: connect ECONNREFUSED 127.0.0.1:8080) {
      errno: -61,
      code: 'ECONNREFUSED',
      syscall: 'connect',
      address: '127.0.0.1',
      port: 8080
    }
  ]
}
AggregateError: 
    at ignore-listed frames {
  code: 'ECONNREFUSED',
  [errors]: [
    Error: connect ECONNREFUSED ::1:8080
        at <unknown> (Error: connect ECONNREFUSED ::1:8080) {
      errno: -61,
      code: 'ECONNREFUSED',
      syscall: 'connect',
      address: '::1',
      port: 8080
    },
    Error: connect ECONNREFUSED 127.0.0.1:8080
        at <unknown> (Error: connect ECONNREFUSED 127.0.0.1:8080) {
      errno: -61,
      code: 'ECONNREFUSED',
      syscall: 'connect',
      address: '127.0.0.1',
      port: 8080
    }
  ]
}
Failed to proxy http://localhost:8080/api/v1/documents/owner/1 AggregateError: 
    at ignore-listed frames {
  code: 'ECONNREFUSED',
  [errors]: [
    Error: connect ECONNREFUSED ::1:8080
        at <unknown> (Error: connect ECONNREFUSED ::1:8080) {
      errno: -61,
      code: 'ECONNREFUSED',
      syscall: 'connect',
      address: '::1',
      port: 8080
    },
    Error: connect ECONNREFUSED 127.0.0.1:8080
        at <unknown> (Error: connect ECONNREFUSED 127.0.0.1:8080) {
      errno: -61,
      code: 'ECONNREFUSED',
      syscall: 'connect',
      address: '127.0.0.1',
      port: 8080
    }
  ]
}
AggregateError: 
    at ignore-listed frames {
  code: 'ECONNREFUSED',
  [errors]: [
    Error: connect ECONNREFUSED ::1:8080
        at <unknown> (Error: connect ECONNREFUSED ::1:8080) {
      errno: -61,
      code: 'ECONNREFUSED',
      syscall: 'connect',
      address: '::1',
      port: 8080
    },
    Error: connect ECONNREFUSED 127.0.0.1:8080
        at <unknown> (Error: connect ECONNREFUSED 127.0.0.1:8080) {
      errno: -61,
      code: 'ECONNREFUSED',
      syscall: 'connect',
      address: '127.0.0.1',
      port: 8080
    }
  ]
}
[browser] [MyDBS] Refresh error: SyntaxError: Unexpected token 'I', "Internal S"... is not valid JSON
SyntaxError: Unexpected token 'I', "Internal S"... is not valid JSON (hooks/use-auth-hook.js:107:15)
[browser] [MyDBS] Refresh error: SyntaxError: Unexpected token 'I', "Internal S"... is not valid JSON
SyntaxError: Unexpected token 'I', "Internal S"... is not valid JSON (hooks/use-auth-hook.js:107:15)
[browser] [MyDBS] Refresh error: SyntaxError: Unexpected token 'I', "Internal S"... is not valid JSON
SyntaxError: Unexpected token 'I', "Internal S"... is not valid JSON (hooks/use-auth-hook.js:107:15)
[browser] [MyDBS] Refresh error: SyntaxError: Unexpected token 'I', "Internal S"... is not valid JSON
SyntaxError: Unexpected token 'I', "Internal S"... is not valid JSON (hooks/use-auth-hook.js:107:15)
Failed to proxy http://localhost:8080/api/v1/documents/owner/1 AggregateError: 
    at ignore-listed frames {
  code: 'ECONNREFUSED',
  [errors]: [
    Error: connect ECONNREFUSED ::1:8080
        at <unknown> (Error: connect ECONNREFUSED ::1:8080) {
      errno: -61,
      code: 'ECONNREFUSED',
      syscall: 'connect',
      address: '::1',
      port: 8080
    },
    Error: connect ECONNREFUSED 127.0.0.1:8080
        at <unknown> (Error: connect ECONNREFUSED 127.0.0.1:8080) {
      errno: -61,
      code: 'ECONNREFUSED',
      syscall: 'connect',
      address: '127.0.0.1',
      port: 8080
    }
  ]
}
AggregateError: 
    at ignore-listed frames {
  code: 'ECONNREFUSED',
  [errors]: [
    Error: connect ECONNREFUSED ::1:8080
        at <unknown> (Error: connect ECONNREFUSED ::1:8080) {
      errno: -61,
      code: 'ECONNREFUSED',
      syscall: 'connect',
      address: '::1',
      port: 8080
    },
    Error: connect ECONNREFUSED 127.0.0.1:8080
        at <unknown> (Error: connect ECONNREFUSED 127.0.0.1:8080) {
      errno: -61,
      code: 'ECONNREFUSED',
      syscall: 'connect',
      address: '127.0.0.1',
      port: 8080
    }
  ]
}
Failed to proxy http://localhost:8080/api/v1/documents/owner/1 AggregateError: 
    at ignore-listed frames {
  code: 'ECONNREFUSED',
  [errors]: [
    Error: connect ECONNREFUSED ::1:8080
        at <unknown> (Error: connect ECONNREFUSED ::1:8080) {
      errno: -61,
      code: 'ECONNREFUSED',
      syscall: 'connect',
      address: '::1',
      port: 8080
    },
    Error: connect ECONNREFUSED 127.0.0.1:8080
        at <unknown> (Error: connect ECONNREFUSED 127.0.0.1:8080) {
      errno: -61,
      code: 'ECONNREFUSED',
      syscall: 'connect',
      address: '127.0.0.1',
      port: 8080
    }
  ]
}
AggregateError: 
    at ignore-listed frames {
  code: 'ECONNREFUSED',
  [errors]: [
    Error: connect ECONNREFUSED ::1:8080
        at <unknown> (Error: connect ECONNREFUSED ::1:8080) {
      errno: -61,
      code: 'ECONNREFUSED',
      syscall: 'connect',
      address: '::1',
      port: 8080
    },
    Error: connect ECONNREFUSED 127.0.0.1:8080
        at <unknown> (Error: connect ECONNREFUSED 127.0.0.1:8080) {
      errno: -61,
      code: 'ECONNREFUSED',
      syscall: 'connect',
      address: '127.0.0.1',
      port: 8080
    }
  ]
}
Failed to proxy http://localhost:8080/api/v1/documents/owner/1 AggregateError: 
    at ignore-listed frames {
  code: 'ECONNREFUSED',
  [errors]: [
    Error: connect ECONNREFUSED ::1:8080
        at <unknown> (Error: connect ECONNREFUSED ::1:8080) {
      errno: -61,
      code: 'ECONNREFUSED',
      syscall: 'connect',
      address: '::1',
      port: 8080
    },
    Error: connect ECONNREFUSED 127.0.0.1:8080
        at <unknown> (Error: connect ECONNREFUSED 127.0.0.1:8080) {
      errno: -61,
      code: 'ECONNREFUSED',
      syscall: 'connect',
      address: '127.0.0.1',
      port: 8080
    }
  ]
}
AggregateError: 
    at ignore-listed frames {
  code: 'ECONNREFUSED',
  [errors]: [
    Error: connect ECONNREFUSED ::1:8080
        at <unknown> (Error: connect ECONNREFUSED ::1:8080) {
      errno: -61,
      code: 'ECONNREFUSED',
      syscall: 'connect',
      address: '::1',
      port: 8080
    },
    Error: connect ECONNREFUSED 127.0.0.1:8080
        at <unknown> (Error: connect ECONNREFUSED 127.0.0.1:8080) {
      errno: -61,
      code: 'ECONNREFUSED',
      syscall: 'connect',
      address: '127.0.0.1',
      port: 8080
    }
  ]
}
Failed to proxy http://localhost:8080/api/v1/documents/owner/2 AggregateError: 
    at ignore-listed frames {
  code: 'ECONNREFUSED',
  [errors]: [
    Error: connect ECONNREFUSED ::1:8080
        at <unknown> (Error: connect ECONNREFUSED ::1:8080) {
      errno: -61,
      code: 'ECONNREFUSED',
      syscall: 'connect',
      address: '::1',
      port: 8080
    },
    Error: connect ECONNREFUSED 127.0.0.1:8080
        at <unknown> (Error: connect ECONNREFUSED 127.0.0.1:8080) {
      errno: -61,
      code: 'ECONNREFUSED',
      syscall: 'connect',
      address: '127.0.0.1',
      port: 8080
    }
  ]
}
AggregateError: 
    at ignore-listed frames {
  code: 'ECONNREFUSED',
  [errors]: [
    Error: connect ECONNREFUSED ::1:8080
        at <unknown> (Error: connect ECONNREFUSED ::1:8080) {
      errno: -61,
      code: 'ECONNREFUSED',
      syscall: 'connect',
      address: '::1',
      port: 8080
    },
    Error: connect ECONNREFUSED 127.0.0.1:8080
        at <unknown> (Error: connect ECONNREFUSED 127.0.0.1:8080) {
      errno: -61,
      code: 'ECONNREFUSED',
      syscall: 'connect',
      address: '127.0.0.1',
      port: 8080
    }
  ]
}
Failed to proxy http://localhost:8080/api/v1/documents/owner/2 AggregateError: 
    at ignore-listed frames {
  code: 'ECONNREFUSED',
  [errors]: [
    Error: connect ECONNREFUSED ::1:8080
        at <unknown> (Error: connect ECONNREFUSED ::1:8080) {
      errno: -61,
      code: 'ECONNREFUSED',
      syscall: 'connect',
      address: '::1',
      port: 8080
    },
    Error: connect ECONNREFUSED 127.0.0.1:8080
        at <unknown> (Error: connect ECONNREFUSED 127.0.0.1:8080) {
      errno: -61,
      code: 'ECONNREFUSED',
      syscall: 'connect',
      address: '127.0.0.1',
      port: 8080
    }
  ]
}
AggregateError: 
    at ignore-listed frames {
  code: 'ECONNREFUSED',
  [errors]: [
    Error: connect ECONNREFUSED ::1:8080
        at <unknown> (Error: connect ECONNREFUSED ::1:8080) {
      errno: -61,
      code: 'ECONNREFUSED',
      syscall: 'connect',
      address: '::1',
      port: 8080
    },
    Error: connect ECONNREFUSED 127.0.0.1:8080
        at <unknown> (Error: connect ECONNREFUSED 127.0.0.1:8080) {
      errno: -61,
      code: 'ECONNREFUSED',
      syscall: 'connect',
      address: '127.0.0.1',
      port: 8080
    }
  ]
}
Failed to proxy http://localhost:8080/api/v1/documents/owner/1 AggregateError: 
    at ignore-listed frames {
  code: 'ECONNREFUSED',
  [errors]: [
    Error: connect ECONNREFUSED ::1:8080
        at <unknown> (Error: connect ECONNREFUSED ::1:8080) {
      errno: -61,
      code: 'ECONNREFUSED',
      syscall: 'connect',
      address: '::1',
      port: 8080
    },
    Error: connect ECONNREFUSED 127.0.0.1:8080
        at <unknown> (Error: connect ECONNREFUSED 127.0.0.1:8080) {
      errno: -61,
      code: 'ECONNREFUSED',
      syscall: 'connect',
      address: '127.0.0.1',
      port: 8080
    }
  ]
}
AggregateError: 
    at ignore-listed frames {
  code: 'ECONNREFUSED',
  [errors]: [
    Error: connect ECONNREFUSED ::1:8080
        at <unknown> (Error: connect ECONNREFUSED ::1:8080) {
      errno: -61,
      code: 'ECONNREFUSED',
      syscall: 'connect',
      address: '::1',
      port: 8080
    },
    Error: connect ECONNREFUSED 127.0.0.1:8080
        at <unknown> (Error: connect ECONNREFUSED 127.0.0.1:8080) {
      errno: -61,
      code: 'ECONNREFUSED',
      syscall: 'connect',
      address: '127.0.0.1',
      port: 8080
    }
  ]
}
Failed to proxy http://localhost:8080/api/v1/documents/owner/1 AggregateError: 
    at ignore-listed frames {
  code: 'ECONNREFUSED',
  [errors]: [
    Error: connect ECONNREFUSED ::1:8080
        at <unknown> (Error: connect ECONNREFUSED ::1:8080) {
      errno: -61,
      code: 'ECONNREFUSED',
      syscall: 'connect',
      address: '::1',
      port: 8080
    },
    Error: connect ECONNREFUSED 127.0.0.1:8080
        at <unknown> (Error: connect ECONNREFUSED 127.0.0.1:8080) {
      errno: -61,
      code: 'ECONNREFUSED',
      syscall: 'connect',
      address: '127.0.0.1',
      port: 8080
    }
  ]
}
AggregateError: 
    at ignore-listed frames {
  code: 'ECONNREFUSED',
  [errors]: [
    Error: connect ECONNREFUSED ::1:8080
        at <unknown> (Error: connect ECONNREFUSED ::1:8080) {
      errno: -61,
      code: 'ECONNREFUSED',
      syscall: 'connect',
      address: '::1',
      port: 8080
    },
    Error: connect ECONNREFUSED 127.0.0.1:8080
        at <unknown> (Error: connect ECONNREFUSED 127.0.0.1:8080) {
      errno: -61,
      code: 'ECONNREFUSED',
      syscall: 'connect',
      address: '127.0.0.1',
      port: 8080
    }
  ]
}
Failed to proxy http://localhost:8080/api/v1/documents/owner/1 AggregateError: 
    at ignore-listed frames {
  code: 'ECONNREFUSED',
  [errors]: [
    Error: connect ECONNREFUSED ::1:8080
        at <unknown> (Error: connect ECONNREFUSED ::1:8080) {
      errno: -61,
      code: 'ECONNREFUSED',
      syscall: 'connect',
      address: '::1',
      port: 8080
    },
    Error: connect ECONNREFUSED 127.0.0.1:8080
        at <unknown> (Error: connect ECONNREFUSED 127.0.0.1:8080) {
      errno: -61,
      code: 'ECONNREFUSED',
      syscall: 'connect',
      address: '127.0.0.1',
      port: 8080
    }
  ]
}
AggregateError: 
    at ignore-listed frames {
  code: 'ECONNREFUSED',
  [errors]: [
    Error: connect ECONNREFUSED ::1:8080
        at <unknown> (Error: connect ECONNREFUSED ::1:8080) {
      errno: -61,
      code: 'ECONNREFUSED',
      syscall: 'connect',
      address: '::1',
      port: 8080
    },
    Error: connect ECONNREFUSED 127.0.0.1:8080
        at <unknown> (Error: connect ECONNREFUSED 127.0.0.1:8080) {
      errno: -61,
      code: 'ECONNREFUSED',
      syscall: 'connect',
      address: '127.0.0.1',
      port: 8080
    }
  ]
}
Failed to proxy http://localhost:8080/api/v1/documents/owner/1 AggregateError: 
    at ignore-listed frames {
  code: 'ECONNREFUSED',
  [errors]: [
    Error: connect ECONNREFUSED ::1:8080
        at <unknown> (Error: connect ECONNREFUSED ::1:8080) {
      errno: -61,
      code: 'ECONNREFUSED',
      syscall: 'connect',
      address: '::1',
      port: 8080
    },
    Error: connect ECONNREFUSED 127.0.0.1:8080
        at <unknown> (Error: connect ECONNREFUSED 127.0.0.1:8080) {
      errno: -61,
      code: 'ECONNREFUSED',
      syscall: 'connect',
      address: '127.0.0.1',
      port: 8080
    }
  ]
}
AggregateError: 
    at ignore-listed frames {
  code: 'ECONNREFUSED',
  [errors]: [
    Error: connect ECONNREFUSED ::1:8080
        at <unknown> (Error: connect ECONNREFUSED ::1:8080) {
      errno: -61,
      code: 'ECONNREFUSED',
      syscall: 'connect',
      address: '::1',
      port: 8080
    },
    Error: connect ECONNREFUSED 127.0.0.1:8080
        at <unknown> (Error: connect ECONNREFUSED 127.0.0.1:8080) {
      errno: -61,
      code: 'ECONNREFUSED',
      syscall: 'connect',
      address: '127.0.0.1',
      port: 8080
    }
  ]
}
Failed to proxy http://localhost:8080/api/v1/documents/owner/1 AggregateError: 
    at ignore-listed frames {
  code: 'ECONNREFUSED',
  [errors]: [
    Error: connect ECONNREFUSED ::1:8080
        at <unknown> (Error: connect ECONNREFUSED ::1:8080) {
      errno: -61,
      code: 'ECONNREFUSED',
      syscall: 'connect',
      address: '::1',
      port: 8080
    },
    Error: connect ECONNREFUSED 127.0.0.1:8080
        at <unknown> (Error: connect ECONNREFUSED 127.0.0.1:8080) {
      errno: -61,
      code: 'ECONNREFUSED',
      syscall: 'connect',
      address: '127.0.0.1',
      port: 8080
    }
  ]
}
AggregateError: 
    at ignore-listed frames {
  code: 'ECONNREFUSED',
  [errors]: [
    Error: connect ECONNREFUSED ::1:8080
        at <unknown> (Error: connect ECONNREFUSED ::1:8080) {
      errno: -61,
      code: 'ECONNREFUSED',
      syscall: 'connect',
      address: '::1',
      port: 8080
    },
    Error: connect ECONNREFUSED 127.0.0.1:8080
        at <unknown> (Error: connect ECONNREFUSED 127.0.0.1:8080) {
      errno: -61,
      code: 'ECONNREFUSED',
      syscall: 'connect',
      address: '127.0.0.1',
      port: 8080
    }
  ]
}
Failed to proxy http://localhost:8080/api/v1/documents/owner/1 AggregateError: 
    at ignore-listed frames {
  code: 'ECONNREFUSED',
  [errors]: [
    Error: connect ECONNREFUSED ::1:8080
        at <unknown> (Error: connect ECONNREFUSED ::1:8080) {
      errno: -61,
      code: 'ECONNREFUSED',
      syscall: 'connect',
      address: '::1',
      port: 8080
    },
    Error: connect ECONNREFUSED 127.0.0.1:8080
        at <unknown> (Error: connect ECONNREFUSED 127.0.0.1:8080) {
      errno: -61,
      code: 'ECONNREFUSED',
      syscall: 'connect',
      address: '127.0.0.1',
      port: 8080
    }
  ]
}
AggregateError: 
    at ignore-listed frames {
  code: 'ECONNREFUSED',
  [errors]: [
    Error: connect ECONNREFUSED ::1:8080
        at <unknown> (Error: connect ECONNREFUSED ::1:8080) {
      errno: -61,
      code: 'ECONNREFUSED',
      syscall: 'connect',
      address: '::1',
      port: 8080
    },
    Error: connect ECONNREFUSED 127.0.0.1:8080
        at <unknown> (Error: connect ECONNREFUSED 127.0.0.1:8080) {
      errno: -61,
      code: 'ECONNREFUSED',
      syscall: 'connect',
      address: '127.0.0.1',
      port: 8080
    }
  ]
}
Failed to proxy http://localhost:8080/api/v1/documents/owner/1 AggregateError: 
    at ignore-listed frames {
  code: 'ECONNREFUSED',
  [errors]: [
    Error: connect ECONNREFUSED ::1:8080
        at <unknown> (Error: connect ECONNREFUSED ::1:8080) {
      errno: -61,
      code: 'ECONNREFUSED',
      syscall: 'connect',
      address: '::1',
      port: 8080
    },
    Error: connect ECONNREFUSED 127.0.0.1:8080
        at <unknown> (Error: connect ECONNREFUSED 127.0.0.1:8080) {
      errno: -61,
      code: 'ECONNREFUSED',
      syscall: 'connect',
      address: '127.0.0.1',
      port: 8080
    }
  ]
}
AggregateError: 
    at ignore-listed frames {
  code: 'ECONNREFUSED',
  [errors]: [
    Error: connect ECONNREFUSED ::1:8080
        at <unknown> (Error: connect ECONNREFUSED ::1:8080) {
      errno: -61,
      code: 'ECONNREFUSED',
      syscall: 'connect',
      address: '::1',
      port: 8080
    },
    Error: connect ECONNREFUSED 127.0.0.1:8080
        at <unknown> (Error: connect ECONNREFUSED 127.0.0.1:8080) {
      errno: -61,
      code: 'ECONNREFUSED',
      syscall: 'connect',
      address: '127.0.0.1',
      port: 8080
    }
  ]
}
[Proxy] Path: /documents, Auth: true
 GET /documents 200 in 246ms (next.js: 13ms, proxy.ts: 8ms, application-code: 226ms)
[Proxy] Path: /.well-known/appspecific/com.chrome.devtools.json, Auth: true
[browser] Image with src "/logo-mydbs.png" has either width or height modified, but not the other. If you use CSS to change the size of your image, also include the styles 'width: "auto"' or 'height: "auto"' to maintain the aspect ratio.
[browser] Uncaught NotFoundError: Failed to execute 'insertBefore' on 'Node': The node before which the new node is to be inserted is not a child of this node.
    at DocumentsModuleView (modules/documents/components/documents-view.jsx:563:47)
    at DocumentsPage (app/(dashboard)/documents/page.js:8:7)
  561 | ...               className="w-full py-4 rounded-2xl bg-primary text-white font-black tex...
  562 | ...             >
> 563 | ...               {uploadMutation.isPending ? <Loader2 className="w-4 h-4 animate-spin" /...
      |                                               ^
  564 | ...               Confirmer l'upload
  565 | ...             </button>
  566 | ...           </div>
Request body exceeded 10MB for /api/v1/documents/upload. Only the first 10MB will be available unless configured. See https://nextjs.org/docs/app/api-reference/config/next-config-js/middlewareClientMaxBodySize for more details.
[Proxy] Path: /documents, Auth: true
 GET /documents 200 in 88ms (next.js: 7ms, proxy.ts: 7ms, application-code: 74ms)
[browser] Image with src "/logo-mydbs.png" has either width or height modified, but not the other. If you use CSS to change the size of your image, also include the styles 'width: "auto"' or 'height: "auto"' to maintain the aspect ratio.
[Proxy] Path: /documents, Auth: true
[Proxy] Path: /.well-known/appspecific/com.chrome.devtools.json, Auth: true
 GET /documents 200 in 2.4s (next.js: 225ms, proxy.ts: 308ms, application-code: 1890ms)
[browser] Image with src "/logo-mydbs.png" has either width or height modified, but not the other. If you use CSS to change the size of your image, also include the styles 'width: "auto"' or 'height: "auto"' to maintain the aspect ratio.
[Proxy] Path: /communications, Auth: true
 GET /communications 200 in 325ms (next.js: 127ms, proxy.ts: 24ms, application-code: 174ms)
[Proxy] Path: /, Auth: true
 GET / 307 in 234ms (next.js: 82ms, proxy.ts: 4ms, application-code: 149ms)
[Proxy] Path: /login, Auth: true
[Proxy] Path: /overview, Auth: true
 GET /overview 200 in 323ms (next.js: 63ms, proxy.ts: 151ms, application-code: 108ms)
[browser] Image with src "/logo-mydbs.png" has either width or height modified, but not the other. If you use CSS to change the size of your image, also include the styles 'width: "auto"' or 'height: "auto"' to maintain the aspect ratio.
[Proxy] Path: /communications, Auth: true
 GET /communications 200 in 67ms (next.js: 6ms, proxy.ts: 8ms, application-code: 53ms)
[Proxy] Path: /documents, Auth: true
 GET /documents 200 in 95ms (next.js: 10ms, proxy.ts: 7ms, application-code: 78ms)
[browser] Image with src "/logo-mydbs.png" has either width or height modified, but not the other. If you use CSS to change the size of your image, also include the styles 'width: "auto"' or 'height: "auto"' to maintain the aspect ratio.
[Proxy] Path: /documents, Auth: true
 GET /documents 200 in 76ms (next.js: 11ms, proxy.ts: 13ms, application-code: 51ms)
[Proxy] Path: /documents, Auth: true
 GET /documents 200 in 96ms (next.js: 4ms, proxy.ts: 7ms, application-code: 84ms)
[browser] Image with src "/logo-mydbs.png" has either width or height modified, but not the other. If you use CSS to change the size of your image, also include the styles 'width: "auto"' or 'height: "auto"' to maintain the aspect ratio.
[Proxy] Path: /profile, Auth: true
 GET /profile 200 in 77ms (next.js: 40ms, proxy.ts: 6ms, application-code: 31ms)
[Proxy] Path: /documents, Auth: true
 GET /documents 200 in 157ms (next.js: 10ms, proxy.ts: 8ms, application-code: 139ms)
[Proxy] Path: /.well-known/appspecific/com.chrome.devtools.json, Auth: true
[browser] Image with src "/logo-mydbs.png" has either width or height modified, but not the other. If you use CSS to change the size of your image, also include the styles 'width: "auto"' or 'height: "auto"' to maintain the aspect ratio.
[Proxy] Path: /competences, Auth: true
 GET /competences 200 in 109ms (next.js: 63ms, proxy.ts: 15ms, application-code: 30ms)
[Proxy] Path: /overview, Auth: true
 GET /overview 200 in 47ms (next.js: 9ms, proxy.ts: 8ms, application-code: 30ms)
[Proxy] Path: /career, Auth: true
 GET /career 200 in 121ms (next.js: 61ms, proxy.ts: 7ms, application-code: 53ms)
[Proxy] Path: /mentoring, Auth: true
 GET /mentoring 200 in 211ms (next.js: 93ms, proxy.ts: 10ms, application-code: 107ms)
[Proxy] Path: /career, Auth: true
 GET /career 200 in 98ms (next.js: 7ms, proxy.ts: 5ms, application-code: 86ms)
[Proxy] Path: /mentoring, Auth: true
 GET /mentoring 200 in 58ms (next.js: 7ms, proxy.ts: 5ms, application-code: 46ms)
[Proxy] Path: /mentoring, Auth: true
 GET /mentoring 200 in 67ms (next.js: 9ms, proxy.ts: 7ms, application-code: 52ms)
[Proxy] Path: /career, Auth: true
✓ Compiled in 7.4s
[Proxy] Path: /mentoring, Auth: true
[Proxy] Path: /mentoring, Auth: true
✓ Compiled in 1ms
 GET /mentoring 200 in 1554ms (next.js: 501ms, proxy.ts: 177ms, application-code: 877ms)
 GET /career 200 in 4.5s (next.js: 1811ms, proxy.ts: 11ms, application-code: 2.6s)
[Proxy] Path: /mentoring, Auth: true
[Proxy] Path: /mentoring, Auth: true
[Proxy] Path: /career, Auth: true
[browser] [MyDBS] SSE déconnectée, reconnexion automatique... (components/header.jsx:162:17)
 GET /mentoring 200 in 2.6s (next.js: 350ms, proxy.ts: 175ms, application-code: 2.0s)
[Proxy] Path: /mentoring, Auth: true
[Proxy] Path: /mentoring, Auth: true
[Proxy] Path: /mentoring, Auth: true
[Proxy] Path: /mentoring, Auth: true
[Proxy] Path: /mentoring, Auth: true
[Proxy] Path: /mentoring, Auth: true
[Proxy] Path: /.well-known/appspecific/com.chrome.devtools.json, Auth: true
 GET /career 200 in 892ms (next.js: 465ms, proxy.ts: 300ms, application-code: 127ms)
 GET /mentoring 200 in 1148ms (next.js: 225ms, proxy.ts: 98ms, application-code: 825ms)
 GET /mentoring 200 in 1111ms (next.js: 465ms, proxy.ts: 231ms, application-code: 415ms)
[Proxy] Path: /career, Auth: true
[browser] Image with src "/logo-mydbs.png" has either width or height modified, but not the other. If you use CSS to change the size of your image, also include the styles 'width: "auto"' or 'height: "auto"' to maintain the aspect ratio.
[browser] [MyDBS] SSE déconnectée, reconnexion automatique... (components/header.jsx:162:17)
[browser] Image with src "/logo-mydbs.png" has either width or height modified, but not the other. If you use CSS to change the size of your image, also include the styles 'width: "auto"' or 'height: "auto"' to maintain the aspect ratio.
[browser] [MyDBS] SSE déconnectée, reconnexion automatique... (components/header.jsx:162:17)
[Proxy] Path: /career, Auth: true
 GET /career 200 in 93ms (next.js: 12ms, proxy.ts: 25ms, application-code: 55ms)
[browser] [MyDBS] SSE déconnectée, reconnexion automatique... (components/header.jsx:162:17)
[Proxy] Path: /manifest.webmanifest, Auth: false
 GET /manifest.webmanifest 200 in 138ms (next.js: 101ms, proxy.ts: 6ms, application-code: 31ms)
[Proxy] Path: /logo-mydbs.png, Auth: true
[browser] [MyDBS] SSE déconnectée, reconnexion automatique... (components/header.jsx:162:17)
[browser] [MyDBS] SSE déconnectée, reconnexion automatique... (components/header.jsx:162:17)
[browser] [MyDBS] SSE déconnectée, reconnexion automatique... (components/header.jsx:162:17)
[browser] [MyDBS] SSE déconnectée, reconnexion automatique... (components/header.jsx:162:17)
[browser] [MyDBS] SSE déconnectée, reconnexion automatique... (components/header.jsx:162:17)
[browser] [MyDBS] SSE déconnectée, reconnexion automatique... (components/header.jsx:162:17)
[browser] [MyDBS] SSE déconnectée, reconnexion automatique... (components/header.jsx:162:17)
[Proxy] Path: /career, Auth: true
 GET /career 200 in 62ms (next.js: 8ms, proxy.ts: 5ms, application-code: 49ms)
[browser] [MyDBS] SSE déconnectée, reconnexion automatique... (components/header.jsx:162:17)
[browser] [MyDBS] SSE déconnectée, reconnexion automatique... (components/header.jsx:162:17)
[browser] [MyDBS] SSE déconnectée, reconnexion automatique... (components/header.jsx:162:17)
[browser] [MyDBS] SSE déconnectée, reconnexion automatique... (components/header.jsx:162:17)
[browser] [MyDBS] SSE déconnectée, reconnexion automatique... (components/header.jsx:162:17)
[browser] [MyDBS] SSE déconnectée, reconnexion automatique... (components/header.jsx:162:17)
[browser] [MyDBS] SSE déconnectée, reconnexion automatique... (components/header.jsx:162:17)
[browser] [MyDBS] SSE déconnectée, reconnexion automatique... (components/header.jsx:162:17)
[browser] [MyDBS] SSE déconnectée, reconnexion automatique... (components/header.jsx:162:17)
[browser] [MyDBS] SSE déconnectée, reconnexion automatique... (components/header.jsx:162:17)
[browser] [MyDBS] SSE déconnectée, reconnexion automatique... (components/header.jsx:162:17)
[browser] [MyDBS] SSE déconnectée, reconnexion automatique... (components/header.jsx:162:17)
[browser] [MyDBS] SSE déconnectée, reconnexion automatique... (components/header.jsx:162:17)
[browser] [MyDBS] SSE déconnectée, reconnexion automatique... (components/header.jsx:162:17)
[browser] [MyDBS] SSE déconnectée, reconnexion automatique... (components/header.jsx:162:17)
[browser] [MyDBS] SSE déconnectée, reconnexion automatique... (components/header.jsx:162:17)
[browser] [MyDBS] SSE déconnectée, reconnexion automatique... (components/header.jsx:162:17)
[browser] [MyDBS] SSE déconnectée, reconnexion automatique... (components/header.jsx:162:17)
[browser] [MyDBS] SSE déconnectée, reconnexion automatique... (components/header.jsx:162:17)
[browser] [MyDBS] SSE déconnectée, reconnexion automatique... (components/header.jsx:162:17)
[browser] [MyDBS] SSE déconnectée, reconnexion automatique... (components/header.jsx:162:17)
[browser] [MyDBS] SSE déconnectée, reconnexion automatique... (components/header.jsx:162:17)
[browser] [MyDBS] SSE déconnectée, reconnexion automatique... (components/header.jsx:162:17)
[browser] [MyDBS] SSE déconnectée, reconnexion automatique... (components/header.jsx:162:17)
[browser] [MyDBS] SSE déconnectée, reconnexion automatique... (components/header.jsx:162:17)
[browser] [MyDBS] SSE déconnectée, reconnexion automatique... (components/header.jsx:162:17)
[browser] [MyDBS] SSE déconnectée, reconnexion automatique... (components/header.jsx:162:17)
[browser] [MyDBS] SSE déconnectée, reconnexion automatique... (components/header.jsx:162:17)
[browser] [MyDBS] SSE déconnectée, reconnexion automatique... (components/header.jsx:162:17)
[browser] [MyDBS] SSE déconnectée, reconnexion automatique... (components/header.jsx:162:17)
[browser] [MyDBS] SSE déconnectée, reconnexion automatique... (components/header.jsx:162:17)
[browser] [MyDBS] SSE déconnectée, reconnexion automatique... (components/header.jsx:162:17)
[browser] [MyDBS] SSE déconnectée, reconnexion automatique... (components/header.jsx:162:17)
[browser] [MyDBS] SSE déconnectée, reconnexion automatique... (components/header.jsx:162:17)
[browser] [MyDBS] SSE déconnectée, reconnexion automatique... (components/header.jsx:162:17)
[browser] [MyDBS] SSE déconnectée, reconnexion automatique... (components/header.jsx:162:17)
[browser] [MyDBS] SSE déconnectée, reconnexion automatique... (components/header.jsx:162:17)
[browser] [MyDBS] SSE déconnectée, reconnexion automatique... (components/header.jsx:162:17)
[browser] [MyDBS] SSE déconnectée, reconnexion automatique... (components/header.jsx:162:17)
[browser] [MyDBS] SSE déconnectée, reconnexion automatique... (components/header.jsx:162:17)
[browser] [MyDBS] SSE déconnectée, reconnexion automatique... (components/header.jsx:162:17)
[browser] [MyDBS] SSE déconnectée, reconnexion automatique... (components/header.jsx:162:17)
[browser] [MyDBS] SSE déconnectée, reconnexion automatique... (components/header.jsx:162:17)
[browser] [MyDBS] SSE déconnectée, reconnexion automatique... (components/header.jsx:162:17)
[browser] [MyDBS] SSE déconnectée, reconnexion automatique... (components/header.jsx:162:17)
✓ Compiled in 560ms
✓ Compiled in 3s
[Proxy] Path: /career, Auth: true
[Proxy] Path: /career, Auth: true
 GET /career 200 in 617ms (next.js: 185ms, proxy.ts: 177ms, application-code: 255ms)
[Proxy] Path: /career, Auth: true
 GET /career 200 in 236ms (next.js: 42ms, proxy.ts: 20ms, application-code: 174ms)
 GET /career 200 in 101ms (next.js: 7ms, proxy.ts: 9ms, application-code: 84ms)
[Proxy] Path: /career, Auth: true
[Proxy] Path: /career, Auth: true
 GET /career 200 in 429ms (next.js: 13ms, proxy.ts: 19ms, application-code: 397ms)
 GET /career 200 in 71ms (next.js: 7ms, proxy.ts: 17ms, application-code: 47ms)
[Proxy] Path: /career, Auth: true
 GET /career 200 in 52ms (next.js: 5ms, proxy.ts: 5ms, application-code: 43ms)
[Proxy] Path: /career, Auth: true
 GET /career 200 in 512ms (next.js: 8ms, proxy.ts: 7ms, application-code: 497ms)
[Proxy] Path: /.well-known/appspecific/com.chrome.devtools.json, Auth: true
[browser] Image with src "/logo-mydbs.png" has either width or height modified, but not the other. If you use CSS to change the size of your image, also include the styles 'width: "auto"' or 'height: "auto"' to maintain the aspect ratio.
[Proxy] Path: /career, Auth: true
 GET /career 200 in 141ms (next.js: 6ms, proxy.ts: 8ms, application-code: 127ms)
[browser] Image with src "/logo-mydbs.png" has either width or height modified, but not the other. If you use CSS to change the size of your image, also include the styles 'width: "auto"' or 'height: "auto"' to maintain the aspect ratio.
[browser] [MyDBS] SSE déconnectée, reconnexion automatique... (components/header.jsx:162:17)
[browser] [MyDBS] SSE déconnectée, reconnexion automatique... (components/header.jsx:162:17)
[browser] [MyDBS] SSE déconnectée, reconnexion automatique... (components/header.jsx:162:17)
[browser] [MyDBS] SSE déconnectée, reconnexion automatique... (components/header.jsx:162:17)
[browser] [MyDBS] SSE déconnectée, reconnexion automatique... (components/header.jsx:162:17)
[browser] Uncaught NotFoundError: Failed to execute 'removeChild' on 'Node': The node to be removed is not a child of this node.
[Proxy] Path: /.well-known/appspecific/com.chrome.devtools.json, Auth: true
[Proxy] Path: /manifest.webmanifest, Auth: false
 GET /manifest.webmanifest 200 in 466ms (next.js: 94ms, proxy.ts: 349ms, application-code: 23ms)
[Proxy] Path: /communications, Auth: true
[Proxy] Path: /communications, Auth: true
[Proxy] Path: /communications, Auth: true
[Proxy] Path: /communications, Auth: true
[Proxy] Path: /communications, Auth: true
 GET /communications 200 in 732ms (next.js: 95ms, proxy.ts: 25ms, application-code: 612ms)
 GET /communications 200 in 351ms (next.js: 189ms, proxy.ts: 43ms, application-code: 119ms)
[Proxy] Path: /communications, Auth: true
[Proxy] Path: /communications, Auth: true
 GET /communications 200 in 413ms (next.js: 49ms, proxy.ts: 24ms, application-code: 341ms)
[browser] Image with src "/logo-mydbs.png" has either width or height modified, but not the other. If you use CSS to change the size of your image, also include the styles 'width: "auto"' or 'height: "auto"' to maintain the aspect ratio.
[Proxy] Path: /communications, Auth: true
 GET /communications 200 in 255ms (next.js: 22ms, proxy.ts: 20ms, application-code: 213ms)
[browser] Image with src "/logo-mydbs.png" has either width or height modified, but not the other. If you use CSS to change the size of your image, also include the styles 'width: "auto"' or 'height: "auto"' to maintain the aspect ratio.
[Proxy] Path: /career, Auth: true
 GET /career 200 in 78ms (next.js: 12ms, proxy.ts: 11ms, application-code: 54ms)
[Proxy] Path: /.well-known/appspecific/com.chrome.devtools.json, Auth: true
[Proxy] Path: /manifest.webmanifest, Auth: false
 GET /manifest.webmanifest 200 in 26ms (next.js: 8ms, proxy.ts: 11ms, application-code: 7ms)
[Proxy] Path: /communications, Auth: true
 GET /communications 200 in 74ms (next.js: 14ms, proxy.ts: 10ms, application-code: 50ms)
[Proxy] Path: /career, Auth: true
 GET /career? 200 in 168ms (next.js: 5ms, proxy.ts: 4ms, application-code: 158ms)
[browser] Image with src "/logo-mydbs.png" has either width or height modified, but not the other. If you use CSS to change the size of your image, also include the styles 'width: "auto"' or 'height: "auto"' to maintain the aspect ratio.
[browser] [MyDBS] SSE déconnectée, reconnexion automatique... (components/header.jsx:162:17)
[browser] [MyDBS] SSE déconnectée, reconnexion automatique... (components/header.jsx:162:17)
[browser] [MyDBS] SSE déconnectée, reconnexion automatique... (components/header.jsx:162:17)
[browser] [MyDBS] SSE déconnectée, reconnexion automatique... (components/header.jsx:162:17)
[Proxy] Path: /records, Auth: true
 GET /records 200 in 197ms (next.js: 78ms, proxy.ts: 8ms, application-code: 111ms)
[browser] [MyDBS] SSE déconnectée, reconnexion automatique... (components/header.jsx:162:17)
[browser] [MyDBS] SSE déconnectée, reconnexion automatique... (components/header.jsx:162:17)
[Proxy] Path: /overview, Auth: true
 GET /overview 200 in 91ms (next.js: 43ms, proxy.ts: 5ms, application-code: 43ms)
[Proxy] Path: /manifest.webmanifest, Auth: false
 GET /manifest.webmanifest 200 in 24ms (next.js: 10ms, proxy.ts: 5ms, application-code: 9ms)
[Proxy] Path: /logo-mydbs.png, Auth: true
[browser] [MyDBS] SSE déconnectée, reconnexion automatique... (components/header.jsx:162:17)
[Proxy] Path: /overview, Auth: true
 GET /overview 200 in 131ms (next.js: 5ms, proxy.ts: 5ms, application-code: 121ms)
[browser] Image with src "/logo-mydbs.png" has either width or height modified, but not the other. If you use CSS to change the size of your image, also include the styles 'width: "auto"' or 'height: "auto"' to maintain the aspect ratio.
[browser] [MyDBS] SSE déconnectée, reconnexion automatique... (components/header.jsx:162:17)
[browser] [MyDBS] SSE déconnectée, reconnexion automatique... (components/header.jsx:162:17)
[browser] [MyDBS] SSE déconnectée, reconnexion automatique... (components/header.jsx:162:17)
[browser] [MyDBS] SSE déconnectée, reconnexion automatique... (components/header.jsx:162:17)
[browser] [MyDBS] SSE déconnectée, reconnexion automatique... (components/header.jsx:162:17)
[Proxy] Path: /communications, Auth: true
 GET /communications 200 in 60ms (next.js: 11ms, proxy.ts: 9ms, application-code: 41ms)
[Proxy] Path: /manifest.webmanifest, Auth: false
 GET /manifest.webmanifest 200 in 20ms (next.js: 8ms, proxy.ts: 5ms, application-code: 8ms)
[Proxy] Path: /logo-mydbs.png, Auth: true
[browser] [MyDBS] SSE déconnectée, reconnexion automatique... (components/header.jsx:162:17)
[browser] [MyDBS] SSE déconnectée, reconnexion automatique... (components/header.jsx:162:17)
[browser] [MyDBS] SSE déconnectée, reconnexion automatique... (components/header.jsx:162:17)
[browser] [MyDBS] SSE déconnectée, reconnexion automatique... (components/header.jsx:162:17)
[browser] [MyDBS] SSE déconnectée, reconnexion automatique... (components/header.jsx:162:17)
[browser] [MyDBS] SSE déconnectée, reconnexion automatique... (components/header.jsx:162:17)
[browser] [MyDBS] SSE déconnectée, reconnexion automatique... (components/header.jsx:162:17)
[browser] [MyDBS] SSE déconnectée, reconnexion automatique... (components/header.jsx:162:17)
[browser] [MyDBS] SSE déconnectée, reconnexion automatique... (components/header.jsx:162:17)
[browser] [MyDBS] SSE déconnectée, reconnexion automatique... (components/header.jsx:162:17)
[browser] [MyDBS] SSE déconnectée, reconnexion automatique... (components/header.jsx:162:17)
[browser] [MyDBS] SSE déconnectée, reconnexion automatique... (components/header.jsx:162:17)
[Proxy] Path: /records, Auth: true
 GET /records 200 in 409ms (next.js: 16ms, proxy.ts: 9ms, application-code: 384ms)
[Proxy] Path: /.well-known/appspecific/com.chrome.devtools.json, Auth: true
[browser] [MyDBS] SSE déconnectée, reconnexion automatique... (components/header.jsx:162:17)
[browser] [MyDBS] SSE déconnectée, reconnexion automatique... (components/header.jsx:162:17)
[browser] [MyDBS] SSE déconnectée, reconnexion automatique... (components/header.jsx:162:17)
[browser] Image with src "/logo-mydbs.png" has either width or height modified, but not the other. If you use CSS to change the size of your image, also include the styles 'width: "auto"' or 'height: "auto"' to maintain the aspect ratio.
[browser] [MyDBS] SSE déconnectée, reconnexion automatique... (components/header.jsx:162:17)
[browser] [MyDBS] SSE déconnectée, reconnexion automatique... (components/header.jsx:162:17)
[browser] [MyDBS] SSE déconnectée, reconnexion automatique... (components/header.jsx:162:17)
[browser] [MyDBS] SSE déconnectée, reconnexion automatique... (components/header.jsx:162:17)
[browser] [MyDBS] SSE déconnectée, reconnexion automatique... (components/header.jsx:162:17)
[browser] [MyDBS] SSE déconnectée, reconnexion automatique... (components/header.jsx:162:17)
Failed to proxy http://localhost:8080/api/v1/attendance/students/5 AggregateError: 
    at ignore-listed frames {
  code: 'ECONNREFUSED',
  [errors]: [
    Error: connect ECONNREFUSED ::1:8080
        at <unknown> (Error: connect ECONNREFUSED ::1:8080) {
      errno: -61,
      code: 'ECONNREFUSED',
      syscall: 'connect',
      address: '::1',
      port: 8080
    },
    Error: connect ECONNREFUSED 127.0.0.1:8080
        at <unknown> (Error: connect ECONNREFUSED 127.0.0.1:8080) {
      errno: -61,
      code: 'ECONNREFUSED',
      syscall: 'connect',
      address: '127.0.0.1',
      port: 8080
    }
  ]
}
AggregateError: 
    at ignore-listed frames {
  code: 'ECONNREFUSED',
  [errors]: [
    Error: connect ECONNREFUSED ::1:8080
        at <unknown> (Error: connect ECONNREFUSED ::1:8080) {
      errno: -61,
      code: 'ECONNREFUSED',
      syscall: 'connect',
      address: '::1',
      port: 8080
    },
    Error: connect ECONNREFUSED 127.0.0.1:8080
        at <unknown> (Error: connect ECONNREFUSED 127.0.0.1:8080) {
      errno: -61,
      code: 'ECONNREFUSED',
      syscall: 'connect',
      address: '127.0.0.1',
      port: 8080
    }
  ]
}
Failed to proxy http://localhost:8080/api/v1/attendance/stats/students/5 AggregateError: 
    at ignore-listed frames {
  code: 'ECONNREFUSED',
  [errors]: [
    Error: connect ECONNREFUSED ::1:8080
        at <unknown> (Error: connect ECONNREFUSED ::1:8080) {
      errno: -61,
      code: 'ECONNREFUSED',
      syscall: 'connect',
      address: '::1',
      port: 8080
    },
    Error: connect ECONNREFUSED 127.0.0.1:8080
        at <unknown> (Error: connect ECONNREFUSED 127.0.0.1:8080) {
      errno: -61,
      code: 'ECONNREFUSED',
      syscall: 'connect',
      address: '127.0.0.1',
      port: 8080
    }
  ]
}
AggregateError: 
    at ignore-listed frames {
  code: 'ECONNREFUSED',
  [errors]: [
    Error: connect ECONNREFUSED ::1:8080
        at <unknown> (Error: connect ECONNREFUSED ::1:8080) {
      errno: -61,
      code: 'ECONNREFUSED',
      syscall: 'connect',
      address: '::1',
      port: 8080
    },
    Error: connect ECONNREFUSED 127.0.0.1:8080
        at <unknown> (Error: connect ECONNREFUSED 127.0.0.1:8080) {
      errno: -61,
      code: 'ECONNREFUSED',
      syscall: 'connect',
      address: '127.0.0.1',
      port: 8080
    }
  ]
}
Failed to proxy http://localhost:8080/api/v1/attendance/students/5 AggregateError: 
    at ignore-listed frames {
  code: 'ECONNREFUSED',
  [errors]: [
    Error: connect ECONNREFUSED ::1:8080
        at <unknown> (Error: connect ECONNREFUSED ::1:8080) {
      errno: -61,
      code: 'ECONNREFUSED',
      syscall: 'connect',
      address: '::1',
      port: 8080
    },
    Error: connect ECONNREFUSED 127.0.0.1:8080
        at <unknown> (Error: connect ECONNREFUSED 127.0.0.1:8080) {
      errno: -61,
      code: 'ECONNREFUSED',
      syscall: 'connect',
      address: '127.0.0.1',
      port: 8080
    }
  ]
}
AggregateError: 
    at ignore-listed frames {
  code: 'ECONNREFUSED',
  [errors]: [
    Error: connect ECONNREFUSED ::1:8080
        at <unknown> (Error: connect ECONNREFUSED ::1:8080) {
      errno: -61,
      code: 'ECONNREFUSED',
      syscall: 'connect',
      address: '::1',
      port: 8080
    },
    Error: connect ECONNREFUSED 127.0.0.1:8080
        at <unknown> (Error: connect ECONNREFUSED 127.0.0.1:8080) {
      errno: -61,
      code: 'ECONNREFUSED',
      syscall: 'connect',
      address: '127.0.0.1',
      port: 8080
    }
  ]
}
Failed to proxy http://localhost:8080/api/v1/attendance/stats/students/5 AggregateError: 
    at ignore-listed frames {
  code: 'ECONNREFUSED',
  [errors]: [
    Error: connect ECONNREFUSED ::1:8080
        at <unknown> (Error: connect ECONNREFUSED ::1:8080) {
      errno: -61,
      code: 'ECONNREFUSED',
      syscall: 'connect',
      address: '::1',
      port: 8080
    },
    Error: connect ECONNREFUSED 127.0.0.1:8080
        at <unknown> (Error: connect ECONNREFUSED 127.0.0.1:8080) {
      errno: -61,
      code: 'ECONNREFUSED',
      syscall: 'connect',
      address: '127.0.0.1',
      port: 8080
    }
  ]
}
AggregateError: 
    at ignore-listed frames {
  code: 'ECONNREFUSED',
  [errors]: [
    Error: connect ECONNREFUSED ::1:8080
        at <unknown> (Error: connect ECONNREFUSED ::1:8080) {
      errno: -61,
      code: 'ECONNREFUSED',
      syscall: 'connect',
      address: '::1',
      port: 8080
    },
    Error: connect ECONNREFUSED 127.0.0.1:8080
        at <unknown> (Error: connect ECONNREFUSED 127.0.0.1:8080) {
      errno: -61,
      code: 'ECONNREFUSED',
      syscall: 'connect',
      address: '127.0.0.1',
      port: 8080
    }
  ]
}
[browser] [MyDBS] SSE déconnectée, reconnexion automatique... (components/header.jsx:162:17)
[browser] [MyDBS] SSE déconnectée, reconnexion automatique... (components/header.jsx:162:17)
[Proxy] Path: /profile, Auth: true
 GET /profile 200 in 156ms (next.js: 73ms, proxy.ts: 9ms, application-code: 74ms)
Failed to proxy http://localhost:8080/api/users/5 AggregateError: 
    at ignore-listed frames {
  code: 'ECONNREFUSED',
  [errors]: [
    Error: connect ECONNREFUSED ::1:8080
        at <unknown> (Error: connect ECONNREFUSED ::1:8080) {
      errno: -61,
      code: 'ECONNREFUSED',
      syscall: 'connect',
      address: '::1',
      port: 8080
    },
    Error: connect ECONNREFUSED 127.0.0.1:8080
        at <unknown> (Error: connect ECONNREFUSED 127.0.0.1:8080) {
      errno: -61,
      code: 'ECONNREFUSED',
      syscall: 'connect',
      address: '127.0.0.1',
      port: 8080
    }
  ]
}
AggregateError: 
    at ignore-listed frames {
  code: 'ECONNREFUSED',
  [errors]: [
    Error: connect ECONNREFUSED ::1:8080
        at <unknown> (Error: connect ECONNREFUSED ::1:8080) {
      errno: -61,
      code: 'ECONNREFUSED',
      syscall: 'connect',
      address: '::1',
      port: 8080
    },
    Error: connect ECONNREFUSED 127.0.0.1:8080
        at <unknown> (Error: connect ECONNREFUSED 127.0.0.1:8080) {
      errno: -61,
      code: 'ECONNREFUSED',
      syscall: 'connect',
      address: '127.0.0.1',
      port: 8080
    }
  ]
}
Failed to proxy http://localhost:8080/api/students AggregateError: 
    at ignore-listed frames {
  code: 'ECONNREFUSED',
  [errors]: [
    Error: connect ECONNREFUSED ::1:8080
        at <unknown> (Error: connect ECONNREFUSED ::1:8080) {
      errno: -61,
      code: 'ECONNREFUSED',
      syscall: 'connect',
      address: '::1',
      port: 8080
    },
    Error: connect ECONNREFUSED 127.0.0.1:8080
        at <unknown> (Error: connect ECONNREFUSED 127.0.0.1:8080) {
      errno: -61,
      code: 'ECONNREFUSED',
      syscall: 'connect',
      address: '127.0.0.1',
      port: 8080
    }
  ]
}
AggregateError: 
    at ignore-listed frames {
  code: 'ECONNREFUSED',
  [errors]: [
    Error: connect ECONNREFUSED ::1:8080
        at <unknown> (Error: connect ECONNREFUSED ::1:8080) {
      errno: -61,
      code: 'ECONNREFUSED',
      syscall: 'connect',
      address: '::1',
      port: 8080
    },
    Error: connect ECONNREFUSED 127.0.0.1:8080
        at <unknown> (Error: connect ECONNREFUSED 127.0.0.1:8080) {
      errno: -61,
      code: 'ECONNREFUSED',
      syscall: 'connect',
      address: '127.0.0.1',
      port: 8080
    }
  ]
}
Failed to proxy http://localhost:8080/api/course-resources/download-by-path?path=profiles%2F490c93e9-2067-4361-a5b3-f3d5ad5acdef.jpg AggregateError: 
    at ignore-listed frames {
  code: 'ECONNREFUSED',
  [errors]: [
    Error: connect ECONNREFUSED ::1:8080
        at <unknown> (Error: connect ECONNREFUSED ::1:8080) {
      errno: -61,
      code: 'ECONNREFUSED',
      syscall: 'connect',
      address: '::1',
      port: 8080
    },
    Error: connect ECONNREFUSED 127.0.0.1:8080
        at <unknown> (Error: connect ECONNREFUSED 127.0.0.1:8080) {
      errno: -61,
      code: 'ECONNREFUSED',
      syscall: 'connect',
      address: '127.0.0.1',
      port: 8080
    }
  ]
}
AggregateError: 
    at ignore-listed frames {
  code: 'ECONNREFUSED',
  [errors]: [
    Error: connect ECONNREFUSED ::1:8080
        at <unknown> (Error: connect ECONNREFUSED ::1:8080) {
      errno: -61,
      code: 'ECONNREFUSED',
      syscall: 'connect',
      address: '::1',
      port: 8080
    },
    Error: connect ECONNREFUSED 127.0.0.1:8080
        at <unknown> (Error: connect ECONNREFUSED 127.0.0.1:8080) {
      errno: -61,
      code: 'ECONNREFUSED',
      syscall: 'connect',
      address: '127.0.0.1',
      port: 8080
    }
  ]
}
Failed to proxy http://localhost:8080/api/users/5 AggregateError: 
    at ignore-listed frames {
  code: 'ECONNREFUSED',
  [errors]: [
    Error: connect ECONNREFUSED ::1:8080
        at <unknown> (Error: connect ECONNREFUSED ::1:8080) {
      errno: -61,
      code: 'ECONNREFUSED',
      syscall: 'connect',
      address: '::1',
      port: 8080
    },
    Error: connect ECONNREFUSED 127.0.0.1:8080
        at <unknown> (Error: connect ECONNREFUSED 127.0.0.1:8080) {
      errno: -61,
      code: 'ECONNREFUSED',
      syscall: 'connect',
      address: '127.0.0.1',
      port: 8080
    }
  ]
}
AggregateError: 
    at ignore-listed frames {
  code: 'ECONNREFUSED',
  [errors]: [
    Error: connect ECONNREFUSED ::1:8080
        at <unknown> (Error: connect ECONNREFUSED ::1:8080) {
      errno: -61,
      code: 'ECONNREFUSED',
      syscall: 'connect',
      address: '::1',
      port: 8080
    },
    Error: connect ECONNREFUSED 127.0.0.1:8080
        at <unknown> (Error: connect ECONNREFUSED 127.0.0.1:8080) {
      errno: -61,
      code: 'ECONNREFUSED',
      syscall: 'connect',
      address: '127.0.0.1',
      port: 8080
    }
  ]
}
[browser] [MyDBS] Refresh error: SyntaxError: Unexpected token 'I', "Internal S"... is not valid JSON
SyntaxError: Unexpected token 'I', "Internal S"... is not valid JSON (hooks/use-auth-hook.js:107:15)
[browser] [MyDBS] Refresh error: SyntaxError: Unexpected token 'I', "Internal S"... is not valid JSON
SyntaxError: Unexpected token 'I', "Internal S"... is not valid JSON (hooks/use-auth-hook.js:107:15)
Failed to proxy http://localhost:8080/api/users?role=STUDENT AggregateError: 
    at ignore-listed frames {
  code: 'ECONNREFUSED',
  [errors]: [
    Error: connect ECONNREFUSED ::1:8080
        at <unknown> (Error: connect ECONNREFUSED ::1:8080) {
      errno: -61,
      code: 'ECONNREFUSED',
      syscall: 'connect',
      address: '::1',
      port: 8080
    },
    Error: connect ECONNREFUSED 127.0.0.1:8080
        at <unknown> (Error: connect ECONNREFUSED 127.0.0.1:8080) {
      errno: -61,
      code: 'ECONNREFUSED',
      syscall: 'connect',
      address: '127.0.0.1',
      port: 8080
    }
  ]
}
AggregateError: 
    at ignore-listed frames {
  code: 'ECONNREFUSED',
  [errors]: [
    Error: connect ECONNREFUSED ::1:8080
        at <unknown> (Error: connect ECONNREFUSED ::1:8080) {
      errno: -61,
      code: 'ECONNREFUSED',
      syscall: 'connect',
      address: '::1',
      port: 8080
    },
    Error: connect ECONNREFUSED 127.0.0.1:8080
        at <unknown> (Error: connect ECONNREFUSED 127.0.0.1:8080) {
      errno: -61,
      code: 'ECONNREFUSED',
      syscall: 'connect',
      address: '127.0.0.1',
      port: 8080
    }
  ]
}
Failed to proxy http://localhost:8080/api/v1/admissions?status=VALIDATED AggregateError: 
    at ignore-listed frames {
  code: 'ECONNREFUSED',
  [errors]: [
    Error: connect ECONNREFUSED ::1:8080
        at <unknown> (Error: connect ECONNREFUSED ::1:8080) {
      errno: -61,
      code: 'ECONNREFUSED',
      syscall: 'connect',
      address: '::1',
      port: 8080
    },
    Error: connect ECONNREFUSED 127.0.0.1:8080
        at <unknown> (Error: connect ECONNREFUSED 127.0.0.1:8080) {
      errno: -61,
      code: 'ECONNREFUSED',
      syscall: 'connect',
      address: '127.0.0.1',
      port: 8080
    }
  ]
}
AggregateError: 
    at ignore-listed frames {
  code: 'ECONNREFUSED',
  [errors]: [
    Error: connect ECONNREFUSED ::1:8080
        at <unknown> (Error: connect ECONNREFUSED ::1:8080) {
      errno: -61,
      code: 'ECONNREFUSED',
      syscall: 'connect',
      address: '::1',
      port: 8080
    },
    Error: connect ECONNREFUSED 127.0.0.1:8080
        at <unknown> (Error: connect ECONNREFUSED 127.0.0.1:8080) {
      errno: -61,
      code: 'ECONNREFUSED',
      syscall: 'connect',
      address: '127.0.0.1',
      port: 8080
    }
  ]
}
Failed to proxy http://localhost:8080/api/v1/admissions?status=ENROLLED AggregateError: 
    at ignore-listed frames {
  code: 'ECONNREFUSED',
  [errors]: [
    Error: connect ECONNREFUSED ::1:8080
        at <unknown> (Error: connect ECONNREFUSED ::1:8080) {
      errno: -61,
      code: 'ECONNREFUSED',
      syscall: 'connect',
      address: '::1',
      port: 8080
    },
    Error: connect ECONNREFUSED 127.0.0.1:8080
        at <unknown> (Error: connect ECONNREFUSED 127.0.0.1:8080) {
      errno: -61,
      code: 'ECONNREFUSED',
      syscall: 'connect',
      address: '127.0.0.1',
      port: 8080
    }
  ]
}
AggregateError: 
    at ignore-listed frames {
  code: 'ECONNREFUSED',
  [errors]: [
    Error: connect ECONNREFUSED ::1:8080
        at <unknown> (Error: connect ECONNREFUSED ::1:8080) {
      errno: -61,
      code: 'ECONNREFUSED',
      syscall: 'connect',
      address: '::1',
      port: 8080
    },
    Error: connect ECONNREFUSED 127.0.0.1:8080
        at <unknown> (Error: connect ECONNREFUSED 127.0.0.1:8080) {
      errno: -61,
      code: 'ECONNREFUSED',
      syscall: 'connect',
      address: '127.0.0.1',
      port: 8080
    }
  ]
}
[browser] [MyDBS] SSE déconnectée, reconnexion automatique... (components/header.jsx:162:17)
[browser] [MyDBS] SSE déconnectée, reconnexion automatique... (components/header.jsx:162:17)
[browser] [MyDBS] SSE déconnectée, reconnexion automatique... (components/header.jsx:162:17)
[browser] [MyDBS] SSE déconnectée, reconnexion automatique... (components/header.jsx:162:17)
[browser] [MyDBS] SSE déconnectée, reconnexion automatique... (components/header.jsx:162:17)
[browser] [MyDBS] SSE déconnectée, reconnexion automatique... (components/header.jsx:162:17)
[browser] [MyDBS] SSE déconnectée, reconnexion automatique... (components/header.jsx:162:17)
[Proxy] Path: /communications, Auth: true
 GET /communications 200 in 99ms (next.js: 21ms, proxy.ts: 13ms, application-code: 66ms)
[browser] [MyDBS] SSE déconnectée, reconnexion automatique... (components/header.jsx:162:17)
[browser] [MyDBS] SSE déconnectée, reconnexion automatique... (components/header.jsx:162:17)
[browser] [MyDBS] SSE déconnectée, reconnexion automatique... (components/header.jsx:162:17)
[browser] [MyDBS] SSE déconnectée, reconnexion automatique... (components/header.jsx:162:17)
[browser] [MyDBS] SSE déconnectée, reconnexion automatique... (components/header.jsx:162:17)
[browser] [MyDBS] SSE déconnectée, reconnexion automatique... (components/header.jsx:162:17)
[browser] [MyDBS] SSE déconnectée, reconnexion automatique... (components/header.jsx:162:17)
Failed to proxy http://localhost:8080/api/notifications/user/5 AggregateError: 
    at ignore-listed frames {
  code: 'ECONNREFUSED',
  [errors]: [
    Error: connect ECONNREFUSED ::1:8080
        at <unknown> (Error: connect ECONNREFUSED ::1:8080) {
      errno: -61,
      code: 'ECONNREFUSED',
      syscall: 'connect',
      address: '::1',
      port: 8080
    },
    Error: connect ECONNREFUSED 127.0.0.1:8080
        at <unknown> (Error: connect ECONNREFUSED 127.0.0.1:8080) {
      errno: -61,
      code: 'ECONNREFUSED',
      syscall: 'connect',
      address: '127.0.0.1',
      port: 8080
    }
  ]
}
AggregateError: 
    at ignore-listed frames {
  code: 'ECONNREFUSED',
  [errors]: [
    Error: connect ECONNREFUSED ::1:8080
        at <unknown> (Error: connect ECONNREFUSED ::1:8080) {
      errno: -61,
      code: 'ECONNREFUSED',
      syscall: 'connect',
      address: '::1',
      port: 8080
    },
    Error: connect ECONNREFUSED 127.0.0.1:8080
        at <unknown> (Error: connect ECONNREFUSED 127.0.0.1:8080) {
      errno: -61,
      code: 'ECONNREFUSED',
      syscall: 'connect',
      address: '127.0.0.1',
      port: 8080
    }
  ]
}
Failed to proxy http://localhost:8080/api/notifications/unread-count/5 AggregateError: 
    at ignore-listed frames {
  code: 'ECONNREFUSED',
  [errors]: [
    Error: connect ECONNREFUSED ::1:8080
        at <unknown> (Error: connect ECONNREFUSED ::1:8080) {
      errno: -61,
      code: 'ECONNREFUSED',
      syscall: 'connect',
      address: '::1',
      port: 8080
    },
    Error: connect ECONNREFUSED 127.0.0.1:8080
        at <unknown> (Error: connect ECONNREFUSED 127.0.0.1:8080) {
      errno: -61,
      code: 'ECONNREFUSED',
      syscall: 'connect',
      address: '127.0.0.1',
      port: 8080
    }
  ]
}
AggregateError: 
    at ignore-listed frames {
  code: 'ECONNREFUSED',
  [errors]: [
    Error: connect ECONNREFUSED ::1:8080
        at <unknown> (Error: connect ECONNREFUSED ::1:8080) {
      errno: -61,
      code: 'ECONNREFUSED',
      syscall: 'connect',
      address: '::1',
      port: 8080
    },
    Error: connect ECONNREFUSED 127.0.0.1:8080
        at <unknown> (Error: connect ECONNREFUSED 127.0.0.1:8080) {
      errno: -61,
      code: 'ECONNREFUSED',
      syscall: 'connect',
      address: '127.0.0.1',
      port: 8080
    }
  ]
}
Failed to proxy http://localhost:8080/api/v1/communications/messages/users/5/unread-count AggregateError: 
    at ignore-listed frames {
  code: 'ECONNREFUSED',
  [errors]: [
    Error: connect ECONNREFUSED ::1:8080
        at <unknown> (Error: connect ECONNREFUSED ::1:8080) {
      errno: -61,
      code: 'ECONNREFUSED',
      syscall: 'connect',
      address: '::1',
      port: 8080
    },
    Error: connect ECONNREFUSED 127.0.0.1:8080
        at <unknown> (Error: connect ECONNREFUSED 127.0.0.1:8080) {
      errno: -61,
      code: 'ECONNREFUSED',
      syscall: 'connect',
      address: '127.0.0.1',
      port: 8080
    }
  ]
}
AggregateError: 
    at ignore-listed frames {
  code: 'ECONNREFUSED',
  [errors]: [
    Error: connect ECONNREFUSED ::1:8080
        at <unknown> (Error: connect ECONNREFUSED ::1:8080) {
      errno: -61,
      code: 'ECONNREFUSED',
      syscall: 'connect',
      address: '::1',
      port: 8080
    },
    Error: connect ECONNREFUSED 127.0.0.1:8080
        at <unknown> (Error: connect ECONNREFUSED 127.0.0.1:8080) {
      errno: -61,
      code: 'ECONNREFUSED',
      syscall: 'connect',
      address: '127.0.0.1',
      port: 8080
    }
  ]
}
Failed to proxy http://localhost:8080/api/notifications/user/2 AggregateError: 
    at ignore-listed frames {
  code: 'ECONNREFUSED',
  [errors]: [
    Error: connect ECONNREFUSED ::1:8080
        at <unknown> (Error: connect ECONNREFUSED ::1:8080) {
      errno: -61,
      code: 'ECONNREFUSED',
      syscall: 'connect',
      address: '::1',
      port: 8080
    },
    Error: connect ECONNREFUSED 127.0.0.1:8080
        at <unknown> (Error: connect ECONNREFUSED 127.0.0.1:8080) {
      errno: -61,
      code: 'ECONNREFUSED',
      syscall: 'connect',
      address: '127.0.0.1',
      port: 8080
    }
  ]
}
AggregateError: 
    at ignore-listed frames {
  code: 'ECONNREFUSED',
  [errors]: [
    Error: connect ECONNREFUSED ::1:8080
        at <unknown> (Error: connect ECONNREFUSED ::1:8080) {
      errno: -61,
      code: 'ECONNREFUSED',
      syscall: 'connect',
      address: '::1',
      port: 8080
    },
    Error: connect ECONNREFUSED 127.0.0.1:8080
        at <unknown> (Error: connect ECONNREFUSED 127.0.0.1:8080) {
      errno: -61,
      code: 'ECONNREFUSED',
      syscall: 'connect',
      address: '127.0.0.1',
      port: 8080
    }
  ]
}
Failed to proxy http://localhost:8080/api/notifications/unread-count/2 AggregateError: 
    at ignore-listed frames {
  code: 'ECONNREFUSED',
  [errors]: [
    Error: connect ECONNREFUSED ::1:8080
        at <unknown> (Error: connect ECONNREFUSED ::1:8080) {
      errno: -61,
      code: 'ECONNREFUSED',
      syscall: 'connect',
      address: '::1',
      port: 8080
    },
    Error: connect ECONNREFUSED 127.0.0.1:8080
        at <unknown> (Error: connect ECONNREFUSED 127.0.0.1:8080) {
      errno: -61,
      code: 'ECONNREFUSED',
      syscall: 'connect',
      address: '127.0.0.1',
      port: 8080
    }
  ]
}
AggregateError: 
    at ignore-listed frames {
  code: 'ECONNREFUSED',
  [errors]: [
    Error: connect ECONNREFUSED ::1:8080
        at <unknown> (Error: connect ECONNREFUSED ::1:8080) {
      errno: -61,
      code: 'ECONNREFUSED',
      syscall: 'connect',
      address: '::1',
      port: 8080
    },
    Error: connect ECONNREFUSED 127.0.0.1:8080
        at <unknown> (Error: connect ECONNREFUSED 127.0.0.1:8080) {
      errno: -61,
      code: 'ECONNREFUSED',
      syscall: 'connect',
      address: '127.0.0.1',
      port: 8080
    }
  ]
}
Failed to proxy http://localhost:8080/api/v1/communications/messages/users/2/unread-count AggregateError: 
    at ignore-listed frames {
  code: 'ECONNREFUSED',
  [errors]: [
    Error: connect ECONNREFUSED ::1:8080
        at <unknown> (Error: connect ECONNREFUSED ::1:8080) {
      errno: -61,
      code: 'ECONNREFUSED',
      syscall: 'connect',
      address: '::1',
      port: 8080
    },
    Error: connect ECONNREFUSED 127.0.0.1:8080
        at <unknown> (Error: connect ECONNREFUSED 127.0.0.1:8080) {
      errno: -61,
      code: 'ECONNREFUSED',
      syscall: 'connect',
      address: '127.0.0.1',
      port: 8080
    }
  ]
}
AggregateError: 
    at ignore-listed frames {
  code: 'ECONNREFUSED',
  [errors]: [
    Error: connect ECONNREFUSED ::1:8080
        at <unknown> (Error: connect ECONNREFUSED ::1:8080) {
      errno: -61,
      code: 'ECONNREFUSED',
      syscall: 'connect',
      address: '::1',
      port: 8080
    },
    Error: connect ECONNREFUSED 127.0.0.1:8080
        at <unknown> (Error: connect ECONNREFUSED 127.0.0.1:8080) {
      errno: -61,
      code: 'ECONNREFUSED',
      syscall: 'connect',
      address: '127.0.0.1',
      port: 8080
    }
  ]
}
[browser] [MyDBS] Erreur notifications AxiosError: Request failed with status code 500
    at async Object.getNotifications (lib/user-service.js:354:24)
    at async Header.useCallback[fetchNotifs] (components/header.jsx:69:39)
  352 |   async getNotifications(userId) {
  353 |     try {
> 354 |       const response = await apiClient.get(`/notifications/user/${userId}`);
      |                        ^
  355 |       return response.data?.data || [];
  356 |     } catch (e) {
  357 |       console.error("[MyDBS] Erreur notifications", e); (lib/user-service.js:357:15)
[browser] [MyDBS] SSE déconnectée, reconnexion automatique... (components/header.jsx:162:17)
[browser] [MyDBS] SSE déconnectée, reconnexion automatique... (components/header.jsx:162:17)
[browser] [MyDBS] SSE déconnectée, reconnexion automatique... (components/header.jsx:162:17)
[browser] [MyDBS] SSE déconnectée, reconnexion automatique... (components/header.jsx:162:17)
[browser] [MyDBS] Erreur notifications AxiosError: Request failed with status code 500
    at async Object.getNotifications (lib/user-service.js:354:24)
    at async Header.useCallback[fetchNotifs] (components/header.jsx:69:39)
  352 |   async getNotifications(userId) {
  353 |     try {
> 354 |       const response = await apiClient.get(`/notifications/user/${userId}`);
      |                        ^
  355 |       return response.data?.data || [];
  356 |     } catch (e) {
  357 |       console.error("[MyDBS] Erreur notifications", e); (lib/user-service.js:357:15)
[browser] [MyDBS] SSE déconnectée, reconnexion automatique... (components/header.jsx:162:17)
[Proxy] Path: /communications, Auth: true
 GET /communications 200 in 343ms (next.js: 20ms, proxy.ts: 21ms, application-code: 301ms)
[browser] [MyDBS] SSE déconnectée, reconnexion automatique... (components/header.jsx:162:17)
[Proxy] Path: /.well-known/appspecific/com.chrome.devtools.json, Auth: true
[browser] [MyDBS] SSE déconnectée, reconnexion automatique... (components/header.jsx:162:17)
[browser] [MyDBS] SSE déconnectée, reconnexion automatique... (components/header.jsx:162:17)
[browser] Image with src "/logo-mydbs.png" has either width or height modified, but not the other. If you use CSS to change the size of your image, also include the styles 'width: "auto"' or 'height: "auto"' to maintain the aspect ratio.
[browser] [MyDBS] SSE déconnectée, reconnexion automatique... (components/header.jsx:162:17)
[browser] [MyDBS] SSE déconnectée, reconnexion automatique... (components/header.jsx:162:17)
[Proxy] Path: /communications, Auth: true
 GET /communications 200 in 33ms (next.js: 10ms, proxy.ts: 10ms, application-code: 13ms)
[Proxy] Path: /communications, Auth: true
 GET /communications 200 in 336ms (next.js: 5ms, proxy.ts: 8ms, application-code: 323ms)
[browser] [MyDBS] SSE déconnectée, reconnexion automatique... (components/header.jsx:162:17)
[browser] [MyDBS] SSE déconnectée, reconnexion automatique... (components/header.jsx:162:17)
[browser] [MyDBS] SSE déconnectée, reconnexion automatique... (components/header.jsx:162:17)
[browser] [MyDBS] SSE déconnectée, reconnexion automatique... (components/header.jsx:162:17)
[browser] [MyDBS] SSE déconnectée, reconnexion automatique... (components/header.jsx:162:17)
[Proxy] Path: /communications, Auth: true
 GET /communications 200 in 315ms (next.js: 9ms, proxy.ts: 10ms, application-code: 297ms)
[browser] Image with src "/logo-mydbs.png" has either width or height modified, but not the other. If you use CSS to change the size of your image, also include the styles 'width: "auto"' or 'height: "auto"' to maintain the aspect ratio.
[browser] [MyDBS] SSE déconnectée, reconnexion automatique... (components/header.jsx:162:17)
[Proxy] Path: /courses, Auth: true
 GET /courses 200 in 357ms (next.js: 191ms, proxy.ts: 21ms, application-code: 144ms)
[browser] [MyDBS] SSE déconnectée, reconnexion automatique... (components/header.jsx:162:17)
[browser] [MyDBS] SSE déconnectée, reconnexion automatique... (components/header.jsx:162:17)
[browser] [MyDBS] SSE déconnectée, reconnexion automatique... (components/header.jsx:162:17)
[browser] [MyDBS] SSE déconnectée, reconnexion automatique... (components/header.jsx:162:17)
[Proxy] Path: /communications, Auth: true
 GET /communications 200 in 73ms (next.js: 6ms, proxy.ts: 6ms, application-code: 61ms)
[browser] [MyDBS] SSE déconnectée, reconnexion automatique... (components/header.jsx:162:17)
[browser] [MyDBS] SSE déconnectée, reconnexion automatique... (components/header.jsx:162:17)
[browser] [MyDBS] SSE déconnectée, reconnexion automatique... (components/header.jsx:162:17)
[Proxy] Path: /courses, Auth: true
 GET /courses 200 in 55ms (next.js: 9ms, proxy.ts: 7ms, application-code: 39ms)
[Proxy] Path: /manifest.webmanifest, Auth: false
 GET /manifest.webmanifest 200 in 28ms (next.js: 14ms, proxy.ts: 6ms, application-code: 9ms)
[Proxy] Path: /logo-mydbs.png, Auth: true
[browser] [MyDBS] SSE déconnectée, reconnexion automatique... (components/header.jsx:162:17)
[browser] [MyDBS] SSE déconnectée, reconnexion automatique... (components/header.jsx:162:17)
[browser] [MyDBS] SSE déconnectée, reconnexion automatique... (components/header.jsx:162:17)
[browser] [MyDBS] SSE déconnectée, reconnexion automatique... (components/header.jsx:162:17)
[browser] [MyDBS] SSE déconnectée, reconnexion automatique... (components/header.jsx:162:17)
[browser] [MyDBS] SSE déconnectée, reconnexion automatique... (components/header.jsx:162:17)
[browser] [MyDBS] SSE déconnectée, reconnexion automatique... (components/header.jsx:162:17)
[browser] [MyDBS] SSE déconnectée, reconnexion automatique... (components/header.jsx:162:17)
[browser] [MyDBS] SSE déconnectée, reconnexion automatique... (components/header.jsx:162:17)
[browser] [MyDBS] SSE déconnectée, reconnexion automatique... (components/header.jsx:162:17)
[browser] [MyDBS] SSE déconnectée, reconnexion automatique... (components/header.jsx:162:17)
[browser] [MyDBS] SSE déconnectée, reconnexion automatique... (components/header.jsx:162:17)
[browser] [MyDBS] SSE déconnectée, reconnexion automatique... (components/header.jsx:162:17)
[browser] [MyDBS] SSE déconnectée, reconnexion automatique... (components/header.jsx:162:17)
[browser] [MyDBS] SSE déconnectée, reconnexion automatique... (components/header.jsx:162:17)
[Proxy] Path: /communications, Auth: true
 GET /communications 200 in 44ms (next.js: 5ms, proxy.ts: 8ms, application-code: 31ms)
[browser] [MyDBS] SSE déconnectée, reconnexion automatique... (components/header.jsx:162:17)
[browser] [MyDBS] SSE déconnectée, reconnexion automatique... (components/header.jsx:162:17)
[browser] [MyDBS] SSE déconnectée, reconnexion automatique... (components/header.jsx:162:17)
[browser] [MyDBS] SSE déconnectée, reconnexion automatique... (components/header.jsx:162:17)
[browser] [MyDBS] SSE déconnectée, reconnexion automatique... (components/header.jsx:162:17)
[browser] [MyDBS] SSE déconnectée, reconnexion automatique... (components/header.jsx:162:17)
[browser] [MyDBS] SSE déconnectée, reconnexion automatique... (components/header.jsx:162:17)
[browser] [MyDBS] SSE déconnectée, reconnexion automatique... (components/header.jsx:162:17)
[browser] [MyDBS] SSE déconnectée, reconnexion automatique... (components/header.jsx:162:17)
[browser] [MyDBS] SSE déconnectée, reconnexion automatique... (components/header.jsx:162:17)
[browser] [MyDBS] SSE déconnectée, reconnexion automatique... (components/header.jsx:162:17)
[browser] [MyDBS] SSE déconnectée, reconnexion automatique... (components/header.jsx:162:17)
[browser] [MyDBS] SSE déconnectée, reconnexion automatique... (components/header.jsx:162:17)
[browser] [MyDBS] SSE déconnectée, reconnexion automatique... (components/header.jsx:162:17)
[browser] [MyDBS] SSE déconnectée, reconnexion automatique... (components/header.jsx:162:17)
[browser] [MyDBS] SSE déconnectée, reconnexion automatique... (components/header.jsx:162:17)
[Proxy] Path: /career, Auth: true
 GET /career 200 in 186ms (next.js: 50ms, proxy.ts: 40ms, application-code: 97ms)
[Proxy] Path: /career, Auth: true
 GET /career 200 in 173ms (next.js: 7ms, proxy.ts: 7ms, application-code: 159ms)
[Proxy] Path: /.well-known/appspecific/com.chrome.devtools.json, Auth: true
[browser] Image with src "/logo-mydbs.png" has either width or height modified, but not the other. If you use CSS to change the size of your image, also include the styles 'width: "auto"' or 'height: "auto"' to maintain the aspect ratio.
[Proxy] Path: /courses, Auth: true
 GET /courses 200 in 81ms (next.js: 20ms, proxy.ts: 9ms, application-code: 51ms)
[Proxy] Path: /overview, Auth: true
 GET /overview 200 in 66ms (next.js: 21ms, proxy.ts: 11ms, application-code: 34ms)
[Proxy] Path: /profile, Auth: true
 GET /profile 200 in 58ms (next.js: 15ms, proxy.ts: 4ms, application-code: 39ms)
[Proxy] Path: /analytics, Auth: true
 GET /analytics 200 in 268ms (next.js: 163ms, proxy.ts: 5ms, application-code: 100ms)
[Proxy] Path: /logs, Auth: true
 GET /logs 200 in 162ms (next.js: 79ms, proxy.ts: 6ms, application-code: 76ms)
 GET /api-local-logs?lines=1000&type=backend 200 in 213ms (next.js: 139ms, application-code: 73ms)
 GET /api-local-logs?lines=1000&type=backend 200 in 97ms (next.js: 3ms, application-code: 94ms)
 GET /api-local-logs?lines=1000&type=backend 200 in 69ms (next.js: 4ms, application-code: 64ms)
 GET /api-local-logs?lines=1000&type=backend 200 in 34ms (next.js: 5ms, application-code: 29ms)
 GET /api-local-logs?lines=1000&type=frontend 200 in 115ms (next.js: 8ms, application-code: 107ms)
 GET /api-local-logs?lines=1000&type=frontend 200 in 61ms (next.js: 9ms, application-code: 52ms)
 GET /api-local-logs?lines=1000&type=frontend 200 in 25ms (next.js: 3ms, application-code: 22ms)
 GET /api-local-logs?lines=1000&type=frontend 200 in 25ms (next.js: 2ms, application-code: 22ms)
 GET /api-local-logs?lines=1000&type=frontend 200 in 23ms (next.js: 4ms, application-code: 20ms)
 GET /api-local-logs?lines=1000&type=frontend 200 in 26ms (next.js: 2ms, application-code: 23ms)
 GET /api-local-logs?lines=1000&type=frontend 200 in 21ms (next.js: 4ms, application-code: 17ms)
 GET /api-local-logs?lines=1000&type=frontend 200 in 26ms (next.js: 4ms, application-code: 23ms)
 GET /api-local-logs?lines=1000&type=frontend 200 in 34ms (next.js: 6ms, application-code: 28ms)
[?25h
