[INFO] Scanning for projects...
[INFO] 
[INFO] -------------------------< com.mydbs:backend >--------------------------
[INFO] Building backend 0.0.1-SNAPSHOT
[INFO]   from pom.xml
[INFO] --------------------------------[ jar ]---------------------------------
[INFO] 
[INFO] >>> spring-boot:3.4.1:run (default-cli) > test-compile @ backend >>>
[INFO] 
[INFO] --- resources:3.3.1:resources (default-resources) @ backend ---
[INFO] Copying 3 resources from src/main/resources to target/classes
[INFO] Copying 28 resources from src/main/resources to target/classes
[INFO] 
[INFO] --- compiler:3.13.0:compile (default-compile) @ backend ---
[INFO] Nothing to compile - all classes are up to date.
[INFO] 
[INFO] --- resources:3.3.1:testResources (default-testResources) @ backend ---
[INFO] skip non existing resourceDirectory /Volumes/Lenovo PS8/DBS/my-dbs-master/my-school-main (2)/backend/src/test/resources
[INFO] 
[INFO] --- compiler:3.13.0:testCompile (default-testCompile) @ backend ---
[INFO] Nothing to compile - all classes are up to date.
[INFO] 
[INFO] <<< spring-boot:3.4.1:run (default-cli) < test-compile @ backend <<<
[INFO] 
[INFO] 
[INFO] --- spring-boot:3.4.1:run (default-cli) @ backend ---
[INFO] Attaching agents: []

  .   ____          _            __ _ _
 /\\ / ___'_ __ _ _(_)_ __  __ _ \ \ \ \
( ( )\___ | '_ | '_| | '_ \/ _` | \ \ \ \
 \\/  ___)| |_)| | | | | || (_| |  ) ) ) )
  '  |____| .__|_| |_|_| |_\__, | / / / /
 =========|_|==============|___/=/_/_/_/

 :: Spring Boot ::                (v3.4.1)

2026-04-14T15:12:02.697+01:00  INFO 10697 --- [backend] [  restartedMain] com.mydbs.backend.BackendApplication     : Starting BackendApplication using Java 25.0.2 with PID 10697 (/Volumes/Lenovo PS8/DBS/my-dbs-master/my-school-main (2)/backend/target/classes started by JEaLiFe in /Volumes/Lenovo PS8/DBS/my-dbs-master/my-school-main (2)/backend)
2026-04-14T15:12:02.701+01:00  INFO 10697 --- [backend] [  restartedMain] com.mydbs.backend.BackendApplication     : The following 1 profile is active: "local"
2026-04-14T15:12:02.751+01:00  INFO 10697 --- [backend] [  restartedMain] .e.DevToolsPropertyDefaultsPostProcessor : Devtools property defaults active! Set 'spring.devtools.add-properties' to 'false' to disable
2026-04-14T15:12:02.751+01:00  INFO 10697 --- [backend] [  restartedMain] .e.DevToolsPropertyDefaultsPostProcessor : For additional web related logging consider setting the 'logging.level.web' property to 'DEBUG'
2026-04-14T15:12:04.133+01:00  INFO 10697 --- [backend] [  restartedMain] .s.d.r.c.RepositoryConfigurationDelegate : Bootstrapping Spring Data JPA repositories in DEFAULT mode.
2026-04-14T15:12:04.519+01:00  INFO 10697 --- [backend] [  restartedMain] .s.d.r.c.RepositoryConfigurationDelegate : Finished Spring Data repository scanning in 377 ms. Found 65 JPA repository interfaces.
WARNING: A restricted method in java.lang.System has been called
WARNING: java.lang.System::load has been called by org.apache.tomcat.jni.Library in an unnamed module (file:/Users/JEaLiFe/.m2/repository/org/apache/tomcat/embed/tomcat-embed-core/10.1.34/tomcat-embed-core-10.1.34.jar)
WARNING: Use --enable-native-access=ALL-UNNAMED to avoid a warning for callers in this module
WARNING: Restricted methods will be blocked in a future release unless native access is enabled

2026-04-14T15:12:05.620+01:00  INFO 10697 --- [backend] [  restartedMain] o.s.b.w.embedded.tomcat.TomcatWebServer  : Tomcat initialized with port 8080 (http)
2026-04-14T15:12:05.634+01:00  INFO 10697 --- [backend] [  restartedMain] o.apache.catalina.core.StandardService   : Starting service [Tomcat]
2026-04-14T15:12:05.635+01:00  INFO 10697 --- [backend] [  restartedMain] o.apache.catalina.core.StandardEngine    : Starting Servlet engine: [Apache Tomcat/10.1.34]
2026-04-14T15:12:05.677+01:00  INFO 10697 --- [backend] [  restartedMain] o.a.c.c.C.[Tomcat].[localhost].[/]       : Initializing Spring embedded WebApplicationContext
2026-04-14T15:12:05.679+01:00  INFO 10697 --- [backend] [  restartedMain] w.s.c.ServletWebServerApplicationContext : Root WebApplicationContext: initialization completed in 2926 ms
2026-04-14T15:12:06.081+01:00  INFO 10697 --- [backend] [  restartedMain] com.zaxxer.hikari.HikariDataSource       : HikariPool-1 - Starting...
2026-04-14T15:12:06.236+01:00  INFO 10697 --- [backend] [  restartedMain] com.zaxxer.hikari.pool.HikariPool        : HikariPool-1 - Added connection com.mysql.cj.jdbc.ConnectionImpl@52f49463
2026-04-14T15:12:06.243+01:00  INFO 10697 --- [backend] [  restartedMain] com.zaxxer.hikari.HikariDataSource       : HikariPool-1 - Start completed.
2026-04-14T15:12:06.256+01:00  INFO 10697 --- [backend] [  restartedMain] o.f.c.i.resource.ResourceNameValidator   : 28 SQL migrations were detected but not run because they did not follow the filename convention.
2026-04-14T15:12:06.256+01:00  INFO 10697 --- [backend] [  restartedMain] o.f.c.i.resource.ResourceNameValidator   : Set 'validateMigrationNaming' to true to fail fast and see a list of the invalid file names.
2026-04-14T15:12:06.282+01:00  INFO 10697 --- [backend] [  restartedMain] org.flywaydb.core.FlywayExecutor         : Database: jdbc:mysql://localhost:3306/mydbs_dbb?createDatabaseIfNotExist=true&useSSL=false&serverTimezone=UTC (MySQL 12.2)
2026-04-14T15:12:06.298+01:00  WARN 10697 --- [backend] [  restartedMain] o.f.c.internal.database.base.Database    : Flyway upgrade recommended: MariaDB 12.2 is newer than this version of Flyway and support has not been tested. The latest supported version of MariaDB is 11.2.
2026-04-14T15:12:06.351+01:00  INFO 10697 --- [backend] [  restartedMain] o.f.core.internal.command.DbValidate     : Successfully validated 28 migrations (execution time 00:00.042s)
2026-04-14T15:12:06.363+01:00  INFO 10697 --- [backend] [  restartedMain] o.f.core.internal.command.DbMigrate      : Current version of schema `mydbs_dbb`: 1.0.27
2026-04-14T15:12:06.367+01:00  INFO 10697 --- [backend] [  restartedMain] o.f.core.internal.command.DbMigrate      : Schema `mydbs_dbb` is up to date. No migration necessary.
2026-04-14T15:12:06.597+01:00  INFO 10697 --- [backend] [  restartedMain] o.hibernate.jpa.internal.util.LogHelper  : HHH000204: Processing PersistenceUnitInfo [name: default]
2026-04-14T15:12:06.646+01:00  INFO 10697 --- [backend] [  restartedMain] org.hibernate.Version                    : HHH000412: Hibernate ORM core version 6.6.4.Final
2026-04-14T15:12:06.679+01:00  INFO 10697 --- [backend] [  restartedMain] o.h.c.internal.RegionFactoryInitiator    : HHH000026: Second-level cache disabled
2026-04-14T15:12:06.937+01:00  INFO 10697 --- [backend] [  restartedMain] o.s.o.j.p.SpringPersistenceUnitInfo      : No LoadTimeWeaver setup: ignoring JPA class transformer
2026-04-14T15:12:06.981+01:00  WARN 10697 --- [backend] [  restartedMain] o.h.e.j.e.i.JdbcEnvironmentInitiator     : HHH000339: Could not obtain connection metadata: java.sql.SQLSyntaxErrorException: Unknown column 'RESERVED' in 'WHERE'
2026-04-14T15:12:06.997+01:00  WARN 10697 --- [backend] [  restartedMain] org.hibernate.orm.deprecation            : HHH90000025: MySQLDialect does not need to be specified explicitly using 'hibernate.dialect' (remove the property setting and it will be selected by default)
2026-04-14T15:12:07.006+01:00  INFO 10697 --- [backend] [  restartedMain] org.hibernate.orm.connections.pooling    : HHH10001005: Database info:
	Database JDBC URL [Connecting through datasource 'HikariDataSource (HikariPool-1)']
	Database driver: undefined/unknown
	Database version: 8.0
	Autocommit mode: undefined/unknown
	Isolation level: undefined/unknown
	Minimum pool size: undefined/unknown
	Maximum pool size: undefined/unknown
2026-04-14T15:12:09.002+01:00  INFO 10697 --- [backend] [  restartedMain] o.h.e.t.j.p.i.JtaPlatformInitiator       : HHH000489: No JTA platform available (set 'hibernate.transaction.jta.platform' to enable JTA platform integration)
2026-04-14T15:12:09.152+01:00  INFO 10697 --- [backend] [  restartedMain] j.LocalContainerEntityManagerFactoryBean : Initialized JPA EntityManagerFactory for persistence unit 'default'
2026-04-14T15:12:09.620+01:00  INFO 10697 --- [backend] [  restartedMain] o.s.d.j.r.query.QueryEnhancerFactory     : Hibernate is in classpath; If applicable, HQL parser will be used.
2026-04-14T15:12:10.977+01:00  INFO 10697 --- [backend] [  restartedMain] eAuthenticationProviderManagerConfigurer : Global AuthenticationManager configured with AuthenticationProvider bean with name authenticationProvider
2026-04-14T15:12:10.978+01:00  WARN 10697 --- [backend] [  restartedMain] r$InitializeUserDetailsManagerConfigurer : Global AuthenticationManager configured with an AuthenticationProvider bean. UserDetailsService beans will not be used by Spring Security for automatically configuring username/password login. Consider removing the AuthenticationProvider bean. Alternatively, consider using the UserDetailsService in a manually instantiated DaoAuthenticationProvider. If the current configuration is intentional, to turn off this warning, increase the logging level of 'org.springframework.security.config.annotation.authentication.configuration.InitializeUserDetailsBeanManagerConfigurer' to ERROR
2026-04-14T15:12:14.785+01:00  INFO 10697 --- [backend] [  restartedMain] o.s.b.a.e.web.EndpointLinksResolver      : Exposing 3 endpoints beneath base path '/actuator'
2026-04-14T15:12:15.672+01:00  INFO 10697 --- [backend] [  restartedMain] o.s.b.d.a.OptionalLiveReloadServer       : LiveReload server is running on port 35729
2026-04-14T15:12:15.755+01:00  INFO 10697 --- [backend] [  restartedMain] o.s.b.w.embedded.tomcat.TomcatWebServer  : Tomcat started on port 8080 (http) with context path '/'
2026-04-14T15:12:15.774+01:00  INFO 10697 --- [backend] [  restartedMain] com.mydbs.backend.BackendApplication     : Started BackendApplication in 13.456 seconds (process running for 13.92)
Hibernate: 
    select
        u1_0.id,
        u1_0.bio,
        u1_0.created_at,
        u1_0.is_deleted,
        u1_0.email,
        u1_0.first_name,
        u1_0.last_name,
        u1_0.password,
        u1_0.phone_number,
        u1_0.photo_url,
        u1_0.role,
        u1_0.status,
        u1_0.updated_at,
        u1_0.user_code 
    from
        users u1_0 
    where
        u1_0.email=?
Hibernate: 
    select
        u1_0.id,
        u1_0.bio,
        u1_0.created_at,
        u1_0.is_deleted,
        u1_0.email,
        u1_0.first_name,
        u1_0.last_name,
        u1_0.password,
        u1_0.phone_number,
        u1_0.photo_url,
        u1_0.role,
        u1_0.status,
        u1_0.updated_at,
        u1_0.user_code 
    from
        users u1_0 
    where
        u1_0.id=?
Hibernate: 
    update
        users 
    set
        bio=?,
        is_deleted=?,
        email=?,
        first_name=?,
        last_name=?,
        password=?,
        phone_number=?,
        photo_url=?,
        role=?,
        status=?,
        updated_at=?,
        user_code=? 
    where
        id=?
2026-04-14T15:12:42.263+01:00  INFO 10697 --- [backend] [nio-8080-exec-1] o.a.c.c.C.[Tomcat].[localhost].[/]       : Initializing Spring DispatcherServlet 'dispatcherServlet'
2026-04-14T15:12:42.264+01:00  INFO 10697 --- [backend] [nio-8080-exec-1] o.s.web.servlet.DispatcherServlet        : Initializing Servlet 'dispatcherServlet'
2026-04-14T15:12:42.270+01:00  INFO 10697 --- [backend] [nio-8080-exec-1] o.s.web.servlet.DispatcherServlet        : Completed initialization in 5 ms
Hibernate: 
    select
        u1_0.id,
        u1_0.bio,
        u1_0.created_at,
        u1_0.is_deleted,
        u1_0.email,
        u1_0.first_name,
        u1_0.last_name,
        u1_0.password,
        u1_0.phone_number,
        u1_0.photo_url,
        u1_0.role,
        u1_0.status,
        u1_0.updated_at,
        u1_0.user_code 
    from
        users u1_0 
    where
        u1_0.email=? 
        and not(u1_0.is_deleted)
Hibernate: 
    select
        u1_0.id,
        u1_0.bio,
        u1_0.created_at,
        u1_0.is_deleted,
        u1_0.email,
        u1_0.first_name,
        u1_0.last_name,
        u1_0.password,
        u1_0.phone_number,
        u1_0.photo_url,
        u1_0.role,
        u1_0.status,
        u1_0.updated_at,
        u1_0.user_code 
    from
        users u1_0 
    where
        u1_0.email=? 
        and not(u1_0.is_deleted)
Hibernate: 
    select
        s1_0.id,
        s1_0.academic_year_id,
        s1_0.address_line,
        s1_0.admission_date,
        s1_0.admission_number,
        s1_0.archived,
        s1_0.city,
        s1_0.city_of_birth,
        s1_0.class_id,
        s1_0.cohort_id,
        s1_0.country,
        s1_0.country_of_birth,
        s1_0.created_at,
        s1_0.created_by,
        s1_0.date_of_birth,
        s1_0.email,
        s1_0.enrollment_type,
        s1_0.expected_graduation_date,
        s1_0.first_name,
        s1_0.gender,
        s1_0.international_student,
        s1_0.last_name,
        s1_0.medical_notes,
        s1_0.middle_name,
        s1_0.national_id_number,
        s1_0.nationality,
        s1_0.passport_number,
        s1_0.phone_number,
        s1_0.photo_url,
        s1_0.postal_code,
        s1_0.program_id,
        s1_0.registration_date,
        s1_0.registration_number,
        s1_0.scholarship_holder,
        s1_0.secondary_phone_number,
        s1_0.special_needs_notes,
        s1_0.status,
        s1_0.student_number,
        s1_0.updated_at,
        s1_0.updated_by,
        s1_0.user_id,
        s1_0.working_student 
    from
        students s1_0 
    left join
        users u1_0 
            on u1_0.id=s1_0.user_id 
    where
        u1_0.id=?
Hibernate: 
    select
        u1_0.id,
        u1_0.bio,
        u1_0.created_at,
        u1_0.is_deleted,
        u1_0.email,
        u1_0.first_name,
        u1_0.last_name,
        u1_0.password,
        u1_0.phone_number,
        u1_0.photo_url,
        u1_0.role,
        u1_0.status,
        u1_0.updated_at,
        u1_0.user_code 
    from
        users u1_0 
    where
        u1_0.email=? 
        and not(u1_0.is_deleted)
Hibernate: 
    select
        gb1_0.id,
        gb1_0.academic_year_id,
        gb1_0.archived,
        gb1_0.cohort_id,
        gb1_0.course_id,
        c1_0.id,
        c1_0.academic_year_id,
        c1_0.archived,
        c1_0.class_id,
        c1_0.code,
        c1_0.course_sheet,
        c1_0.created_at,
        c1_0.created_by,
        c1_0.credits,
        c1_0.current_version_number,
        c1_0.description,
        c1_0.instructor_user_id,
        c1_0.objectives,
        c1_0.prerequisites,
        c1_0.program_id,
        c1_0.published,
        c1_0.semester,
        c1_0.status,
        c1_0.syllabus,
        tu1_0.id,
        tu1_0.archived,
        tu1_0.code,
        tu1_0.created_at,
        tu1_0.created_by,
        tu1_0.description,
        tu1_0.name,
        tu1_0.order_index,
        tu1_0.program_id,
        tu1_0.semester,
        tu1_0.updated_at,
        tu1_0.updated_by,
        c1_0.title,
        c1_0.total_hours,
        c1_0.updated_at,
        c1_0.updated_by,
        c1_0.visibility,
        gb1_0.created_at,
        gb1_0.created_by,
        gb1_0.credits,
        gb1_0.passing_grade,
        gb1_0.semester,
        gb1_0.student_id,
        gb1_0.teacher_appreciation,
        gb1_0.updated_at,
        gb1_0.updated_by,
        gb1_0.validated,
        gb1_0.weighted_average 
    from
        grade_books gb1_0 
    left join
        courses c1_0 
            on c1_0.id=gb1_0.course_id 
    left join
        teaching_units tu1_0 
            on tu1_0.id=c1_0.teaching_unit_id 
    where
        gb1_0.student_id=? 
        and gb1_0.archived=0 
    order by
        c1_0.title
Hibernate: 
    select
        u1_0.id,
        u1_0.bio,
        u1_0.created_at,
        u1_0.is_deleted,
        u1_0.email,
        u1_0.first_name,
        u1_0.last_name,
        u1_0.password,
        u1_0.phone_number,
        u1_0.photo_url,
        u1_0.role,
        u1_0.status,
        u1_0.updated_at,
        u1_0.user_code 
    from
        users u1_0 
    where
        u1_0.email=? 
        and not(u1_0.is_deleted)
Hibernate: 
    select
        u1_0.id,
        u1_0.bio,
        u1_0.created_at,
        u1_0.is_deleted,
        u1_0.email,
        u1_0.first_name,
        u1_0.last_name,
        u1_0.password,
        u1_0.phone_number,
        u1_0.photo_url,
        u1_0.role,
        u1_0.status,
        u1_0.updated_at,
        u1_0.user_code 
    from
        users u1_0 
    where
        u1_0.email=? 
        and not(u1_0.is_deleted)
Hibernate: 
    select
        u1_0.id,
        u1_0.bio,
        u1_0.created_at,
        u1_0.is_deleted,
        u1_0.email,
        u1_0.first_name,
        u1_0.last_name,
        u1_0.password,
        u1_0.phone_number,
        u1_0.photo_url,
        u1_0.role,
        u1_0.status,
        u1_0.updated_at,
        u1_0.user_code 
    from
        users u1_0 
    where
        u1_0.email=? 
        and not(u1_0.is_deleted)
Hibernate: 
    select
        u1_0.id,
        u1_0.bio,
        u1_0.created_at,
        u1_0.is_deleted,
        u1_0.email,
        u1_0.first_name,
        u1_0.last_name,
        u1_0.password,
        u1_0.phone_number,
        u1_0.photo_url,
        u1_0.role,
        u1_0.status,
        u1_0.updated_at,
        u1_0.user_code 
    from
        users u1_0 
    where
        u1_0.email=? 
        and not(u1_0.is_deleted)
Hibernate: 
    select
        u1_0.id,
        u1_0.bio,
        u1_0.created_at,
        u1_0.is_deleted,
        u1_0.email,
        u1_0.first_name,
        u1_0.last_name,
        u1_0.password,
        u1_0.phone_number,
        u1_0.photo_url,
        u1_0.role,
        u1_0.status,
        u1_0.updated_at,
        u1_0.user_code 
    from
        users u1_0 
    where
        u1_0.email=? 
        and not(u1_0.is_deleted)
2026-04-14T15:13:29.546+01:00  INFO 10697 --- [backend] [nio-8080-exec-3] c.m.b.n.sse.SseEmitterRegistry           : SSE connexion ouverte pour userId=18
Hibernate: 
    select
        u1_0.id,
        u1_0.bio,
        u1_0.created_at,
        u1_0.is_deleted,
        u1_0.email,
        u1_0.first_name,
        u1_0.last_name,
        u1_0.password,
        u1_0.phone_number,
        u1_0.photo_url,
        u1_0.role,
        u1_0.status,
        u1_0.updated_at,
        u1_0.user_code 
    from
        users u1_0 
    where
        u1_0.email=?
Hibernate: 
    select
        count(n1_0.id) 
    from
        notifications n1_0 
    where
        n1_0.user_id=? 
        and not(n1_0.is_read)
Hibernate: 
    select
        count(m1_0.id) 
    from
        messages m1_0 
    where
        m1_0.recipient_id=? 
        and not(m1_0.is_read) 
        and not(m1_0.archived)
Hibernate: 
    select
        s1_0.id,
        s1_0.academic_year_id,
        s1_0.address_line,
        s1_0.admission_date,
        s1_0.admission_number,
        s1_0.archived,
        s1_0.city,
        s1_0.city_of_birth,
        s1_0.class_id,
        s1_0.cohort_id,
        s1_0.country,
        s1_0.country_of_birth,
        s1_0.created_at,
        s1_0.created_by,
        s1_0.date_of_birth,
        s1_0.email,
        s1_0.enrollment_type,
        s1_0.expected_graduation_date,
        s1_0.first_name,
        s1_0.gender,
        s1_0.international_student,
        s1_0.last_name,
        s1_0.medical_notes,
        s1_0.middle_name,
        s1_0.national_id_number,
        s1_0.nationality,
        s1_0.passport_number,
        s1_0.phone_number,
        s1_0.photo_url,
        s1_0.postal_code,
        s1_0.program_id,
        s1_0.registration_date,
        s1_0.registration_number,
        s1_0.scholarship_holder,
        s1_0.secondary_phone_number,
        s1_0.special_needs_notes,
        s1_0.status,
        s1_0.student_number,
        s1_0.updated_at,
        s1_0.updated_by,
        s1_0.user_id,
        s1_0.working_student 
    from
        students s1_0 
    left join
        users u1_0 
            on u1_0.id=s1_0.user_id 
    where
        u1_0.id=?
Hibernate: 
    select
        n1_0.id,
        n1_0.created_at,
        n1_0.is_read,
        n1_0.message,
        n1_0.title,
        n1_0.notification_type,
        n1_0.user_id 
    from
        notifications n1_0 
    where
        n1_0.user_id=? 
    order by
        n1_0.created_at desc 
    limit
        ?
Hibernate: 
    select
        gc1_0.id,
        gc1_0.address_line,
        gc1_0.archived,
        gc1_0.city,
        gc1_0.country,
        gc1_0.created_at,
        gc1_0.created_by,
        gc1_0.email,
        gc1_0.full_name,
        gc1_0.phone_number,
        gc1_0.primary_contact,
        gc1_0.relationship_label,
        gc1_0.secondary_phone_number,
        gc1_0.student_id,
        gc1_0.updated_at,
        gc1_0.updated_by 
    from
        guardian_contacts gc1_0 
    join
        students s1_0 
            on s1_0.id=gc1_0.student_id 
    where
        s1_0.id=? 
        and not(gc1_0.archived) 
    order by
        gc1_0.primary_contact desc,
        gc1_0.created_at
2026-04-14T15:13:29.571+01:00  WARN 10697 --- [backend] [nio-8080-exec-7] ration$PageModule$WarningLoggingModifier : Serializing PageImpl instances as-is is not supported, meaning that there is no guarantee about the stability of the resulting JSON structure!
	For a stable JSON structure, please use Spring Data's PagedModel (globally via @EnableSpringDataWebSupport(pageSerializationMode = VIA_DTO))
	or Spring HATEOAS and Spring Data's PagedResourcesAssembler as documented in https://docs.spring.io/spring-data/commons/reference/repositories/core-extensions.html#core.web.pageables.

Hibernate: 
    select
        ec1_0.id,
        ec1_0.address_line,
        ec1_0.archived,
        ec1_0.created_at,
        ec1_0.created_by,
        ec1_0.email,
        ec1_0.full_name,
        ec1_0.phone_number,
        ec1_0.priority_order,
        ec1_0.relationship_label,
        ec1_0.secondary_phone_number,
        ec1_0.student_id,
        ec1_0.updated_at,
        ec1_0.updated_by 
    from
        emergency_contacts ec1_0 
    join
        students s1_0 
            on s1_0.id=ec1_0.student_id 
    where
        s1_0.id=? 
        and not(ec1_0.archived) 
    order by
        ec1_0.priority_order
Hibernate: 
    select
        ssh1_0.id,
        ssh1_0.archived,
        ssh1_0.context_label,
        ssh1_0.created_at,
        ssh1_0.created_by,
        ssh1_0.new_status,
        ssh1_0.old_status,
        ssh1_0.reason,
        ssh1_0.student_id,
        ssh1_0.updated_at,
        ssh1_0.updated_by 
    from
        student_status_history ssh1_0 
    join
        students s1_0 
            on s1_0.id=ssh1_0.student_id 
    where
        s1_0.id=? 
    order by
        ssh1_0.created_at desc
Hibernate: 
    select
        ay1_0.id,
        ay1_0.archived,
        ay1_0.code,
        ay1_0.created_at,
        ay1_0.created_by,
        ay1_0.current_year,
        ay1_0.description,
        ay1_0.end_date,
        ay1_0.name,
        ay1_0.start_date,
        ay1_0.status,
        ay1_0.updated_at,
        ay1_0.updated_by 
    from
        academic_years ay1_0 
    where
        ay1_0.id=?
Hibernate: 
    select
        p1_0.id,
        p1_0.archived,
        p1_0.code,
        p1_0.created_at,
        p1_0.created_by,
        p1_0.credits_required,
        p1_0.department_name,
        p1_0.description,
        p1_0.duration_in_months,
        p1_0.faculty_name,
        p1_0.level,
        p1_0.name,
        p1_0.status,
        p1_0.updated_at,
        p1_0.updated_by 
    from
        programs p1_0 
    where
        p1_0.id=?
Hibernate: 
    select
        cr1_0.id,
        cr1_0.academic_year_id,
        cr1_0.archived,
        cr1_0.capacity,
        cr1_0.code,
        cr1_0.cohort_id,
        cr1_0.created_at,
        cr1_0.created_by,
        cr1_0.delivery_mode,
        cr1_0.description,
        cr1_0.name,
        cr1_0.program_id,
        cr1_0.room_label,
        cr1_0.status,
        cr1_0.updated_at,
        cr1_0.updated_by 
    from
        classes cr1_0 
    where
        cr1_0.id=?
Hibernate: 
    select
        u1_0.id,
        u1_0.bio,
        u1_0.created_at,
        u1_0.is_deleted,
        u1_0.email,
        u1_0.first_name,
        u1_0.last_name,
        u1_0.password,
        u1_0.phone_number,
        u1_0.photo_url,
        u1_0.role,
        u1_0.status,
        u1_0.updated_at,
        u1_0.user_code 
    from
        users u1_0 
    where
        u1_0.email=? 
        and not(u1_0.is_deleted)
Hibernate: 
    select
        u1_0.id,
        u1_0.bio,
        u1_0.created_at,
        u1_0.is_deleted,
        u1_0.email,
        u1_0.first_name,
        u1_0.last_name,
        u1_0.password,
        u1_0.phone_number,
        u1_0.photo_url,
        u1_0.role,
        u1_0.status,
        u1_0.updated_at,
        u1_0.user_code 
    from
        users u1_0 
    where
        u1_0.email=? 
        and not(u1_0.is_deleted)
Hibernate: 
    select
        s1_0.id,
        s1_0.academic_year_id,
        s1_0.address_line,
        s1_0.admission_date,
        s1_0.admission_number,
        s1_0.archived,
        s1_0.city,
        s1_0.city_of_birth,
        s1_0.class_id,
        s1_0.cohort_id,
        s1_0.country,
        s1_0.country_of_birth,
        s1_0.created_at,
        s1_0.created_by,
        s1_0.date_of_birth,
        s1_0.email,
        s1_0.enrollment_type,
        s1_0.expected_graduation_date,
        s1_0.first_name,
        s1_0.gender,
        s1_0.international_student,
        s1_0.last_name,
        s1_0.medical_notes,
        s1_0.middle_name,
        s1_0.national_id_number,
        s1_0.nationality,
        s1_0.passport_number,
        s1_0.phone_number,
        s1_0.photo_url,
        s1_0.postal_code,
        s1_0.program_id,
        s1_0.registration_date,
        s1_0.registration_number,
        s1_0.scholarship_holder,
        s1_0.secondary_phone_number,
        s1_0.special_needs_notes,
        s1_0.status,
        s1_0.student_number,
        s1_0.updated_at,
        s1_0.updated_by,
        s1_0.user_id,
        s1_0.working_student 
    from
        students s1_0 
    where
        s1_0.id=?
Hibernate: 
    select
        s1_0.id,
        s1_0.academic_year_id,
        s1_0.address_line,
        s1_0.admission_date,
        s1_0.admission_number,
        s1_0.archived,
        s1_0.city,
        s1_0.city_of_birth,
        s1_0.class_id,
        s1_0.cohort_id,
        s1_0.country,
        s1_0.country_of_birth,
        s1_0.created_at,
        s1_0.created_by,
        s1_0.date_of_birth,
        s1_0.email,
        s1_0.enrollment_type,
        s1_0.expected_graduation_date,
        s1_0.first_name,
        s1_0.gender,
        s1_0.international_student,
        s1_0.last_name,
        s1_0.medical_notes,
        s1_0.middle_name,
        s1_0.national_id_number,
        s1_0.nationality,
        s1_0.passport_number,
        s1_0.phone_number,
        s1_0.photo_url,
        s1_0.postal_code,
        s1_0.program_id,
        s1_0.registration_date,
        s1_0.registration_number,
        s1_0.scholarship_holder,
        s1_0.secondary_phone_number,
        s1_0.special_needs_notes,
        s1_0.status,
        s1_0.student_number,
        s1_0.updated_at,
        s1_0.updated_by,
        s1_0.user_id,
        s1_0.working_student 
    from
        students s1_0 
    where
        s1_0.id=?
Hibernate: 
    select
        ar1_0.id,
        ar1_0.archived,
        ar1_0.arrival_time,
        ar1_0.created_at,
        ar1_0.created_by,
        ar1_0.late_minutes,
        ar1_0.session_id,
        ar1_0.status,
        ar1_0.student_id,
        ar1_0.teacher_note,
        ar1_0.updated_at,
        ar1_0.updated_by 
    from
        attendance_records ar1_0 
    join
        students s1_0 
            on s1_0.id=ar1_0.student_id 
    where
        s1_0.id=? 
        and not(ar1_0.archived) 
    order by
        ar1_0.created_at desc
Hibernate: 
    select
        count(ar1_0.id) 
    from
        attendance_records ar1_0 
    where
        ar1_0.student_id=? 
        and ar1_0.archived=0
Hibernate: 
    select
        count(ar1_0.id) 
    from
        attendance_records ar1_0 
    where
        ar1_0.student_id=? 
        and ar1_0.status in ('PRESENT', 'LATE', 'REMOTE', 'EXCUSED') 
        and ar1_0.archived=0
Hibernate: 
    select
        u1_0.id,
        u1_0.bio,
        u1_0.created_at,
        u1_0.is_deleted,
        u1_0.email,
        u1_0.first_name,
        u1_0.last_name,
        u1_0.password,
        u1_0.phone_number,
        u1_0.photo_url,
        u1_0.role,
        u1_0.status,
        u1_0.updated_at,
        u1_0.user_code 
    from
        users u1_0 
    where
        u1_0.email=? 
        and not(u1_0.is_deleted)
Hibernate: 
    select
        gb1_0.id,
        gb1_0.academic_year_id,
        gb1_0.archived,
        gb1_0.cohort_id,
        gb1_0.course_id,
        c1_0.id,
        c1_0.academic_year_id,
        c1_0.archived,
        c1_0.class_id,
        c1_0.code,
        c1_0.course_sheet,
        c1_0.created_at,
        c1_0.created_by,
        c1_0.credits,
        c1_0.current_version_number,
        c1_0.description,
        c1_0.instructor_user_id,
        c1_0.objectives,
        c1_0.prerequisites,
        c1_0.program_id,
        c1_0.published,
        c1_0.semester,
        c1_0.status,
        c1_0.syllabus,
        tu1_0.id,
        tu1_0.archived,
        tu1_0.code,
        tu1_0.created_at,
        tu1_0.created_by,
        tu1_0.description,
        tu1_0.name,
        tu1_0.order_index,
        tu1_0.program_id,
        tu1_0.semester,
        tu1_0.updated_at,
        tu1_0.updated_by,
        c1_0.title,
        c1_0.total_hours,
        c1_0.updated_at,
        c1_0.updated_by,
        c1_0.visibility,
        gb1_0.created_at,
        gb1_0.created_by,
        gb1_0.credits,
        gb1_0.passing_grade,
        gb1_0.semester,
        gb1_0.student_id,
        gb1_0.teacher_appreciation,
        gb1_0.updated_at,
        gb1_0.updated_by,
        gb1_0.validated,
        gb1_0.weighted_average 
    from
        grade_books gb1_0 
    left join
        courses c1_0 
            on c1_0.id=gb1_0.course_id 
    left join
        teaching_units tu1_0 
            on tu1_0.id=c1_0.teaching_unit_id 
    where
        gb1_0.student_id=? 
        and gb1_0.archived=0 
    order by
        c1_0.title
Hibernate: 
    select
        u1_0.id,
        u1_0.bio,
        u1_0.created_at,
        u1_0.is_deleted,
        u1_0.email,
        u1_0.first_name,
        u1_0.last_name,
        u1_0.password,
        u1_0.phone_number,
        u1_0.photo_url,
        u1_0.role,
        u1_0.status,
        u1_0.updated_at,
        u1_0.user_code 
    from
        users u1_0 
    where
        u1_0.email=? 
        and not(u1_0.is_deleted)
Hibernate: 
    select
        u1_0.id,
        u1_0.bio,
        u1_0.created_at,
        u1_0.is_deleted,
        u1_0.email,
        u1_0.first_name,
        u1_0.last_name,
        u1_0.password,
        u1_0.phone_number,
        u1_0.photo_url,
        u1_0.role,
        u1_0.status,
        u1_0.updated_at,
        u1_0.user_code 
    from
        users u1_0 
    where
        u1_0.email=? 
        and not(u1_0.is_deleted)
Hibernate: 
    select
        c1_0.id,
        c1_0.academic_year_id,
        c1_0.archived,
        c1_0.class_id,
        c1_0.code,
        c1_0.course_sheet,
        c1_0.created_at,
        c1_0.created_by,
        c1_0.credits,
        c1_0.current_version_number,
        c1_0.description,
        c1_0.instructor_user_id,
        c1_0.objectives,
        c1_0.prerequisites,
        c1_0.program_id,
        c1_0.published,
        c1_0.semester,
        c1_0.status,
        c1_0.syllabus,
        c1_0.teaching_unit_id,
        c1_0.title,
        c1_0.total_hours,
        c1_0.updated_at,
        c1_0.updated_by,
        c1_0.visibility 
    from
        courses c1_0 
    where
        not(c1_0.archived) 
    order by
        c1_0.title
Hibernate: 
    select
        c1_0.id,
        c1_0.academic_year_id,
        c1_0.archived,
        c1_0.class_id,
        c1_0.code,
        c1_0.course_sheet,
        c1_0.created_at,
        c1_0.created_by,
        c1_0.credits,
        c1_0.current_version_number,
        c1_0.description,
        c1_0.instructor_user_id,
        c1_0.objectives,
        c1_0.prerequisites,
        c1_0.program_id,
        c1_0.published,
        c1_0.semester,
        c1_0.status,
        c1_0.syllabus,
        c1_0.teaching_unit_id,
        c1_0.title,
        c1_0.total_hours,
        c1_0.updated_at,
        c1_0.updated_by,
        c1_0.visibility 
    from
        courses c1_0 
    join
        students s1_0 
            on s1_0.class_id=c1_0.class_id 
    where
        s1_0.user_id=? 
        and s1_0.archived=0 
        and c1_0.archived=0 
        and c1_0.published=1 
    order by
        c1_0.title
Hibernate: 
    select
        u1_0.id,
        u1_0.bio,
        u1_0.created_at,
        u1_0.is_deleted,
        u1_0.email,
        u1_0.first_name,
        u1_0.last_name,
        u1_0.password,
        u1_0.phone_number,
        u1_0.photo_url,
        u1_0.role,
        u1_0.status,
        u1_0.updated_at,
        u1_0.user_code 
    from
        users u1_0 
    where
        u1_0.email=? 
        and not(u1_0.is_deleted)
Hibernate: 
    select
        u1_0.id,
        u1_0.bio,
        u1_0.created_at,
        u1_0.is_deleted,
        u1_0.email,
        u1_0.first_name,
        u1_0.last_name,
        u1_0.password,
        u1_0.phone_number,
        u1_0.photo_url,
        u1_0.role,
        u1_0.status,
        u1_0.updated_at,
        u1_0.user_code 
    from
        users u1_0 
    where
        u1_0.email=? 
        and not(u1_0.is_deleted)
Hibernate: 
    select
        u1_0.id,
        u1_0.bio,
        u1_0.created_at,
        u1_0.is_deleted,
        u1_0.email,
        u1_0.first_name,
        u1_0.last_name,
        u1_0.password,
        u1_0.phone_number,
        u1_0.photo_url,
        u1_0.role,
        u1_0.status,
        u1_0.updated_at,
        u1_0.user_code 
    from
        users u1_0 
    where
        u1_0.email=? 
        and not(u1_0.is_deleted)
Hibernate: 
    select
        u1_0.id,
        u1_0.bio,
        u1_0.created_at,
        u1_0.is_deleted,
        u1_0.email,
        u1_0.first_name,
        u1_0.last_name,
        u1_0.password,
        u1_0.phone_number,
        u1_0.photo_url,
        u1_0.role,
        u1_0.status,
        u1_0.updated_at,
        u1_0.user_code 
    from
        users u1_0 
    where
        u1_0.email=? 
        and not(u1_0.is_deleted)
Hibernate: 
    select
        e1_0.id,
        e1_0.academic_year_id,
        e1_0.archived,
        e1_0.class_id,
        e1_0.cohort_id,
        e1_0.course_id,
        e1_0.created_at,
        e1_0.created_by,
        e1_0.created_by_user_id,
        e1_0.description,
        e1_0.duration_minutes,
        e1_0.evaluation_type,
        e1_0.instructions,
        e1_0.max_score,
        e1_0.passing_score,
        e1_0.results_published_at,
        e1_0.room_info,
        e1_0.scheduled_at,
        e1_0.semester,
        e1_0.status,
        e1_0.title,
        e1_0.updated_at,
        e1_0.updated_by,
        e1_0.weight_percentage 
    from
        evaluations e1_0 
    where
        not(e1_0.archived) 
    order by
        e1_0.scheduled_at desc,
        e1_0.scheduled_at 
    limit
        ?
Hibernate: 
    select
        s1_0.id,
        s1_0.academic_year_id,
        s1_0.address_line,
        s1_0.admission_date,
        s1_0.admission_number,
        s1_0.archived,
        s1_0.city,
        s1_0.city_of_birth,
        s1_0.class_id,
        s1_0.cohort_id,
        s1_0.country,
        s1_0.country_of_birth,
        s1_0.created_at,
        s1_0.created_by,
        s1_0.date_of_birth,
        s1_0.email,
        s1_0.enrollment_type,
        s1_0.expected_graduation_date,
        s1_0.first_name,
        s1_0.gender,
        s1_0.international_student,
        s1_0.last_name,
        s1_0.medical_notes,
        s1_0.middle_name,
        s1_0.national_id_number,
        s1_0.nationality,
        s1_0.passport_number,
        s1_0.phone_number,
        s1_0.photo_url,
        s1_0.postal_code,
        s1_0.program_id,
        s1_0.registration_date,
        s1_0.registration_number,
        s1_0.scholarship_holder,
        s1_0.secondary_phone_number,
        s1_0.special_needs_notes,
        s1_0.status,
        s1_0.student_number,
        s1_0.updated_at,
        s1_0.updated_by,
        s1_0.user_id,
        s1_0.working_student 
    from
        students s1_0 
    where
        s1_0.id=?
Hibernate: 
    select
        gb1_0.id,
        gb1_0.academic_year_id,
        gb1_0.archived,
        gb1_0.cohort_id,
        gb1_0.course_id,
        c1_0.id,
        c1_0.academic_year_id,
        c1_0.archived,
        c1_0.class_id,
        c1_0.code,
        c1_0.course_sheet,
        c1_0.created_at,
        c1_0.created_by,
        c1_0.credits,
        c1_0.current_version_number,
        c1_0.description,
        c1_0.instructor_user_id,
        c1_0.objectives,
        c1_0.prerequisites,
        c1_0.program_id,
        c1_0.published,
        c1_0.semester,
        c1_0.status,
        c1_0.syllabus,
        tu1_0.id,
        tu1_0.archived,
        tu1_0.code,
        tu1_0.created_at,
        tu1_0.created_by,
        tu1_0.description,
        tu1_0.name,
        tu1_0.order_index,
        tu1_0.program_id,
        tu1_0.semester,
        tu1_0.updated_at,
        tu1_0.updated_by,
        c1_0.title,
        c1_0.total_hours,
        c1_0.updated_at,
        c1_0.updated_by,
        c1_0.visibility,
        gb1_0.created_at,
        gb1_0.created_by,
        gb1_0.credits,
        gb1_0.passing_grade,
        gb1_0.semester,
        gb1_0.student_id,
        gb1_0.teacher_appreciation,
        gb1_0.updated_at,
        gb1_0.updated_by,
        gb1_0.validated,
        gb1_0.weighted_average 
    from
        grade_books gb1_0 
    left join
        courses c1_0 
            on c1_0.id=gb1_0.course_id 
    left join
        teaching_units tu1_0 
            on tu1_0.id=c1_0.teaching_unit_id 
    where
        gb1_0.student_id=? 
        and gb1_0.archived=0 
    order by
        c1_0.title
Hibernate: 
    select
        count(ar1_0.id) 
    from
        attendance_records ar1_0 
    where
        ar1_0.student_id=? 
        and ar1_0.archived=0
Hibernate: 
    select
        count(ar1_0.id) 
    from
        attendance_records ar1_0 
    where
        ar1_0.student_id=? 
        and ar1_0.status in ('PRESENT', 'LATE', 'REMOTE', 'EXCUSED') 
        and ar1_0.archived=0
Hibernate: 
    select
        se1_0.id,
        se1_0.all_day,
        se1_0.archived,
        se1_0.cancellation_reason,
        se1_0.cohort_id,
        se1_0.created_at,
        se1_0.created_by,
        se1_0.description,
        se1_0.end_at,
        se1_0.event_type,
        se1_0.location,
        se1_0.meeting_link,
        se1_0.recurrence_rule,
        se1_0.reference_id,
        se1_0.reference_type,
        se1_0.start_at,
        se1_0.status,
        se1_0.teacher_id,
        se1_0.title,
        se1_0.updated_at,
        se1_0.updated_by,
        se1_0.user_id 
    from
        schedule_events se1_0 
    where
        se1_0.archived=0 
        and se1_0.status<>'CANCELLED' 
        and (
            se1_0.user_id=? 
            or se1_0.teacher_id=?
        ) 
        and se1_0.start_at>=? 
        and se1_0.start_at<=? 
    order by
        se1_0.start_at
Hibernate: 
    select
        u1_0.id,
        u1_0.bio,
        u1_0.created_at,
        u1_0.is_deleted,
        u1_0.email,
        u1_0.first_name,
        u1_0.last_name,
        u1_0.password,
        u1_0.phone_number,
        u1_0.photo_url,
        u1_0.role,
        u1_0.status,
        u1_0.updated_at,
        u1_0.user_code 
    from
        users u1_0 
    where
        u1_0.email=? 
        and not(u1_0.is_deleted)
Hibernate: 
    select
        u1_0.id,
        u1_0.bio,
        u1_0.created_at,
        u1_0.is_deleted,
        u1_0.email,
        u1_0.first_name,
        u1_0.last_name,
        u1_0.password,
        u1_0.phone_number,
        u1_0.photo_url,
        u1_0.role,
        u1_0.status,
        u1_0.updated_at,
        u1_0.user_code 
    from
        users u1_0 
    where
        u1_0.email=? 
        and not(u1_0.is_deleted)
Hibernate: 
    select
        ay1_0.id,
        ay1_0.archived,
        ay1_0.code,
        ay1_0.created_at,
        ay1_0.created_by,
        ay1_0.current_year,
        ay1_0.description,
        ay1_0.end_date,
        ay1_0.name,
        ay1_0.start_date,
        ay1_0.status,
        ay1_0.updated_at,
        ay1_0.updated_by 
    from
        academic_years ay1_0 
    where
        not(ay1_0.archived) 
    order by
        ay1_0.start_date desc
Hibernate: 
    select
        s1_0.id,
        s1_0.academic_year_id,
        s1_0.address_line,
        s1_0.admission_date,
        s1_0.admission_number,
        s1_0.archived,
        s1_0.city,
        s1_0.city_of_birth,
        s1_0.class_id,
        s1_0.cohort_id,
        s1_0.country,
        s1_0.country_of_birth,
        s1_0.created_at,
        s1_0.created_by,
        s1_0.date_of_birth,
        s1_0.email,
        s1_0.enrollment_type,
        s1_0.expected_graduation_date,
        s1_0.first_name,
        s1_0.gender,
        s1_0.international_student,
        s1_0.last_name,
        s1_0.medical_notes,
        s1_0.middle_name,
        s1_0.national_id_number,
        s1_0.nationality,
        s1_0.passport_number,
        s1_0.phone_number,
        s1_0.photo_url,
        s1_0.postal_code,
        s1_0.program_id,
        s1_0.registration_date,
        s1_0.registration_number,
        s1_0.scholarship_holder,
        s1_0.secondary_phone_number,
        s1_0.special_needs_notes,
        s1_0.status,
        s1_0.student_number,
        s1_0.updated_at,
        s1_0.updated_by,
        s1_0.user_id,
        s1_0.working_student 
    from
        students s1_0 
    where
        not(s1_0.archived) 
    order by
        s1_0.last_name,
        s1_0.first_name
Hibernate: 
    select
        gc1_0.id,
        gc1_0.address_line,
        gc1_0.archived,
        gc1_0.city,
        gc1_0.country,
        gc1_0.created_at,
        gc1_0.created_by,
        gc1_0.email,
        gc1_0.full_name,
        gc1_0.phone_number,
        gc1_0.primary_contact,
        gc1_0.relationship_label,
        gc1_0.secondary_phone_number,
        gc1_0.student_id,
        gc1_0.updated_at,
        gc1_0.updated_by 
    from
        guardian_contacts gc1_0 
    join
        students s1_0 
            on s1_0.id=gc1_0.student_id 
    where
        s1_0.id=? 
        and not(gc1_0.archived) 
    order by
        gc1_0.primary_contact desc,
        gc1_0.created_at
Hibernate: 
    select
        ec1_0.id,
        ec1_0.address_line,
        ec1_0.archived,
        ec1_0.created_at,
        ec1_0.created_by,
        ec1_0.email,
        ec1_0.full_name,
        ec1_0.phone_number,
        ec1_0.priority_order,
        ec1_0.relationship_label,
        ec1_0.secondary_phone_number,
        ec1_0.student_id,
        ec1_0.updated_at,
        ec1_0.updated_by 
    from
        emergency_contacts ec1_0 
    join
        students s1_0 
            on s1_0.id=ec1_0.student_id 
    where
        s1_0.id=? 
        and not(ec1_0.archived) 
    order by
        ec1_0.priority_order
Hibernate: 
    select
        u1_0.id,
        u1_0.bio,
        u1_0.created_at,
        u1_0.is_deleted,
        u1_0.email,
        u1_0.first_name,
        u1_0.last_name,
        u1_0.password,
        u1_0.phone_number,
        u1_0.photo_url,
        u1_0.role,
        u1_0.status,
        u1_0.updated_at,
        u1_0.user_code 
    from
        users u1_0 
    where
        u1_0.email=? 
        and not(u1_0.is_deleted)
Hibernate: 
    select
        u1_0.id,
        u1_0.bio,
        u1_0.created_at,
        u1_0.is_deleted,
        u1_0.email,
        u1_0.first_name,
        u1_0.last_name,
        u1_0.password,
        u1_0.phone_number,
        u1_0.photo_url,
        u1_0.role,
        u1_0.status,
        u1_0.updated_at,
        u1_0.user_code 
    from
        users u1_0 
    where
        u1_0.email=? 
        and not(u1_0.is_deleted)
Hibernate: 
    select
        ssh1_0.id,
        ssh1_0.archived,
        ssh1_0.context_label,
        ssh1_0.created_at,
        ssh1_0.created_by,
        ssh1_0.new_status,
        ssh1_0.old_status,
        ssh1_0.reason,
        ssh1_0.student_id,
        ssh1_0.updated_at,
        ssh1_0.updated_by 
    from
        student_status_history ssh1_0 
    join
        students s1_0 
            on s1_0.id=ssh1_0.student_id 
    where
        s1_0.id=? 
    order by
        ssh1_0.created_at desc
Hibernate: 
    select
        p1_0.id,
        p1_0.archived,
        p1_0.code,
        p1_0.created_at,
        p1_0.created_by,
        p1_0.credits_required,
        p1_0.department_name,
        p1_0.description,
        p1_0.duration_in_months,
        p1_0.faculty_name,
        p1_0.level,
        p1_0.name,
        p1_0.status,
        p1_0.updated_at,
        p1_0.updated_by 
    from
        programs p1_0 
    where
        not(p1_0.archived) 
    order by
        p1_0.name
Hibernate: 
    select
        u1_0.id,
        u1_0.bio,
        u1_0.created_at,
        u1_0.is_deleted,
        u1_0.email,
        u1_0.first_name,
        u1_0.last_name,
        u1_0.password,
        u1_0.phone_number,
        u1_0.photo_url,
        u1_0.role,
        u1_0.status,
        u1_0.updated_at,
        u1_0.user_code 
    from
        users u1_0 
    where
        u1_0.id=?
Hibernate: 
    select
        u1_0.id,
        u1_0.bio,
        u1_0.created_at,
        u1_0.is_deleted,
        u1_0.email,
        u1_0.first_name,
        u1_0.last_name,
        u1_0.password,
        u1_0.phone_number,
        u1_0.photo_url,
        u1_0.role,
        u1_0.status,
        u1_0.updated_at,
        u1_0.user_code 
    from
        users u1_0 
    where
        u1_0.email=? 
        and not(u1_0.is_deleted)
Hibernate: 
    select
        ay1_0.id,
        ay1_0.archived,
        ay1_0.code,
        ay1_0.created_at,
        ay1_0.created_by,
        ay1_0.current_year,
        ay1_0.description,
        ay1_0.end_date,
        ay1_0.name,
        ay1_0.start_date,
        ay1_0.status,
        ay1_0.updated_at,
        ay1_0.updated_by 
    from
        academic_years ay1_0 
    where
        ay1_0.id=?
Hibernate: 
    select
        cr1_0.id,
        cr1_0.academic_year_id,
        cr1_0.archived,
        cr1_0.capacity,
        cr1_0.code,
        cr1_0.cohort_id,
        cr1_0.created_at,
        cr1_0.created_by,
        cr1_0.delivery_mode,
        cr1_0.description,
        cr1_0.name,
        cr1_0.program_id,
        cr1_0.room_label,
        cr1_0.status,
        cr1_0.updated_at,
        cr1_0.updated_by 
    from
        classes cr1_0 
    where
        not(cr1_0.archived) 
    order by
        cr1_0.name
Hibernate: 
    select
        sc1_0.config_key,
        sc1_0.description,
        sc1_0.updated_at,
        sc1_0.updated_by,
        sc1_0.config_value 
    from
        system_config sc1_0 
    where
        sc1_0.config_key=?
Hibernate: 
    select
        p1_0.id,
        p1_0.archived,
        p1_0.code,
        p1_0.created_at,
        p1_0.created_by,
        p1_0.credits_required,
        p1_0.department_name,
        p1_0.description,
        p1_0.duration_in_months,
        p1_0.faculty_name,
        p1_0.level,
        p1_0.name,
        p1_0.status,
        p1_0.updated_at,
        p1_0.updated_by 
    from
        programs p1_0 
    where
        p1_0.id=?
Hibernate: 
    select
        count(s1_0.id) 
    from
        students s1_0 
    where
        s1_0.class_id=? 
        and s1_0.archived=0
Hibernate: 
    select
        cr1_0.id,
        cr1_0.academic_year_id,
        cr1_0.archived,
        cr1_0.capacity,
        cr1_0.code,
        cr1_0.cohort_id,
        cr1_0.created_at,
        cr1_0.created_by,
        cr1_0.delivery_mode,
        cr1_0.description,
        cr1_0.name,
        cr1_0.program_id,
        cr1_0.room_label,
        cr1_0.status,
        cr1_0.updated_at,
        cr1_0.updated_by 
    from
        classes cr1_0 
    where
        cr1_0.id=?
Hibernate: 
    select
        ay1_0.id,
        ay1_0.archived,
        ay1_0.code,
        ay1_0.created_at,
        ay1_0.created_by,
        ay1_0.current_year,
        ay1_0.description,
        ay1_0.end_date,
        ay1_0.name,
        ay1_0.start_date,
        ay1_0.status,
        ay1_0.updated_at,
        ay1_0.updated_by 
    from
        academic_years ay1_0 
    where
        ay1_0.id=?
Hibernate: 
    select
        p1_0.id,
        p1_0.archived,
        p1_0.code,
        p1_0.created_at,
        p1_0.created_by,
        p1_0.credits_required,
        p1_0.department_name,
        p1_0.description,
        p1_0.duration_in_months,
        p1_0.faculty_name,
        p1_0.level,
        p1_0.name,
        p1_0.status,
        p1_0.updated_at,
        p1_0.updated_by 
    from
        programs p1_0 
    where
        p1_0.id=?
Hibernate: 
    select
        gc1_0.id,
        gc1_0.address_line,
        gc1_0.archived,
        gc1_0.city,
        gc1_0.country,
        gc1_0.created_at,
        gc1_0.created_by,
        gc1_0.email,
        gc1_0.full_name,
        gc1_0.phone_number,
        gc1_0.primary_contact,
        gc1_0.relationship_label,
        gc1_0.secondary_phone_number,
        gc1_0.student_id,
        gc1_0.updated_at,
        gc1_0.updated_by 
    from
        guardian_contacts gc1_0 
    join
        students s1_0 
            on s1_0.id=gc1_0.student_id 
    where
        s1_0.id=? 
        and not(gc1_0.archived) 
    order by
        gc1_0.primary_contact desc,
        gc1_0.created_at
Hibernate: 
    select
        count(s1_0.id) 
    from
        students s1_0 
    where
        s1_0.class_id=? 
        and s1_0.archived=0
Hibernate: 
    select
        p1_0.id,
        p1_0.archived,
        p1_0.code,
        p1_0.created_at,
        p1_0.created_by,
        p1_0.credits_required,
        p1_0.department_name,
        p1_0.description,
        p1_0.duration_in_months,
        p1_0.faculty_name,
        p1_0.level,
        p1_0.name,
        p1_0.status,
        p1_0.updated_at,
        p1_0.updated_by 
    from
        programs p1_0 
    where
        p1_0.id=?
Hibernate: 
    select
        ec1_0.id,
        ec1_0.address_line,
        ec1_0.archived,
        ec1_0.created_at,
        ec1_0.created_by,
        ec1_0.email,
        ec1_0.full_name,
        ec1_0.phone_number,
        ec1_0.priority_order,
        ec1_0.relationship_label,
        ec1_0.secondary_phone_number,
        ec1_0.student_id,
        ec1_0.updated_at,
        ec1_0.updated_by 
    from
        emergency_contacts ec1_0 
    join
        students s1_0 
            on s1_0.id=ec1_0.student_id 
    where
        s1_0.id=? 
        and not(ec1_0.archived) 
    order by
        ec1_0.priority_order
Hibernate: 
    select
        ssh1_0.id,
        ssh1_0.archived,
        ssh1_0.context_label,
        ssh1_0.created_at,
        ssh1_0.created_by,
        ssh1_0.new_status,
        ssh1_0.old_status,
        ssh1_0.reason,
        ssh1_0.student_id,
        ssh1_0.updated_at,
        ssh1_0.updated_by 
    from
        student_status_history ssh1_0 
    join
        students s1_0 
            on s1_0.id=ssh1_0.student_id 
    where
        s1_0.id=? 
    order by
        ssh1_0.created_at desc
Hibernate: 
    select
        u1_0.id,
        u1_0.bio,
        u1_0.created_at,
        u1_0.is_deleted,
        u1_0.email,
        u1_0.first_name,
        u1_0.last_name,
        u1_0.password,
        u1_0.phone_number,
        u1_0.photo_url,
        u1_0.role,
        u1_0.status,
        u1_0.updated_at,
        u1_0.user_code 
    from
        users u1_0 
    where
        u1_0.id=?
Hibernate: 
    select
        p1_0.id,
        p1_0.archived,
        p1_0.code,
        p1_0.created_at,
        p1_0.created_by,
        p1_0.credits_required,
        p1_0.department_name,
        p1_0.description,
        p1_0.duration_in_months,
        p1_0.faculty_name,
        p1_0.level,
        p1_0.name,
        p1_0.status,
        p1_0.updated_at,
        p1_0.updated_by 
    from
        programs p1_0 
    where
        p1_0.id=?
Hibernate: 
    select
        cr1_0.id,
        cr1_0.academic_year_id,
        cr1_0.archived,
        cr1_0.capacity,
        cr1_0.code,
        cr1_0.cohort_id,
        cr1_0.created_at,
        cr1_0.created_by,
        cr1_0.delivery_mode,
        cr1_0.description,
        cr1_0.name,
        cr1_0.program_id,
        cr1_0.room_label,
        cr1_0.status,
        cr1_0.updated_at,
        cr1_0.updated_by 
    from
        classes cr1_0 
    where
        cr1_0.id=?
Hibernate: 
    select
        u1_0.id,
        u1_0.bio,
        u1_0.created_at,
        u1_0.is_deleted,
        u1_0.email,
        u1_0.first_name,
        u1_0.last_name,
        u1_0.password,
        u1_0.phone_number,
        u1_0.photo_url,
        u1_0.role,
        u1_0.status,
        u1_0.updated_at,
        u1_0.user_code 
    from
        users u1_0 
    where
        u1_0.email=? 
        and not(u1_0.is_deleted)
Hibernate: 
    select
        u1_0.id,
        u1_0.bio,
        u1_0.created_at,
        u1_0.is_deleted,
        u1_0.email,
        u1_0.first_name,
        u1_0.last_name,
        u1_0.password,
        u1_0.phone_number,
        u1_0.photo_url,
        u1_0.role,
        u1_0.status,
        u1_0.updated_at,
        u1_0.user_code 
    from
        users u1_0 
    where
        u1_0.role=? 
        and not(u1_0.is_deleted)
Hibernate: 
    select
        u1_0.id,
        u1_0.bio,
        u1_0.created_at,
        u1_0.is_deleted,
        u1_0.email,
        u1_0.first_name,
        u1_0.last_name,
        u1_0.password,
        u1_0.phone_number,
        u1_0.photo_url,
        u1_0.role,
        u1_0.status,
        u1_0.updated_at,
        u1_0.user_code 
    from
        users u1_0 
    where
        u1_0.email=? 
        and not(u1_0.is_deleted)
Hibernate: 
    select
        u1_0.id,
        u1_0.bio,
        u1_0.created_at,
        u1_0.is_deleted,
        u1_0.email,
        u1_0.first_name,
        u1_0.last_name,
        u1_0.password,
        u1_0.phone_number,
        u1_0.photo_url,
        u1_0.role,
        u1_0.status,
        u1_0.updated_at,
        u1_0.user_code 
    from
        users u1_0 
    where
        u1_0.email=? 
        and not(u1_0.is_deleted)
2026-04-14T15:14:17.780+01:00  WARN 10697 --- [backend] [nio-8080-exec-7] .m.m.a.ExceptionHandlerExceptionResolver : Resolved [org.springframework.web.servlet.resource.NoResourceFoundException: No static resource v1/admissions.]
Hibernate: 
    select
        u1_0.id,
        u1_0.bio,
        u1_0.created_at,
        u1_0.is_deleted,
        u1_0.email,
        u1_0.first_name,
        u1_0.last_name,
        u1_0.password,
        u1_0.phone_number,
        u1_0.photo_url,
        u1_0.role,
        u1_0.status,
        u1_0.updated_at,
        u1_0.user_code 
    from
        users u1_0 
    where
        u1_0.email=? 
        and not(u1_0.is_deleted)
Hibernate: 
    select
        u1_0.id,
        u1_0.bio,
        u1_0.created_at,
        u1_0.is_deleted,
        u1_0.email,
        u1_0.first_name,
        u1_0.last_name,
        u1_0.password,
        u1_0.phone_number,
        u1_0.photo_url,
        u1_0.role,
        u1_0.status,
        u1_0.updated_at,
        u1_0.user_code 
    from
        users u1_0 
    where
        u1_0.email=? 
        and not(u1_0.is_deleted)
2026-04-14T15:14:17.888+01:00  WARN 10697 --- [backend] [nio-8080-exec-5] .m.m.a.ExceptionHandlerExceptionResolver : Resolved [org.springframework.web.servlet.resource.NoResourceFoundException: No static resource v1/admissions.]
Hibernate: 
    select
        u1_0.id,
        u1_0.bio,
        u1_0.created_at,
        u1_0.is_deleted,
        u1_0.email,
        u1_0.first_name,
        u1_0.last_name,
        u1_0.password,
        u1_0.phone_number,
        u1_0.photo_url,
        u1_0.role,
        u1_0.status,
        u1_0.updated_at,
        u1_0.user_code 
    from
        users u1_0 
    where
        u1_0.email=? 
        and not(u1_0.is_deleted)
Hibernate: 
    select
        u1_0.id,
        u1_0.bio,
        u1_0.created_at,
        u1_0.is_deleted,
        u1_0.email,
        u1_0.first_name,
        u1_0.last_name,
        u1_0.password,
        u1_0.phone_number,
        u1_0.photo_url,
        u1_0.role,
        u1_0.status,
        u1_0.updated_at,
        u1_0.user_code 
    from
        users u1_0 
    where
        u1_0.email=? 
        and not(u1_0.is_deleted)
Hibernate: 
    select
        u1_0.id,
        u1_0.bio,
        u1_0.created_at,
        u1_0.is_deleted,
        u1_0.email,
        u1_0.first_name,
        u1_0.last_name,
        u1_0.password,
        u1_0.phone_number,
        u1_0.photo_url,
        u1_0.role,
        u1_0.status,
        u1_0.updated_at,
        u1_0.user_code 
    from
        users u1_0 
    where
        u1_0.email=? 
        and not(u1_0.is_deleted)
Hibernate: 
    select
        count(n1_0.id) 
    from
        notifications n1_0 
    where
        n1_0.user_id=? 
        and not(n1_0.is_read)
Hibernate: 
    select
        count(m1_0.id) 
    from
        messages m1_0 
    where
        m1_0.recipient_id=? 
        and not(m1_0.is_read) 
        and not(m1_0.archived)
Hibernate: 
    select
        n1_0.id,
        n1_0.created_at,
        n1_0.is_read,
        n1_0.message,
        n1_0.title,
        n1_0.notification_type,
        n1_0.user_id 
    from
        notifications n1_0 
    where
        n1_0.user_id=? 
    order by
        n1_0.created_at desc 
    limit
        ?
Hibernate: 
    select
        u1_0.id,
        u1_0.bio,
        u1_0.created_at,
        u1_0.is_deleted,
        u1_0.email,
        u1_0.first_name,
        u1_0.last_name,
        u1_0.password,
        u1_0.phone_number,
        u1_0.photo_url,
        u1_0.role,
        u1_0.status,
        u1_0.updated_at,
        u1_0.user_code 
    from
        users u1_0 
    where
        u1_0.email=? 
        and not(u1_0.is_deleted)
Hibernate: 
    select
        u1_0.id,
        u1_0.bio,
        u1_0.created_at,
        u1_0.is_deleted,
        u1_0.email,
        u1_0.first_name,
        u1_0.last_name,
        u1_0.password,
        u1_0.phone_number,
        u1_0.photo_url,
        u1_0.role,
        u1_0.status,
        u1_0.updated_at,
        u1_0.user_code 
    from
        users u1_0 
    where
        u1_0.email=? 
        and not(u1_0.is_deleted)
Hibernate: 
    select
        u1_0.id,
        u1_0.bio,
        u1_0.created_at,
        u1_0.is_deleted,
        u1_0.email,
        u1_0.first_name,
        u1_0.last_name,
        u1_0.password,
        u1_0.phone_number,
        u1_0.photo_url,
        u1_0.role,
        u1_0.status,
        u1_0.updated_at,
        u1_0.user_code 
    from
        users u1_0 
    where
        u1_0.email=? 
        and not(u1_0.is_deleted)
Hibernate: 
    select
        u1_0.id,
        u1_0.bio,
        u1_0.created_at,
        u1_0.is_deleted,
        u1_0.email,
        u1_0.first_name,
        u1_0.last_name,
        u1_0.password,
        u1_0.phone_number,
        u1_0.photo_url,
        u1_0.role,
        u1_0.status,
        u1_0.updated_at,
        u1_0.user_code 
    from
        users u1_0 
    where
        u1_0.email=? 
        and not(u1_0.is_deleted)
Hibernate: 
    select
        ay1_0.id,
        ay1_0.archived,
        ay1_0.code,
        ay1_0.created_at,
        ay1_0.created_by,
        ay1_0.current_year,
        ay1_0.description,
        ay1_0.end_date,
        ay1_0.name,
        ay1_0.start_date,
        ay1_0.status,
        ay1_0.updated_at,
        ay1_0.updated_by 
    from
        academic_years ay1_0 
    where
        not(ay1_0.archived) 
    order by
        ay1_0.start_date desc
Hibernate: 
    select
        p1_0.id,
        p1_0.archived,
        p1_0.code,
        p1_0.created_at,
        p1_0.created_by,
        p1_0.credits_required,
        p1_0.department_name,
        p1_0.description,
        p1_0.duration_in_months,
        p1_0.faculty_name,
        p1_0.level,
        p1_0.name,
        p1_0.status,
        p1_0.updated_at,
        p1_0.updated_by 
    from
        programs p1_0 
    where
        not(p1_0.archived) 
    order by
        p1_0.name
Hibernate: 
    select
        cr1_0.id,
        cr1_0.academic_year_id,
        cr1_0.archived,
        cr1_0.capacity,
        cr1_0.code,
        cr1_0.cohort_id,
        cr1_0.created_at,
        cr1_0.created_by,
        cr1_0.delivery_mode,
        cr1_0.description,
        cr1_0.name,
        cr1_0.program_id,
        cr1_0.room_label,
        cr1_0.status,
        cr1_0.updated_at,
        cr1_0.updated_by 
    from
        classes cr1_0 
    where
        not(cr1_0.archived) 
    order by
        cr1_0.name
Hibernate: 
    select
        s1_0.id,
        s1_0.academic_year_id,
        s1_0.address_line,
        s1_0.admission_date,
        s1_0.admission_number,
        s1_0.archived,
        s1_0.city,
        s1_0.city_of_birth,
        s1_0.class_id,
        s1_0.cohort_id,
        s1_0.country,
        s1_0.country_of_birth,
        s1_0.created_at,
        s1_0.created_by,
        s1_0.date_of_birth,
        s1_0.email,
        s1_0.enrollment_type,
        s1_0.expected_graduation_date,
        s1_0.first_name,
        s1_0.gender,
        s1_0.international_student,
        s1_0.last_name,
        s1_0.medical_notes,
        s1_0.middle_name,
        s1_0.national_id_number,
        s1_0.nationality,
        s1_0.passport_number,
        s1_0.phone_number,
        s1_0.photo_url,
        s1_0.postal_code,
        s1_0.program_id,
        s1_0.registration_date,
        s1_0.registration_number,
        s1_0.scholarship_holder,
        s1_0.secondary_phone_number,
        s1_0.special_needs_notes,
        s1_0.status,
        s1_0.student_number,
        s1_0.updated_at,
        s1_0.updated_by,
        s1_0.user_id,
        s1_0.working_student 
    from
        students s1_0 
    where
        not(s1_0.archived) 
    order by
        s1_0.last_name,
        s1_0.first_name
Hibernate: 
    select
        count(s1_0.id) 
    from
        students s1_0 
    where
        s1_0.class_id=? 
        and s1_0.archived=0
Hibernate: 
    select
        ay1_0.id,
        ay1_0.archived,
        ay1_0.code,
        ay1_0.created_at,
        ay1_0.created_by,
        ay1_0.current_year,
        ay1_0.description,
        ay1_0.end_date,
        ay1_0.name,
        ay1_0.start_date,
        ay1_0.status,
        ay1_0.updated_at,
        ay1_0.updated_by 
    from
        academic_years ay1_0 
    where
        ay1_0.id=?
Hibernate: 
    select
        gc1_0.id,
        gc1_0.address_line,
        gc1_0.archived,
        gc1_0.city,
        gc1_0.country,
        gc1_0.created_at,
        gc1_0.created_by,
        gc1_0.email,
        gc1_0.full_name,
        gc1_0.phone_number,
        gc1_0.primary_contact,
        gc1_0.relationship_label,
        gc1_0.secondary_phone_number,
        gc1_0.student_id,
        gc1_0.updated_at,
        gc1_0.updated_by 
    from
        guardian_contacts gc1_0 
    join
        students s1_0 
            on s1_0.id=gc1_0.student_id 
    where
        s1_0.id=? 
        and not(gc1_0.archived) 
    order by
        gc1_0.primary_contact desc,
        gc1_0.created_at
Hibernate: 
    select
        p1_0.id,
        p1_0.archived,
        p1_0.code,
        p1_0.created_at,
        p1_0.created_by,
        p1_0.credits_required,
        p1_0.department_name,
        p1_0.description,
        p1_0.duration_in_months,
        p1_0.faculty_name,
        p1_0.level,
        p1_0.name,
        p1_0.status,
        p1_0.updated_at,
        p1_0.updated_by 
    from
        programs p1_0 
    where
        p1_0.id=?
Hibernate: 
    select
        count(s1_0.id) 
    from
        students s1_0 
    where
        s1_0.class_id=? 
        and s1_0.archived=0
Hibernate: 
    select
        ec1_0.id,
        ec1_0.address_line,
        ec1_0.archived,
        ec1_0.created_at,
        ec1_0.created_by,
        ec1_0.email,
        ec1_0.full_name,
        ec1_0.phone_number,
        ec1_0.priority_order,
        ec1_0.relationship_label,
        ec1_0.secondary_phone_number,
        ec1_0.student_id,
        ec1_0.updated_at,
        ec1_0.updated_by 
    from
        emergency_contacts ec1_0 
    join
        students s1_0 
            on s1_0.id=ec1_0.student_id 
    where
        s1_0.id=? 
        and not(ec1_0.archived) 
    order by
        ec1_0.priority_order
Hibernate: 
    select
        p1_0.id,
        p1_0.archived,
        p1_0.code,
        p1_0.created_at,
        p1_0.created_by,
        p1_0.credits_required,
        p1_0.department_name,
        p1_0.description,
        p1_0.duration_in_months,
        p1_0.faculty_name,
        p1_0.level,
        p1_0.name,
        p1_0.status,
        p1_0.updated_at,
        p1_0.updated_by 
    from
        programs p1_0 
    where
        p1_0.id=?
Hibernate: 
    select
        ssh1_0.id,
        ssh1_0.archived,
        ssh1_0.context_label,
        ssh1_0.created_at,
        ssh1_0.created_by,
        ssh1_0.new_status,
        ssh1_0.old_status,
        ssh1_0.reason,
        ssh1_0.student_id,
        ssh1_0.updated_at,
        ssh1_0.updated_by 
    from
        student_status_history ssh1_0 
    join
        students s1_0 
            on s1_0.id=ssh1_0.student_id 
    where
        s1_0.id=? 
    order by
        ssh1_0.created_at desc
Hibernate: 
    select
        u1_0.id,
        u1_0.bio,
        u1_0.created_at,
        u1_0.is_deleted,
        u1_0.email,
        u1_0.first_name,
        u1_0.last_name,
        u1_0.password,
        u1_0.phone_number,
        u1_0.photo_url,
        u1_0.role,
        u1_0.status,
        u1_0.updated_at,
        u1_0.user_code 
    from
        users u1_0 
    where
        u1_0.id=?
Hibernate: 
    select
        ay1_0.id,
        ay1_0.archived,
        ay1_0.code,
        ay1_0.created_at,
        ay1_0.created_by,
        ay1_0.current_year,
        ay1_0.description,
        ay1_0.end_date,
        ay1_0.name,
        ay1_0.start_date,
        ay1_0.status,
        ay1_0.updated_at,
        ay1_0.updated_by 
    from
        academic_years ay1_0 
    where
        ay1_0.id=?
Hibernate: 
    select
        p1_0.id,
        p1_0.archived,
        p1_0.code,
        p1_0.created_at,
        p1_0.created_by,
        p1_0.credits_required,
        p1_0.department_name,
        p1_0.description,
        p1_0.duration_in_months,
        p1_0.faculty_name,
        p1_0.level,
        p1_0.name,
        p1_0.status,
        p1_0.updated_at,
        p1_0.updated_by 
    from
        programs p1_0 
    where
        p1_0.id=?
Hibernate: 
    select
        u1_0.id,
        u1_0.bio,
        u1_0.created_at,
        u1_0.is_deleted,
        u1_0.email,
        u1_0.first_name,
        u1_0.last_name,
        u1_0.password,
        u1_0.phone_number,
        u1_0.photo_url,
        u1_0.role,
        u1_0.status,
        u1_0.updated_at,
        u1_0.user_code 
    from
        users u1_0 
    where
        u1_0.email=? 
        and not(u1_0.is_deleted)
Hibernate: 
    select
        cr1_0.id,
        cr1_0.academic_year_id,
        cr1_0.archived,
        cr1_0.capacity,
        cr1_0.code,
        cr1_0.cohort_id,
        cr1_0.created_at,
        cr1_0.created_by,
        cr1_0.delivery_mode,
        cr1_0.description,
        cr1_0.name,
        cr1_0.program_id,
        cr1_0.room_label,
        cr1_0.status,
        cr1_0.updated_at,
        cr1_0.updated_by 
    from
        classes cr1_0 
    where
        cr1_0.id=?
Hibernate: 
    select
        sc1_0.config_key,
        sc1_0.description,
        sc1_0.updated_at,
        sc1_0.updated_by,
        sc1_0.config_value 
    from
        system_config sc1_0 
    where
        sc1_0.config_key=?
Hibernate: 
    select
        gc1_0.id,
        gc1_0.address_line,
        gc1_0.archived,
        gc1_0.city,
        gc1_0.country,
        gc1_0.created_at,
        gc1_0.created_by,
        gc1_0.email,
        gc1_0.full_name,
        gc1_0.phone_number,
        gc1_0.primary_contact,
        gc1_0.relationship_label,
        gc1_0.secondary_phone_number,
        gc1_0.student_id,
        gc1_0.updated_at,
        gc1_0.updated_by 
    from
        guardian_contacts gc1_0 
    join
        students s1_0 
            on s1_0.id=gc1_0.student_id 
    where
        s1_0.id=? 
        and not(gc1_0.archived) 
    order by
        gc1_0.primary_contact desc,
        gc1_0.created_at
Hibernate: 
    select
        ec1_0.id,
        ec1_0.address_line,
        ec1_0.archived,
        ec1_0.created_at,
        ec1_0.created_by,
        ec1_0.email,
        ec1_0.full_name,
        ec1_0.phone_number,
        ec1_0.priority_order,
        ec1_0.relationship_label,
        ec1_0.secondary_phone_number,
        ec1_0.student_id,
        ec1_0.updated_at,
        ec1_0.updated_by 
    from
        emergency_contacts ec1_0 
    join
        students s1_0 
            on s1_0.id=ec1_0.student_id 
    where
        s1_0.id=? 
        and not(ec1_0.archived) 
    order by
        ec1_0.priority_order
Hibernate: 
    select
        ssh1_0.id,
        ssh1_0.archived,
        ssh1_0.context_label,
        ssh1_0.created_at,
        ssh1_0.created_by,
        ssh1_0.new_status,
        ssh1_0.old_status,
        ssh1_0.reason,
        ssh1_0.student_id,
        ssh1_0.updated_at,
        ssh1_0.updated_by 
    from
        student_status_history ssh1_0 
    join
        students s1_0 
            on s1_0.id=ssh1_0.student_id 
    where
        s1_0.id=? 
    order by
        ssh1_0.created_at desc
Hibernate: 
    select
        u1_0.id,
        u1_0.bio,
        u1_0.created_at,
        u1_0.is_deleted,
        u1_0.email,
        u1_0.first_name,
        u1_0.last_name,
        u1_0.password,
        u1_0.phone_number,
        u1_0.photo_url,
        u1_0.role,
        u1_0.status,
        u1_0.updated_at,
        u1_0.user_code 
    from
        users u1_0 
    where
        u1_0.id=?
Hibernate: 
    select
        p1_0.id,
        p1_0.archived,
        p1_0.code,
        p1_0.created_at,
        p1_0.created_by,
        p1_0.credits_required,
        p1_0.department_name,
        p1_0.description,
        p1_0.duration_in_months,
        p1_0.faculty_name,
        p1_0.level,
        p1_0.name,
        p1_0.status,
        p1_0.updated_at,
        p1_0.updated_by 
    from
        programs p1_0 
    where
        p1_0.id=?
Hibernate: 
    select
        cr1_0.id,
        cr1_0.academic_year_id,
        cr1_0.archived,
        cr1_0.capacity,
        cr1_0.code,
        cr1_0.cohort_id,
        cr1_0.created_at,
        cr1_0.created_by,
        cr1_0.delivery_mode,
        cr1_0.description,
        cr1_0.name,
        cr1_0.program_id,
        cr1_0.room_label,
        cr1_0.status,
        cr1_0.updated_at,
        cr1_0.updated_by 
    from
        classes cr1_0 
    where
        cr1_0.id=?
Hibernate: 
    select
        u1_0.id,
        u1_0.bio,
        u1_0.created_at,
        u1_0.is_deleted,
        u1_0.email,
        u1_0.first_name,
        u1_0.last_name,
        u1_0.password,
        u1_0.phone_number,
        u1_0.photo_url,
        u1_0.role,
        u1_0.status,
        u1_0.updated_at,
        u1_0.user_code 
    from
        users u1_0 
    where
        u1_0.email=? 
        and not(u1_0.is_deleted)
Hibernate: 
    select
        u1_0.id,
        u1_0.bio,
        u1_0.created_at,
        u1_0.is_deleted,
        u1_0.email,
        u1_0.first_name,
        u1_0.last_name,
        u1_0.password,
        u1_0.phone_number,
        u1_0.photo_url,
        u1_0.role,
        u1_0.status,
        u1_0.updated_at,
        u1_0.user_code 
    from
        users u1_0 
    where
        u1_0.email=? 
        and not(u1_0.is_deleted)
Hibernate: 
    select
        u1_0.id,
        u1_0.bio,
        u1_0.created_at,
        u1_0.is_deleted,
        u1_0.email,
        u1_0.first_name,
        u1_0.last_name,
        u1_0.password,
        u1_0.phone_number,
        u1_0.photo_url,
        u1_0.role,
        u1_0.status,
        u1_0.updated_at,
        u1_0.user_code 
    from
        users u1_0 
    where
        u1_0.email=? 
        and not(u1_0.is_deleted)
Hibernate: 
    select
        u1_0.id,
        u1_0.bio,
        u1_0.created_at,
        u1_0.is_deleted,
        u1_0.email,
        u1_0.first_name,
        u1_0.last_name,
        u1_0.password,
        u1_0.phone_number,
        u1_0.photo_url,
        u1_0.role,
        u1_0.status,
        u1_0.updated_at,
        u1_0.user_code 
    from
        users u1_0 
    where
        u1_0.email=? 
        and not(u1_0.is_deleted)
Hibernate: 
    select
        u1_0.id,
        u1_0.bio,
        u1_0.created_at,
        u1_0.is_deleted,
        u1_0.email,
        u1_0.first_name,
        u1_0.last_name,
        u1_0.password,
        u1_0.phone_number,
        u1_0.photo_url,
        u1_0.role,
        u1_0.status,
        u1_0.updated_at,
        u1_0.user_code 
    from
        users u1_0 
    where
        u1_0.email=? 
        and not(u1_0.is_deleted)
Hibernate: 
    select
        u1_0.id,
        u1_0.bio,
        u1_0.created_at,
        u1_0.is_deleted,
        u1_0.email,
        u1_0.first_name,
        u1_0.last_name,
        u1_0.password,
        u1_0.phone_number,
        u1_0.photo_url,
        u1_0.role,
        u1_0.status,
        u1_0.updated_at,
        u1_0.user_code 
    from
        users u1_0 
    where
        u1_0.role=? 
        and not(u1_0.is_deleted)
Hibernate: 
    select
        n1_0.id,
        n1_0.created_at,
        n1_0.is_read,
        n1_0.message,
        n1_0.title,
        n1_0.notification_type,
        n1_0.user_id 
    from
        notifications n1_0 
    where
        n1_0.user_id=? 
    order by
        n1_0.created_at desc 
    limit
        ?
2026-04-14T15:15:01.876+01:00  INFO 10697 --- [backend] [nio-8080-exec-8] c.m.b.n.sse.SseEmitterRegistry           : SSE connexion ouverte pour userId=18
Hibernate: 
    select
        count(n1_0.id) 
    from
        notifications n1_0 
    where
        n1_0.user_id=? 
        and not(n1_0.is_read)
Hibernate: 
    select
        count(m1_0.id) 
    from
        messages m1_0 
    where
        m1_0.recipient_id=? 
        and not(m1_0.is_read) 
        and not(m1_0.archived)
Hibernate: 
    select
        u1_0.id,
        u1_0.bio,
        u1_0.created_at,
        u1_0.is_deleted,
        u1_0.email,
        u1_0.first_name,
        u1_0.last_name,
        u1_0.password,
        u1_0.phone_number,
        u1_0.photo_url,
        u1_0.role,
        u1_0.status,
        u1_0.updated_at,
        u1_0.user_code 
    from
        users u1_0 
    where
        u1_0.email=? 
        and not(u1_0.is_deleted)
Hibernate: 
    select
        u1_0.id,
        u1_0.bio,
        u1_0.created_at,
        u1_0.is_deleted,
        u1_0.email,
        u1_0.first_name,
        u1_0.last_name,
        u1_0.password,
        u1_0.phone_number,
        u1_0.photo_url,
        u1_0.role,
        u1_0.status,
        u1_0.updated_at,
        u1_0.user_code 
    from
        users u1_0 
    where
        u1_0.email=? 
        and not(u1_0.is_deleted)
2026-04-14T15:15:02.215+01:00  WARN 10697 --- [backend] [nio-8080-exec-2] .m.m.a.ExceptionHandlerExceptionResolver : Resolved [org.springframework.web.servlet.resource.NoResourceFoundException: No static resource v1/admissions.]
Hibernate: 
    select
        u1_0.id,
        u1_0.bio,
        u1_0.created_at,
        u1_0.is_deleted,
        u1_0.email,
        u1_0.first_name,
        u1_0.last_name,
        u1_0.password,
        u1_0.phone_number,
        u1_0.photo_url,
        u1_0.role,
        u1_0.status,
        u1_0.updated_at,
        u1_0.user_code 
    from
        users u1_0 
    where
        u1_0.email=? 
        and not(u1_0.is_deleted)
Hibernate: 
    select
        u1_0.id,
        u1_0.bio,
        u1_0.created_at,
        u1_0.is_deleted,
        u1_0.email,
        u1_0.first_name,
        u1_0.last_name,
        u1_0.password,
        u1_0.phone_number,
        u1_0.photo_url,
        u1_0.role,
        u1_0.status,
        u1_0.updated_at,
        u1_0.user_code 
    from
        users u1_0 
    where
        u1_0.email=? 
        and not(u1_0.is_deleted)
2026-04-14T15:15:02.331+01:00  WARN 10697 --- [backend] [nio-8080-exec-7] .m.m.a.ExceptionHandlerExceptionResolver : Resolved [org.springframework.web.servlet.resource.NoResourceFoundException: No static resource v1/admissions.]
Hibernate: 
    select
        u1_0.id,
        u1_0.bio,
        u1_0.created_at,
        u1_0.is_deleted,
        u1_0.email,
        u1_0.first_name,
        u1_0.last_name,
        u1_0.password,
        u1_0.phone_number,
        u1_0.photo_url,
        u1_0.role,
        u1_0.status,
        u1_0.updated_at,
        u1_0.user_code 
    from
        users u1_0 
    where
        u1_0.email=? 
        and not(u1_0.is_deleted)
Hibernate: 
    select
        md1_0.id,
        md1_0.academic_year_id,
        md1_0.access_level,
        md1_0.archived,
        md1_0.created_at,
        md1_0.created_by,
        md1_0.current_version_id,
        md1_0.description,
        md1_0.document_type,
        md1_0.expiry_date,
        md1_0.owner_id,
        md1_0.reference_id,
        md1_0.reference_type,
        md1_0.tags,
        md1_0.title,
        md1_0.updated_at,
        md1_0.updated_by 
    from
        managed_documents md1_0 
    where
        md1_0.owner_id=? 
        and not(md1_0.archived) 
    order by
        md1_0.created_at desc 
    limit
        ?
Hibernate: 
    select
        u1_0.id,
        u1_0.bio,
        u1_0.created_at,
        u1_0.is_deleted,
        u1_0.email,
        u1_0.first_name,
        u1_0.last_name,
        u1_0.password,
        u1_0.phone_number,
        u1_0.photo_url,
        u1_0.role,
        u1_0.status,
        u1_0.updated_at,
        u1_0.user_code 
    from
        users u1_0 
    where
        u1_0.email=? 
        and not(u1_0.is_deleted)
Hibernate: 
    select
        gb1_0.id,
        gb1_0.academic_year_id,
        gb1_0.archived,
        gb1_0.cohort_id,
        gb1_0.course_id,
        c1_0.id,
        c1_0.academic_year_id,
        c1_0.archived,
        c1_0.class_id,
        c1_0.code,
        c1_0.course_sheet,
        c1_0.created_at,
        c1_0.created_by,
        c1_0.credits,
        c1_0.current_version_number,
        c1_0.description,
        c1_0.instructor_user_id,
        c1_0.objectives,
        c1_0.prerequisites,
        c1_0.program_id,
        c1_0.published,
        c1_0.semester,
        c1_0.status,
        c1_0.syllabus,
        tu1_0.id,
        tu1_0.archived,
        tu1_0.code,
        tu1_0.created_at,
        tu1_0.created_by,
        tu1_0.description,
        tu1_0.name,
        tu1_0.order_index,
        tu1_0.program_id,
        tu1_0.semester,
        tu1_0.updated_at,
        tu1_0.updated_by,
        c1_0.title,
        c1_0.total_hours,
        c1_0.updated_at,
        c1_0.updated_by,
        c1_0.visibility,
        gb1_0.created_at,
        gb1_0.created_by,
        gb1_0.credits,
        gb1_0.passing_grade,
        gb1_0.semester,
        gb1_0.student_id,
        gb1_0.teacher_appreciation,
        gb1_0.updated_at,
        gb1_0.updated_by,
        gb1_0.validated,
        gb1_0.weighted_average 
    from
        grade_books gb1_0 
    left join
        courses c1_0 
            on c1_0.id=gb1_0.course_id 
    left join
        teaching_units tu1_0 
            on tu1_0.id=c1_0.teaching_unit_id 
    where
        gb1_0.student_id=? 
        and gb1_0.archived=0 
    order by
        c1_0.title
Hibernate: 
    select
        u1_0.id,
        u1_0.bio,
        u1_0.created_at,
        u1_0.is_deleted,
        u1_0.email,
        u1_0.first_name,
        u1_0.last_name,
        u1_0.password,
        u1_0.phone_number,
        u1_0.photo_url,
        u1_0.role,
        u1_0.status,
        u1_0.updated_at,
        u1_0.user_code 
    from
        users u1_0 
    where
        u1_0.email=? 
        and not(u1_0.is_deleted)
Hibernate: 
    select
        u1_0.id,
        u1_0.bio,
        u1_0.created_at,
        u1_0.is_deleted,
        u1_0.email,
        u1_0.first_name,
        u1_0.last_name,
        u1_0.password,
        u1_0.phone_number,
        u1_0.photo_url,
        u1_0.role,
        u1_0.status,
        u1_0.updated_at,
        u1_0.user_code 
    from
        users u1_0 
    where
        u1_0.email=?
Hibernate: 
    select
        s1_0.id,
        s1_0.academic_year_id,
        s1_0.address_line,
        s1_0.admission_date,
        s1_0.admission_number,
        s1_0.archived,
        s1_0.city,
        s1_0.city_of_birth,
        s1_0.class_id,
        s1_0.cohort_id,
        s1_0.country,
        s1_0.country_of_birth,
        s1_0.created_at,
        s1_0.created_by,
        s1_0.date_of_birth,
        s1_0.email,
        s1_0.enrollment_type,
        s1_0.expected_graduation_date,
        s1_0.first_name,
        s1_0.gender,
        s1_0.international_student,
        s1_0.last_name,
        s1_0.medical_notes,
        s1_0.middle_name,
        s1_0.national_id_number,
        s1_0.nationality,
        s1_0.passport_number,
        s1_0.phone_number,
        s1_0.photo_url,
        s1_0.postal_code,
        s1_0.program_id,
        s1_0.registration_date,
        s1_0.registration_number,
        s1_0.scholarship_holder,
        s1_0.secondary_phone_number,
        s1_0.special_needs_notes,
        s1_0.status,
        s1_0.student_number,
        s1_0.updated_at,
        s1_0.updated_by,
        s1_0.user_id,
        s1_0.working_student 
    from
        students s1_0 
    left join
        users u1_0 
            on u1_0.id=s1_0.user_id 
    where
        u1_0.id=?
Hibernate: 
    select
        gc1_0.id,
        gc1_0.address_line,
        gc1_0.archived,
        gc1_0.city,
        gc1_0.country,
        gc1_0.created_at,
        gc1_0.created_by,
        gc1_0.email,
        gc1_0.full_name,
        gc1_0.phone_number,
        gc1_0.primary_contact,
        gc1_0.relationship_label,
        gc1_0.secondary_phone_number,
        gc1_0.student_id,
        gc1_0.updated_at,
        gc1_0.updated_by 
    from
        guardian_contacts gc1_0 
    join
        students s1_0 
            on s1_0.id=gc1_0.student_id 
    where
        s1_0.id=? 
        and not(gc1_0.archived) 
    order by
        gc1_0.primary_contact desc,
        gc1_0.created_at
Hibernate: 
    select
        ec1_0.id,
        ec1_0.address_line,
        ec1_0.archived,
        ec1_0.created_at,
        ec1_0.created_by,
        ec1_0.email,
        ec1_0.full_name,
        ec1_0.phone_number,
        ec1_0.priority_order,
        ec1_0.relationship_label,
        ec1_0.secondary_phone_number,
        ec1_0.student_id,
        ec1_0.updated_at,
        ec1_0.updated_by 
    from
        emergency_contacts ec1_0 
    join
        students s1_0 
            on s1_0.id=ec1_0.student_id 
    where
        s1_0.id=? 
        and not(ec1_0.archived) 
    order by
        ec1_0.priority_order
Hibernate: 
    select
        ssh1_0.id,
        ssh1_0.archived,
        ssh1_0.context_label,
        ssh1_0.created_at,
        ssh1_0.created_by,
        ssh1_0.new_status,
        ssh1_0.old_status,
        ssh1_0.reason,
        ssh1_0.student_id,
        ssh1_0.updated_at,
        ssh1_0.updated_by 
    from
        student_status_history ssh1_0 
    join
        students s1_0 
            on s1_0.id=ssh1_0.student_id 
    where
        s1_0.id=? 
    order by
        ssh1_0.created_at desc
Hibernate: 
    select
        ay1_0.id,
        ay1_0.archived,
        ay1_0.code,
        ay1_0.created_at,
        ay1_0.created_by,
        ay1_0.current_year,
        ay1_0.description,
        ay1_0.end_date,
        ay1_0.name,
        ay1_0.start_date,
        ay1_0.status,
        ay1_0.updated_at,
        ay1_0.updated_by 
    from
        academic_years ay1_0 
    where
        ay1_0.id=?
Hibernate: 
    select
        p1_0.id,
        p1_0.archived,
        p1_0.code,
        p1_0.created_at,
        p1_0.created_by,
        p1_0.credits_required,
        p1_0.department_name,
        p1_0.description,
        p1_0.duration_in_months,
        p1_0.faculty_name,
        p1_0.level,
        p1_0.name,
        p1_0.status,
        p1_0.updated_at,
        p1_0.updated_by 
    from
        programs p1_0 
    where
        p1_0.id=?
Hibernate: 
    select
        cr1_0.id,
        cr1_0.academic_year_id,
        cr1_0.archived,
        cr1_0.capacity,
        cr1_0.code,
        cr1_0.cohort_id,
        cr1_0.created_at,
        cr1_0.created_by,
        cr1_0.delivery_mode,
        cr1_0.description,
        cr1_0.name,
        cr1_0.program_id,
        cr1_0.room_label,
        cr1_0.status,
        cr1_0.updated_at,
        cr1_0.updated_by 
    from
        classes cr1_0 
    where
        cr1_0.id=?
Hibernate: 
    select
        u1_0.id,
        u1_0.bio,
        u1_0.created_at,
        u1_0.is_deleted,
        u1_0.email,
        u1_0.first_name,
        u1_0.last_name,
        u1_0.password,
        u1_0.phone_number,
        u1_0.photo_url,
        u1_0.role,
        u1_0.status,
        u1_0.updated_at,
        u1_0.user_code 
    from
        users u1_0 
    where
        u1_0.email=? 
        and not(u1_0.is_deleted)
Hibernate: 
    select
        s1_0.id,
        s1_0.academic_year_id,
        s1_0.address_line,
        s1_0.admission_date,
        s1_0.admission_number,
        s1_0.archived,
        s1_0.city,
        s1_0.city_of_birth,
        s1_0.class_id,
        s1_0.cohort_id,
        s1_0.country,
        s1_0.country_of_birth,
        s1_0.created_at,
        s1_0.created_by,
        s1_0.date_of_birth,
        s1_0.email,
        s1_0.enrollment_type,
        s1_0.expected_graduation_date,
        s1_0.first_name,
        s1_0.gender,
        s1_0.international_student,
        s1_0.last_name,
        s1_0.medical_notes,
        s1_0.middle_name,
        s1_0.national_id_number,
        s1_0.nationality,
        s1_0.passport_number,
        s1_0.phone_number,
        s1_0.photo_url,
        s1_0.postal_code,
        s1_0.program_id,
        s1_0.registration_date,
        s1_0.registration_number,
        s1_0.scholarship_holder,
        s1_0.secondary_phone_number,
        s1_0.special_needs_notes,
        s1_0.status,
        s1_0.student_number,
        s1_0.updated_at,
        s1_0.updated_by,
        s1_0.user_id,
        s1_0.working_student 
    from
        students s1_0 
    where
        s1_0.id=?
Hibernate: 
    select
        ar1_0.id,
        ar1_0.archived,
        ar1_0.arrival_time,
        ar1_0.created_at,
        ar1_0.created_by,
        ar1_0.late_minutes,
        ar1_0.session_id,
        ar1_0.status,
        ar1_0.student_id,
        ar1_0.teacher_note,
        ar1_0.updated_at,
        ar1_0.updated_by 
    from
        attendance_records ar1_0 
    join
        students s1_0 
            on s1_0.id=ar1_0.student_id 
    where
        s1_0.id=? 
        and not(ar1_0.archived) 
    order by
        ar1_0.created_at desc
Hibernate: 
    select
        u1_0.id,
        u1_0.bio,
        u1_0.created_at,
        u1_0.is_deleted,
        u1_0.email,
        u1_0.first_name,
        u1_0.last_name,
        u1_0.password,
        u1_0.phone_number,
        u1_0.photo_url,
        u1_0.role,
        u1_0.status,
        u1_0.updated_at,
        u1_0.user_code 
    from
        users u1_0 
    where
        u1_0.email=? 
        and not(u1_0.is_deleted)
Hibernate: 
    select
        s1_0.id,
        s1_0.academic_year_id,
        s1_0.address_line,
        s1_0.admission_date,
        s1_0.admission_number,
        s1_0.archived,
        s1_0.city,
        s1_0.city_of_birth,
        s1_0.class_id,
        s1_0.cohort_id,
        s1_0.country,
        s1_0.country_of_birth,
        s1_0.created_at,
        s1_0.created_by,
        s1_0.date_of_birth,
        s1_0.email,
        s1_0.enrollment_type,
        s1_0.expected_graduation_date,
        s1_0.first_name,
        s1_0.gender,
        s1_0.international_student,
        s1_0.last_name,
        s1_0.medical_notes,
        s1_0.middle_name,
        s1_0.national_id_number,
        s1_0.nationality,
        s1_0.passport_number,
        s1_0.phone_number,
        s1_0.photo_url,
        s1_0.postal_code,
        s1_0.program_id,
        s1_0.registration_date,
        s1_0.registration_number,
        s1_0.scholarship_holder,
        s1_0.secondary_phone_number,
        s1_0.special_needs_notes,
        s1_0.status,
        s1_0.student_number,
        s1_0.updated_at,
        s1_0.updated_by,
        s1_0.user_id,
        s1_0.working_student 
    from
        students s1_0 
    where
        s1_0.id=?
Hibernate: 
    select
        count(ar1_0.id) 
    from
        attendance_records ar1_0 
    where
        ar1_0.student_id=? 
        and ar1_0.archived=0
Hibernate: 
    select
        count(ar1_0.id) 
    from
        attendance_records ar1_0 
    where
        ar1_0.student_id=? 
        and ar1_0.status in ('PRESENT', 'LATE', 'REMOTE', 'EXCUSED') 
        and ar1_0.archived=0
Hibernate: 
    select
        u1_0.id,
        u1_0.bio,
        u1_0.created_at,
        u1_0.is_deleted,
        u1_0.email,
        u1_0.first_name,
        u1_0.last_name,
        u1_0.password,
        u1_0.phone_number,
        u1_0.photo_url,
        u1_0.role,
        u1_0.status,
        u1_0.updated_at,
        u1_0.user_code 
    from
        users u1_0 
    where
        u1_0.email=? 
        and not(u1_0.is_deleted)
Hibernate: 
    select
        e1_0.id,
        e1_0.academic_year_id,
        e1_0.archived,
        e1_0.class_id,
        e1_0.cohort_id,
        e1_0.course_id,
        e1_0.created_at,
        e1_0.created_by,
        e1_0.created_by_user_id,
        e1_0.description,
        e1_0.duration_minutes,
        e1_0.evaluation_type,
        e1_0.instructions,
        e1_0.max_score,
        e1_0.passing_score,
        e1_0.results_published_at,
        e1_0.room_info,
        e1_0.scheduled_at,
        e1_0.semester,
        e1_0.status,
        e1_0.title,
        e1_0.updated_at,
        e1_0.updated_by,
        e1_0.weight_percentage 
    from
        evaluations e1_0 
    where
        e1_0.status=? 
        and not(e1_0.archived) 
    order by
        e1_0.scheduled_at desc,
        e1_0.scheduled_at 
    limit
        ?
Hibernate: 
    select
        u1_0.id,
        u1_0.bio,
        u1_0.created_at,
        u1_0.is_deleted,
        u1_0.email,
        u1_0.first_name,
        u1_0.last_name,
        u1_0.password,
        u1_0.phone_number,
        u1_0.photo_url,
        u1_0.role,
        u1_0.status,
        u1_0.updated_at,
        u1_0.user_code 
    from
        users u1_0 
    where
        u1_0.email=? 
        and not(u1_0.is_deleted)
Hibernate: 
    select
        e1_0.id,
        e1_0.academic_year_id,
        e1_0.archived,
        e1_0.class_id,
        e1_0.cohort_id,
        e1_0.course_id,
        e1_0.created_at,
        e1_0.created_by,
        e1_0.created_by_user_id,
        e1_0.description,
        e1_0.duration_minutes,
        e1_0.evaluation_type,
        e1_0.instructions,
        e1_0.max_score,
        e1_0.passing_score,
        e1_0.results_published_at,
        e1_0.room_info,
        e1_0.scheduled_at,
        e1_0.semester,
        e1_0.status,
        e1_0.title,
        e1_0.updated_at,
        e1_0.updated_by,
        e1_0.weight_percentage 
    from
        evaluations e1_0 
    where
        e1_0.status=? 
        and not(e1_0.archived) 
    order by
        e1_0.scheduled_at desc,
        e1_0.scheduled_at 
    limit
        ?
Hibernate: 
    select
        u1_0.id,
        u1_0.bio,
        u1_0.created_at,
        u1_0.is_deleted,
        u1_0.email,
        u1_0.first_name,
        u1_0.last_name,
        u1_0.password,
        u1_0.phone_number,
        u1_0.photo_url,
        u1_0.role,
        u1_0.status,
        u1_0.updated_at,
        u1_0.user_code 
    from
        users u1_0 
    where
        u1_0.email=? 
        and not(u1_0.is_deleted)
Hibernate: 
    select
        e1_0.id,
        e1_0.academic_year_id,
        e1_0.archived,
        e1_0.class_id,
        e1_0.cohort_id,
        e1_0.course_id,
        e1_0.created_at,
        e1_0.created_by,
        e1_0.created_by_user_id,
        e1_0.description,
        e1_0.duration_minutes,
        e1_0.evaluation_type,
        e1_0.instructions,
        e1_0.max_score,
        e1_0.passing_score,
        e1_0.results_published_at,
        e1_0.room_info,
        e1_0.scheduled_at,
        e1_0.semester,
        e1_0.status,
        e1_0.title,
        e1_0.updated_at,
        e1_0.updated_by,
        e1_0.weight_percentage 
    from
        evaluations e1_0 
    where
        e1_0.status=? 
        and not(e1_0.archived) 
    order by
        e1_0.scheduled_at desc,
        e1_0.scheduled_at 
    limit
        ?
Hibernate: 
    select
        u1_0.id,
        u1_0.bio,
        u1_0.created_at,
        u1_0.is_deleted,
        u1_0.email,
        u1_0.first_name,
        u1_0.last_name,
        u1_0.password,
        u1_0.phone_number,
        u1_0.photo_url,
        u1_0.role,
        u1_0.status,
        u1_0.updated_at,
        u1_0.user_code 
    from
        users u1_0 
    where
        u1_0.email=? 
        and not(u1_0.is_deleted)
Hibernate: 
    select
        u1_0.id,
        u1_0.bio,
        u1_0.created_at,
        u1_0.is_deleted,
        u1_0.email,
        u1_0.first_name,
        u1_0.last_name,
        u1_0.password,
        u1_0.phone_number,
        u1_0.photo_url,
        u1_0.role,
        u1_0.status,
        u1_0.updated_at,
        u1_0.user_code 
    from
        users u1_0 
    where
        u1_0.email=? 
        and not(u1_0.is_deleted)
Hibernate: 
    select
        count(n1_0.id) 
    from
        notifications n1_0 
    where
        n1_0.user_id=? 
        and not(n1_0.is_read)
Hibernate: 
    select
        n1_0.id,
        n1_0.created_at,
        n1_0.is_read,
        n1_0.message,
        n1_0.title,
        n1_0.notification_type,
        n1_0.user_id 
    from
        notifications n1_0 
    where
        n1_0.user_id=? 
    order by
        n1_0.created_at desc 
    limit
        ?
Hibernate: 
    select
        u1_0.id,
        u1_0.bio,
        u1_0.created_at,
        u1_0.is_deleted,
        u1_0.email,
        u1_0.first_name,
        u1_0.last_name,
        u1_0.password,
        u1_0.phone_number,
        u1_0.photo_url,
        u1_0.role,
        u1_0.status,
        u1_0.updated_at,
        u1_0.user_code 
    from
        users u1_0 
    where
        u1_0.email=? 
        and not(u1_0.is_deleted)
Hibernate: 
    select
        count(m1_0.id) 
    from
        messages m1_0 
    where
        m1_0.recipient_id=? 
        and not(m1_0.is_read) 
        and not(m1_0.archived)
Hibernate: 
    select
        u1_0.id,
        u1_0.bio,
        u1_0.created_at,
        u1_0.is_deleted,
        u1_0.email,
        u1_0.first_name,
        u1_0.last_name,
        u1_0.password,
        u1_0.phone_number,
        u1_0.photo_url,
        u1_0.role,
        u1_0.status,
        u1_0.updated_at,
        u1_0.user_code 
    from
        users u1_0 
    where
        u1_0.email=? 
        and not(u1_0.is_deleted)
Hibernate: 
    select
        c1_0.id,
        c1_0.academic_year_id,
        c1_0.archived,
        c1_0.class_id,
        c1_0.code,
        c1_0.course_sheet,
        c1_0.created_at,
        c1_0.created_by,
        c1_0.credits,
        c1_0.current_version_number,
        c1_0.description,
        c1_0.instructor_user_id,
        c1_0.objectives,
        c1_0.prerequisites,
        c1_0.program_id,
        c1_0.published,
        c1_0.semester,
        c1_0.status,
        c1_0.syllabus,
        c1_0.teaching_unit_id,
        c1_0.title,
        c1_0.total_hours,
        c1_0.updated_at,
        c1_0.updated_by,
        c1_0.visibility 
    from
        courses c1_0 
    join
        students s1_0 
            on s1_0.class_id=c1_0.class_id 
    where
        s1_0.user_id=? 
        and s1_0.archived=0 
        and c1_0.archived=0 
        and c1_0.published=1 
    order by
        c1_0.title
Hibernate: 
    select
        u1_0.id,
        u1_0.bio,
        u1_0.created_at,
        u1_0.is_deleted,
        u1_0.email,
        u1_0.first_name,
        u1_0.last_name,
        u1_0.password,
        u1_0.phone_number,
        u1_0.photo_url,
        u1_0.role,
        u1_0.status,
        u1_0.updated_at,
        u1_0.user_code 
    from
        users u1_0 
    where
        u1_0.email=? 
        and not(u1_0.is_deleted)
Hibernate: 
    select
        u1_0.id,
        u1_0.bio,
        u1_0.created_at,
        u1_0.is_deleted,
        u1_0.email,
        u1_0.first_name,
        u1_0.last_name,
        u1_0.password,
        u1_0.phone_number,
        u1_0.photo_url,
        u1_0.role,
        u1_0.status,
        u1_0.updated_at,
        u1_0.user_code 
    from
        users u1_0 
    where
        u1_0.email=? 
        and not(u1_0.is_deleted)
Hibernate: 
    select
        u1_0.id,
        u1_0.bio,
        u1_0.created_at,
        u1_0.is_deleted,
        u1_0.email,
        u1_0.first_name,
        u1_0.last_name,
        u1_0.password,
        u1_0.phone_number,
        u1_0.photo_url,
        u1_0.role,
        u1_0.status,
        u1_0.updated_at,
        u1_0.user_code 
    from
        users u1_0 
    where
        u1_0.email=? 
        and not(u1_0.is_deleted)
Hibernate: 
    select
        u1_0.id,
        u1_0.bio,
        u1_0.created_at,
        u1_0.is_deleted,
        u1_0.email,
        u1_0.first_name,
        u1_0.last_name,
        u1_0.password,
        u1_0.phone_number,
        u1_0.photo_url,
        u1_0.role,
        u1_0.status,
        u1_0.updated_at,
        u1_0.user_code 
    from
        users u1_0 
    where
        u1_0.email=? 
        and not(u1_0.is_deleted)
Hibernate: 
    select
        se1_0.id,
        se1_0.all_day,
        se1_0.archived,
        se1_0.cancellation_reason,
        se1_0.cohort_id,
        se1_0.created_at,
        se1_0.created_by,
        se1_0.description,
        se1_0.end_at,
        se1_0.event_type,
        se1_0.location,
        se1_0.meeting_link,
        se1_0.recurrence_rule,
        se1_0.reference_id,
        se1_0.reference_type,
        se1_0.start_at,
        se1_0.status,
        se1_0.teacher_id,
        se1_0.title,
        se1_0.updated_at,
        se1_0.updated_by,
        se1_0.user_id 
    from
        schedule_events se1_0 
    where
        se1_0.archived=0 
        and se1_0.status<>'CANCELLED' 
        and (
            se1_0.user_id=? 
            or se1_0.teacher_id=?
        ) 
        and se1_0.start_at>=? 
        and se1_0.start_at<=? 
    order by
        se1_0.start_at
Hibernate: 
    select
        s1_0.id,
        s1_0.academic_year_id,
        s1_0.address_line,
        s1_0.admission_date,
        s1_0.admission_number,
        s1_0.archived,
        s1_0.city,
        s1_0.city_of_birth,
        s1_0.class_id,
        s1_0.cohort_id,
        s1_0.country,
        s1_0.country_of_birth,
        s1_0.created_at,
        s1_0.created_by,
        s1_0.date_of_birth,
        s1_0.email,
        s1_0.enrollment_type,
        s1_0.expected_graduation_date,
        s1_0.first_name,
        s1_0.gender,
        s1_0.international_student,
        s1_0.last_name,
        s1_0.medical_notes,
        s1_0.middle_name,
        s1_0.national_id_number,
        s1_0.nationality,
        s1_0.passport_number,
        s1_0.phone_number,
        s1_0.photo_url,
        s1_0.postal_code,
        s1_0.program_id,
        s1_0.registration_date,
        s1_0.registration_number,
        s1_0.scholarship_holder,
        s1_0.secondary_phone_number,
        s1_0.special_needs_notes,
        s1_0.status,
        s1_0.student_number,
        s1_0.updated_at,
        s1_0.updated_by,
        s1_0.user_id,
        s1_0.working_student 
    from
        students s1_0 
    where
        s1_0.id=?
Hibernate: 
    select
        gb1_0.id,
        gb1_0.academic_year_id,
        gb1_0.archived,
        gb1_0.cohort_id,
        gb1_0.course_id,
        c1_0.id,
        c1_0.academic_year_id,
        c1_0.archived,
        c1_0.class_id,
        c1_0.code,
        c1_0.course_sheet,
        c1_0.created_at,
        c1_0.created_by,
        c1_0.credits,
        c1_0.current_version_number,
        c1_0.description,
        c1_0.instructor_user_id,
        c1_0.objectives,
        c1_0.prerequisites,
        c1_0.program_id,
        c1_0.published,
        c1_0.semester,
        c1_0.status,
        c1_0.syllabus,
        tu1_0.id,
        tu1_0.archived,
        tu1_0.code,
        tu1_0.created_at,
        tu1_0.created_by,
        tu1_0.description,
        tu1_0.name,
        tu1_0.order_index,
        tu1_0.program_id,
        tu1_0.semester,
        tu1_0.updated_at,
        tu1_0.updated_by,
        c1_0.title,
        c1_0.total_hours,
        c1_0.updated_at,
        c1_0.updated_by,
        c1_0.visibility,
        gb1_0.created_at,
        gb1_0.created_by,
        gb1_0.credits,
        gb1_0.passing_grade,
        gb1_0.semester,
        gb1_0.student_id,
        gb1_0.teacher_appreciation,
        gb1_0.updated_at,
        gb1_0.updated_by,
        gb1_0.validated,
        gb1_0.weighted_average 
    from
        grade_books gb1_0 
    left join
        courses c1_0 
            on c1_0.id=gb1_0.course_id 
    left join
        teaching_units tu1_0 
            on tu1_0.id=c1_0.teaching_unit_id 
    where
        gb1_0.student_id=? 
        and gb1_0.archived=0 
    order by
        c1_0.title
Hibernate: 
    select
        count(ar1_0.id) 
    from
        attendance_records ar1_0 
    where
        ar1_0.student_id=? 
        and ar1_0.archived=0
Hibernate: 
    select
        count(ar1_0.id) 
    from
        attendance_records ar1_0 
    where
        ar1_0.student_id=? 
        and ar1_0.status in ('PRESENT', 'LATE', 'REMOTE', 'EXCUSED') 
        and ar1_0.archived=0
Hibernate: 
    select
        e1_0.id,
        e1_0.academic_year_id,
        e1_0.archived,
        e1_0.class_id,
        e1_0.cohort_id,
        e1_0.course_id,
        e1_0.created_at,
        e1_0.created_by,
        e1_0.created_by_user_id,
        e1_0.description,
        e1_0.duration_minutes,
        e1_0.evaluation_type,
        e1_0.instructions,
        e1_0.max_score,
        e1_0.passing_score,
        e1_0.results_published_at,
        e1_0.room_info,
        e1_0.scheduled_at,
        e1_0.semester,
        e1_0.status,
        e1_0.title,
        e1_0.updated_at,
        e1_0.updated_by,
        e1_0.weight_percentage 
    from
        evaluations e1_0 
    where
        not(e1_0.archived) 
    order by
        e1_0.scheduled_at desc,
        e1_0.scheduled_at 
    limit
        ?
Hibernate: 
    select
        u1_0.id,
        u1_0.bio,
        u1_0.created_at,
        u1_0.is_deleted,
        u1_0.email,
        u1_0.first_name,
        u1_0.last_name,
        u1_0.password,
        u1_0.phone_number,
        u1_0.photo_url,
        u1_0.role,
        u1_0.status,
        u1_0.updated_at,
        u1_0.user_code 
    from
        users u1_0 
    where
        u1_0.email=? 
        and not(u1_0.is_deleted)
Hibernate: 
    select
        u1_0.id,
        u1_0.bio,
        u1_0.created_at,
        u1_0.is_deleted,
        u1_0.email,
        u1_0.first_name,
        u1_0.last_name,
        u1_0.password,
        u1_0.phone_number,
        u1_0.photo_url,
        u1_0.role,
        u1_0.status,
        u1_0.updated_at,
        u1_0.user_code 
    from
        users u1_0 
    where
        u1_0.email=? 
        and not(u1_0.is_deleted)
Hibernate: 
    select
        u1_0.id,
        u1_0.bio,
        u1_0.created_at,
        u1_0.is_deleted,
        u1_0.email,
        u1_0.first_name,
        u1_0.last_name,
        u1_0.password,
        u1_0.phone_number,
        u1_0.photo_url,
        u1_0.role,
        u1_0.status,
        u1_0.updated_at,
        u1_0.user_code 
    from
        users u1_0 
    where
        u1_0.email=? 
        and not(u1_0.is_deleted)
Hibernate: 
    select
        count(n1_0.id) 
    from
        notifications n1_0 
    where
        n1_0.user_id=? 
        and not(n1_0.is_read)
Hibernate: 
    select
        n1_0.id,
        n1_0.created_at,
        n1_0.is_read,
        n1_0.message,
        n1_0.title,
        n1_0.notification_type,
        n1_0.user_id 
    from
        notifications n1_0 
    where
        n1_0.user_id=? 
    order by
        n1_0.created_at desc 
    limit
        ?
Hibernate: 
    select
        count(m1_0.id) 
    from
        messages m1_0 
    where
        m1_0.recipient_id=? 
        and not(m1_0.is_read) 
        and not(m1_0.archived)
Hibernate: 
    select
        u1_0.id,
        u1_0.bio,
        u1_0.created_at,
        u1_0.is_deleted,
        u1_0.email,
        u1_0.first_name,
        u1_0.last_name,
        u1_0.password,
        u1_0.phone_number,
        u1_0.photo_url,
        u1_0.role,
        u1_0.status,
        u1_0.updated_at,
        u1_0.user_code 
    from
        users u1_0 
    where
        u1_0.email=? 
        and not(u1_0.is_deleted)
Hibernate: 
    select
        u1_0.id,
        u1_0.bio,
        u1_0.created_at,
        u1_0.is_deleted,
        u1_0.email,
        u1_0.first_name,
        u1_0.last_name,
        u1_0.password,
        u1_0.phone_number,
        u1_0.photo_url,
        u1_0.role,
        u1_0.status,
        u1_0.updated_at,
        u1_0.user_code 
    from
        users u1_0 
    where
        u1_0.email=? 
        and not(u1_0.is_deleted)
Hibernate: 
    select
        u1_0.id,
        u1_0.bio,
        u1_0.created_at,
        u1_0.is_deleted,
        u1_0.email,
        u1_0.first_name,
        u1_0.last_name,
        u1_0.password,
        u1_0.phone_number,
        u1_0.photo_url,
        u1_0.role,
        u1_0.status,
        u1_0.updated_at,
        u1_0.user_code 
    from
        users u1_0 
    where
        u1_0.email=? 
        and not(u1_0.is_deleted)
Hibernate: 
    select
        count(n1_0.id) 
    from
        notifications n1_0 
    where
        n1_0.user_id=? 
        and not(n1_0.is_read)
Hibernate: 
    select
        n1_0.id,
        n1_0.created_at,
        n1_0.is_read,
        n1_0.message,
        n1_0.title,
        n1_0.notification_type,
        n1_0.user_id 
    from
        notifications n1_0 
    where
        n1_0.user_id=? 
    order by
        n1_0.created_at desc 
    limit
        ?
Hibernate: 
    select
        count(m1_0.id) 
    from
        messages m1_0 
    where
        m1_0.recipient_id=? 
        and not(m1_0.is_read) 
        and not(m1_0.archived)
Hibernate: 
    select
        u1_0.id,
        u1_0.bio,
        u1_0.created_at,
        u1_0.is_deleted,
        u1_0.email,
        u1_0.first_name,
        u1_0.last_name,
        u1_0.password,
        u1_0.phone_number,
        u1_0.photo_url,
        u1_0.role,
        u1_0.status,
        u1_0.updated_at,
        u1_0.user_code 
    from
        users u1_0 
    where
        u1_0.email=? 
        and not(u1_0.is_deleted)
Hibernate: 
    select
        u1_0.id,
        u1_0.bio,
        u1_0.created_at,
        u1_0.is_deleted,
        u1_0.email,
        u1_0.first_name,
        u1_0.last_name,
        u1_0.password,
        u1_0.phone_number,
        u1_0.photo_url,
        u1_0.role,
        u1_0.status,
        u1_0.updated_at,
        u1_0.user_code 
    from
        users u1_0 
    where
        u1_0.email=? 
        and not(u1_0.is_deleted)
Hibernate: 
    select
        u1_0.id,
        u1_0.bio,
        u1_0.created_at,
        u1_0.is_deleted,
        u1_0.email,
        u1_0.first_name,
        u1_0.last_name,
        u1_0.password,
        u1_0.phone_number,
        u1_0.photo_url,
        u1_0.role,
        u1_0.status,
        u1_0.updated_at,
        u1_0.user_code 
    from
        users u1_0 
    where
        u1_0.email=? 
        and not(u1_0.is_deleted)
Hibernate: 
    select
        n1_0.id,
        n1_0.created_at,
        n1_0.is_read,
        n1_0.message,
        n1_0.title,
        n1_0.notification_type,
        n1_0.user_id 
    from
        notifications n1_0 
    where
        n1_0.user_id=? 
    order by
        n1_0.created_at desc 
    limit
        ?
Hibernate: 
    select
        count(m1_0.id) 
    from
        messages m1_0 
    where
        m1_0.recipient_id=? 
        and not(m1_0.is_read) 
        and not(m1_0.archived)
Hibernate: 
    select
        count(n1_0.id) 
    from
        notifications n1_0 
    where
        n1_0.user_id=? 
        and not(n1_0.is_read)
Hibernate: 
    select
        u1_0.id,
        u1_0.bio,
        u1_0.created_at,
        u1_0.is_deleted,
        u1_0.email,
        u1_0.first_name,
        u1_0.last_name,
        u1_0.password,
        u1_0.phone_number,
        u1_0.photo_url,
        u1_0.role,
        u1_0.status,
        u1_0.updated_at,
        u1_0.user_code 
    from
        users u1_0 
    where
        u1_0.email=? 
        and not(u1_0.is_deleted)
Hibernate: 
    select
        u1_0.id,
        u1_0.bio,
        u1_0.created_at,
        u1_0.is_deleted,
        u1_0.email,
        u1_0.first_name,
        u1_0.last_name,
        u1_0.password,
        u1_0.phone_number,
        u1_0.photo_url,
        u1_0.role,
        u1_0.status,
        u1_0.updated_at,
        u1_0.user_code 
    from
        users u1_0 
    where
        u1_0.email=? 
        and not(u1_0.is_deleted)
Hibernate: 
    select
        u1_0.id,
        u1_0.bio,
        u1_0.created_at,
        u1_0.is_deleted,
        u1_0.email,
        u1_0.first_name,
        u1_0.last_name,
        u1_0.password,
        u1_0.phone_number,
        u1_0.photo_url,
        u1_0.role,
        u1_0.status,
        u1_0.updated_at,
        u1_0.user_code 
    from
        users u1_0 
    where
        u1_0.email=? 
        and not(u1_0.is_deleted)
Hibernate: 
    select
        count(n1_0.id) 
    from
        notifications n1_0 
    where
        n1_0.user_id=? 
        and not(n1_0.is_read)
Hibernate: 
    select
        count(m1_0.id) 
    from
        messages m1_0 
    where
        m1_0.recipient_id=? 
        and not(m1_0.is_read) 
        and not(m1_0.archived)
Hibernate: 
    select
        n1_0.id,
        n1_0.created_at,
        n1_0.is_read,
        n1_0.message,
        n1_0.title,
        n1_0.notification_type,
        n1_0.user_id 
    from
        notifications n1_0 
    where
        n1_0.user_id=? 
    order by
        n1_0.created_at desc 
    limit
        ?
Hibernate: 
    select
        u1_0.id,
        u1_0.bio,
        u1_0.created_at,
        u1_0.is_deleted,
        u1_0.email,
        u1_0.first_name,
        u1_0.last_name,
        u1_0.password,
        u1_0.phone_number,
        u1_0.photo_url,
        u1_0.role,
        u1_0.status,
        u1_0.updated_at,
        u1_0.user_code 
    from
        users u1_0 
    where
        u1_0.email=? 
        and not(u1_0.is_deleted)
Hibernate: 
    select
        c1_0.id,
        c1_0.academic_year_id,
        c1_0.archived,
        c1_0.class_id,
        c1_0.code,
        c1_0.course_sheet,
        c1_0.created_at,
        c1_0.created_by,
        c1_0.credits,
        c1_0.current_version_number,
        c1_0.description,
        c1_0.instructor_user_id,
        c1_0.objectives,
        c1_0.prerequisites,
        c1_0.program_id,
        c1_0.published,
        c1_0.semester,
        c1_0.status,
        c1_0.syllabus,
        c1_0.teaching_unit_id,
        c1_0.title,
        c1_0.total_hours,
        c1_0.updated_at,
        c1_0.updated_by,
        c1_0.visibility 
    from
        courses c1_0 
    join
        students s1_0 
            on s1_0.class_id=c1_0.class_id 
    where
        s1_0.user_id=? 
        and s1_0.archived=0 
        and c1_0.archived=0 
        and c1_0.published=1 
    order by
        c1_0.title
Hibernate: 
    select
        u1_0.id,
        u1_0.bio,
        u1_0.created_at,
        u1_0.is_deleted,
        u1_0.email,
        u1_0.first_name,
        u1_0.last_name,
        u1_0.password,
        u1_0.phone_number,
        u1_0.photo_url,
        u1_0.role,
        u1_0.status,
        u1_0.updated_at,
        u1_0.user_code 
    from
        users u1_0 
    where
        u1_0.email=? 
        and not(u1_0.is_deleted)
Hibernate: 
    select
        gb1_0.id,
        gb1_0.academic_year_id,
        gb1_0.archived,
        gb1_0.cohort_id,
        gb1_0.course_id,
        c1_0.id,
        c1_0.academic_year_id,
        c1_0.archived,
        c1_0.class_id,
        c1_0.code,
        c1_0.course_sheet,
        c1_0.created_at,
        c1_0.created_by,
        c1_0.credits,
        c1_0.current_version_number,
        c1_0.description,
        c1_0.instructor_user_id,
        c1_0.objectives,
        c1_0.prerequisites,
        c1_0.program_id,
        c1_0.published,
        c1_0.semester,
        c1_0.status,
        c1_0.syllabus,
        tu1_0.id,
        tu1_0.archived,
        tu1_0.code,
        tu1_0.created_at,
        tu1_0.created_by,
        tu1_0.description,
        tu1_0.name,
        tu1_0.order_index,
        tu1_0.program_id,
        tu1_0.semester,
        tu1_0.updated_at,
        tu1_0.updated_by,
        c1_0.title,
        c1_0.total_hours,
        c1_0.updated_at,
        c1_0.updated_by,
        c1_0.visibility,
        gb1_0.created_at,
        gb1_0.created_by,
        gb1_0.credits,
        gb1_0.passing_grade,
        gb1_0.semester,
        gb1_0.student_id,
        gb1_0.teacher_appreciation,
        gb1_0.updated_at,
        gb1_0.updated_by,
        gb1_0.validated,
        gb1_0.weighted_average 
    from
        grade_books gb1_0 
    left join
        courses c1_0 
            on c1_0.id=gb1_0.course_id 
    left join
        teaching_units tu1_0 
            on tu1_0.id=c1_0.teaching_unit_id 
    where
        gb1_0.student_id=? 
        and gb1_0.archived=0 
    order by
        c1_0.title
Hibernate: 
    select
        u1_0.id,
        u1_0.bio,
        u1_0.created_at,
        u1_0.is_deleted,
        u1_0.email,
        u1_0.first_name,
        u1_0.last_name,
        u1_0.password,
        u1_0.phone_number,
        u1_0.photo_url,
        u1_0.role,
        u1_0.status,
        u1_0.updated_at,
        u1_0.user_code 
    from
        users u1_0 
    where
        u1_0.email=? 
        and not(u1_0.is_deleted)
Hibernate: 
    select
        se1_0.id,
        se1_0.all_day,
        se1_0.archived,
        se1_0.cancellation_reason,
        se1_0.cohort_id,
        se1_0.created_at,
        se1_0.created_by,
        se1_0.description,
        se1_0.end_at,
        se1_0.event_type,
        se1_0.location,
        se1_0.meeting_link,
        se1_0.recurrence_rule,
        se1_0.reference_id,
        se1_0.reference_type,
        se1_0.start_at,
        se1_0.status,
        se1_0.teacher_id,
        se1_0.title,
        se1_0.updated_at,
        se1_0.updated_by,
        se1_0.user_id 
    from
        schedule_events se1_0 
    where
        se1_0.archived=0 
        and se1_0.status<>'CANCELLED' 
        and (
            se1_0.user_id=? 
            or se1_0.teacher_id=?
        ) 
        and se1_0.start_at>=? 
        and se1_0.start_at<=? 
    order by
        se1_0.start_at
Hibernate: 
    select
        u1_0.id,
        u1_0.bio,
        u1_0.created_at,
        u1_0.is_deleted,
        u1_0.email,
        u1_0.first_name,
        u1_0.last_name,
        u1_0.password,
        u1_0.phone_number,
        u1_0.photo_url,
        u1_0.role,
        u1_0.status,
        u1_0.updated_at,
        u1_0.user_code 
    from
        users u1_0 
    where
        u1_0.email=? 
        and not(u1_0.is_deleted)
Hibernate: 
    select
        u1_0.id,
        u1_0.bio,
        u1_0.created_at,
        u1_0.is_deleted,
        u1_0.email,
        u1_0.first_name,
        u1_0.last_name,
        u1_0.password,
        u1_0.phone_number,
        u1_0.photo_url,
        u1_0.role,
        u1_0.status,
        u1_0.updated_at,
        u1_0.user_code 
    from
        users u1_0 
    where
        u1_0.email=? 
        and not(u1_0.is_deleted)
Hibernate: 
    select
        e1_0.id,
        e1_0.academic_year_id,
        e1_0.archived,
        e1_0.class_id,
        e1_0.cohort_id,
        e1_0.course_id,
        e1_0.created_at,
        e1_0.created_by,
        e1_0.created_by_user_id,
        e1_0.description,
        e1_0.duration_minutes,
        e1_0.evaluation_type,
        e1_0.instructions,
        e1_0.max_score,
        e1_0.passing_score,
        e1_0.results_published_at,
        e1_0.room_info,
        e1_0.scheduled_at,
        e1_0.semester,
        e1_0.status,
        e1_0.title,
        e1_0.updated_at,
        e1_0.updated_by,
        e1_0.weight_percentage 
    from
        evaluations e1_0 
    where
        not(e1_0.archived) 
    order by
        e1_0.scheduled_at desc,
        e1_0.scheduled_at 
    limit
        ?
Hibernate: 
    select
        s1_0.id,
        s1_0.academic_year_id,
        s1_0.address_line,
        s1_0.admission_date,
        s1_0.admission_number,
        s1_0.archived,
        s1_0.city,
        s1_0.city_of_birth,
        s1_0.class_id,
        s1_0.cohort_id,
        s1_0.country,
        s1_0.country_of_birth,
        s1_0.created_at,
        s1_0.created_by,
        s1_0.date_of_birth,
        s1_0.email,
        s1_0.enrollment_type,
        s1_0.expected_graduation_date,
        s1_0.first_name,
        s1_0.gender,
        s1_0.international_student,
        s1_0.last_name,
        s1_0.medical_notes,
        s1_0.middle_name,
        s1_0.national_id_number,
        s1_0.nationality,
        s1_0.passport_number,
        s1_0.phone_number,
        s1_0.photo_url,
        s1_0.postal_code,
        s1_0.program_id,
        s1_0.registration_date,
        s1_0.registration_number,
        s1_0.scholarship_holder,
        s1_0.secondary_phone_number,
        s1_0.special_needs_notes,
        s1_0.status,
        s1_0.student_number,
        s1_0.updated_at,
        s1_0.updated_by,
        s1_0.user_id,
        s1_0.working_student 
    from
        students s1_0 
    where
        s1_0.id=?
Hibernate: 
    select
        count(ar1_0.id) 
    from
        attendance_records ar1_0 
    where
        ar1_0.student_id=? 
        and ar1_0.archived=0
Hibernate: 
    select
        count(ar1_0.id) 
    from
        attendance_records ar1_0 
    where
        ar1_0.student_id=? 
        and ar1_0.status in ('PRESENT', 'LATE', 'REMOTE', 'EXCUSED') 
        and ar1_0.archived=0
Hibernate: 
    select
        u1_0.id,
        u1_0.bio,
        u1_0.created_at,
        u1_0.is_deleted,
        u1_0.email,
        u1_0.first_name,
        u1_0.last_name,
        u1_0.password,
        u1_0.phone_number,
        u1_0.photo_url,
        u1_0.role,
        u1_0.status,
        u1_0.updated_at,
        u1_0.user_code 
    from
        users u1_0 
    where
        u1_0.email=? 
        and not(u1_0.is_deleted)
Hibernate: 
    select
        u1_0.id,
        u1_0.bio,
        u1_0.created_at,
        u1_0.is_deleted,
        u1_0.email,
        u1_0.first_name,
        u1_0.last_name,
        u1_0.password,
        u1_0.phone_number,
        u1_0.photo_url,
        u1_0.role,
        u1_0.status,
        u1_0.updated_at,
        u1_0.user_code 
    from
        users u1_0 
    where
        u1_0.email=? 
        and not(u1_0.is_deleted)
Hibernate: 
    select
        s1_0.id,
        s1_0.academic_year_id,
        s1_0.address_line,
        s1_0.admission_date,
        s1_0.admission_number,
        s1_0.archived,
        s1_0.city,
        s1_0.city_of_birth,
        s1_0.class_id,
        s1_0.cohort_id,
        s1_0.country,
        s1_0.country_of_birth,
        s1_0.created_at,
        s1_0.created_by,
        s1_0.date_of_birth,
        s1_0.email,
        s1_0.enrollment_type,
        s1_0.expected_graduation_date,
        s1_0.first_name,
        s1_0.gender,
        s1_0.international_student,
        s1_0.last_name,
        s1_0.medical_notes,
        s1_0.middle_name,
        s1_0.national_id_number,
        s1_0.nationality,
        s1_0.passport_number,
        s1_0.phone_number,
        s1_0.photo_url,
        s1_0.postal_code,
        s1_0.program_id,
        s1_0.registration_date,
        s1_0.registration_number,
        s1_0.scholarship_holder,
        s1_0.secondary_phone_number,
        s1_0.special_needs_notes,
        s1_0.status,
        s1_0.student_number,
        s1_0.updated_at,
        s1_0.updated_by,
        s1_0.user_id,
        s1_0.working_student 
    from
        students s1_0 
    where
        s1_0.id=?
Hibernate: 
    select
        ar1_0.id,
        ar1_0.archived,
        ar1_0.arrival_time,
        ar1_0.created_at,
        ar1_0.created_by,
        ar1_0.late_minutes,
        ar1_0.session_id,
        ar1_0.status,
        ar1_0.student_id,
        ar1_0.teacher_note,
        ar1_0.updated_at,
        ar1_0.updated_by 
    from
        attendance_records ar1_0 
    join
        students s1_0 
            on s1_0.id=ar1_0.student_id 
    where
        s1_0.id=? 
        and not(ar1_0.archived) 
    order by
        ar1_0.created_at desc
Hibernate: 
    select
        s1_0.id,
        s1_0.academic_year_id,
        s1_0.address_line,
        s1_0.admission_date,
        s1_0.admission_number,
        s1_0.archived,
        s1_0.city,
        s1_0.city_of_birth,
        s1_0.class_id,
        s1_0.cohort_id,
        s1_0.country,
        s1_0.country_of_birth,
        s1_0.created_at,
        s1_0.created_by,
        s1_0.date_of_birth,
        s1_0.email,
        s1_0.enrollment_type,
        s1_0.expected_graduation_date,
        s1_0.first_name,
        s1_0.gender,
        s1_0.international_student,
        s1_0.last_name,
        s1_0.medical_notes,
        s1_0.middle_name,
        s1_0.national_id_number,
        s1_0.nationality,
        s1_0.passport_number,
        s1_0.phone_number,
        s1_0.photo_url,
        s1_0.postal_code,
        s1_0.program_id,
        s1_0.registration_date,
        s1_0.registration_number,
        s1_0.scholarship_holder,
        s1_0.secondary_phone_number,
        s1_0.special_needs_notes,
        s1_0.status,
        s1_0.student_number,
        s1_0.updated_at,
        s1_0.updated_by,
        s1_0.user_id,
        s1_0.working_student 
    from
        students s1_0 
    where
        s1_0.id=?
Hibernate: 
    select
        count(ar1_0.id) 
    from
        attendance_records ar1_0 
    where
        ar1_0.student_id=? 
        and ar1_0.archived=0
Hibernate: 
    select
        count(ar1_0.id) 
    from
        attendance_records ar1_0 
    where
        ar1_0.student_id=? 
        and ar1_0.status in ('PRESENT', 'LATE', 'REMOTE', 'EXCUSED') 
        and ar1_0.archived=0
Hibernate: 
    select
        u1_0.id,
        u1_0.bio,
        u1_0.created_at,
        u1_0.is_deleted,
        u1_0.email,
        u1_0.first_name,
        u1_0.last_name,
        u1_0.password,
        u1_0.phone_number,
        u1_0.photo_url,
        u1_0.role,
        u1_0.status,
        u1_0.updated_at,
        u1_0.user_code 
    from
        users u1_0 
    where
        u1_0.email=? 
        and not(u1_0.is_deleted)
Hibernate: 
    select
        b1_0.id,
        b1_0.academic_year_id,
        b1_0.archived,
        b1_0.class_average,
        b1_0.cohort_id,
        b1_0.council_decision,
        b1_0.created_at,
        b1_0.created_by,
        b1_0.general_average,
        b1_0.head_teacher_comment,
        b1_0.highest_average,
        b1_0.lowest_average,
        b1_0.published_at,
        b1_0.rank_in_cohort,
        b1_0.semester,
        b1_0.status,
        b1_0.student_id,
        b1_0.total_credits_acquired,
        b1_0.total_credits_possible,
        b1_0.total_students_in_cohort,
        b1_0.updated_at,
        b1_0.updated_by 
    from
        bulletins b1_0 
    join
        students s1_0 
            on s1_0.id=b1_0.student_id 
    join
        academic_years ay1_0 
            on ay1_0.id=b1_0.academic_year_id 
    where
        s1_0.id=? 
        and b1_0.semester=? 
        and ay1_0.id=? 
        and not(b1_0.archived)
2026-04-14T15:20:58.365+01:00  WARN 10697 --- [backend] [nio-8080-exec-3] .m.m.a.ExceptionHandlerExceptionResolver : Resolved [com.mydbs.backend.common.exception.ResourceNotFoundException: Bulletin introuvable pour cet étudiant]
Hibernate: 
    select
        u1_0.id,
        u1_0.bio,
        u1_0.created_at,
        u1_0.is_deleted,
        u1_0.email,
        u1_0.first_name,
        u1_0.last_name,
        u1_0.password,
        u1_0.phone_number,
        u1_0.photo_url,
        u1_0.role,
        u1_0.status,
        u1_0.updated_at,
        u1_0.user_code 
    from
        users u1_0 
    where
        u1_0.email=? 
        and not(u1_0.is_deleted)
2026-04-14T15:20:58.384+01:00  WARN 10697 --- [backend] [io-8080-exec-10] .m.m.a.ExceptionHandlerExceptionResolver : Resolved [org.springframework.web.servlet.resource.NoResourceFoundException: No static resource v1/grades/bulletins/students/13.]
Hibernate: 
    select
        u1_0.id,
        u1_0.bio,
        u1_0.created_at,
        u1_0.is_deleted,
        u1_0.email,
        u1_0.first_name,
        u1_0.last_name,
        u1_0.password,
        u1_0.phone_number,
        u1_0.photo_url,
        u1_0.role,
        u1_0.status,
        u1_0.updated_at,
        u1_0.user_code 
    from
        users u1_0 
    where
        u1_0.email=? 
        and not(u1_0.is_deleted)
Hibernate: 
    select
        b1_0.id,
        b1_0.academic_year_id,
        b1_0.archived,
        b1_0.class_average,
        b1_0.cohort_id,
        b1_0.council_decision,
        b1_0.created_at,
        b1_0.created_by,
        b1_0.general_average,
        b1_0.head_teacher_comment,
        b1_0.highest_average,
        b1_0.lowest_average,
        b1_0.published_at,
        b1_0.rank_in_cohort,
        b1_0.semester,
        b1_0.status,
        b1_0.student_id,
        b1_0.total_credits_acquired,
        b1_0.total_credits_possible,
        b1_0.total_students_in_cohort,
        b1_0.updated_at,
        b1_0.updated_by 
    from
        bulletins b1_0 
    join
        students s1_0 
            on s1_0.id=b1_0.student_id 
    join
        academic_years ay1_0 
            on ay1_0.id=b1_0.academic_year_id 
    where
        s1_0.id=? 
        and b1_0.semester=? 
        and ay1_0.id=? 
        and not(b1_0.archived)
2026-04-14T15:21:00.402+01:00  WARN 10697 --- [backend] [nio-8080-exec-2] .m.m.a.ExceptionHandlerExceptionResolver : Resolved [com.mydbs.backend.common.exception.ResourceNotFoundException: Bulletin introuvable pour cet étudiant]
Hibernate: 
    select
        u1_0.id,
        u1_0.bio,
        u1_0.created_at,
        u1_0.is_deleted,
        u1_0.email,
        u1_0.first_name,
        u1_0.last_name,
        u1_0.password,
        u1_0.phone_number,
        u1_0.photo_url,
        u1_0.role,
        u1_0.status,
        u1_0.updated_at,
        u1_0.user_code 
    from
        users u1_0 
    where
        u1_0.email=? 
        and not(u1_0.is_deleted)
2026-04-14T15:21:00.427+01:00  WARN 10697 --- [backend] [nio-8080-exec-7] .m.m.a.ExceptionHandlerExceptionResolver : Resolved [org.springframework.web.servlet.resource.NoResourceFoundException: No static resource v1/grades/bulletins/students/13.]
Hibernate: 
    select
        u1_0.id,
        u1_0.bio,
        u1_0.created_at,
        u1_0.is_deleted,
        u1_0.email,
        u1_0.first_name,
        u1_0.last_name,
        u1_0.password,
        u1_0.phone_number,
        u1_0.photo_url,
        u1_0.role,
        u1_0.status,
        u1_0.updated_at,
        u1_0.user_code 
    from
        users u1_0 
    where
        u1_0.email=? 
        and not(u1_0.is_deleted)
Hibernate: 
    select
        u1_0.id,
        u1_0.bio,
        u1_0.created_at,
        u1_0.is_deleted,
        u1_0.email,
        u1_0.first_name,
        u1_0.last_name,
        u1_0.password,
        u1_0.phone_number,
        u1_0.photo_url,
        u1_0.role,
        u1_0.status,
        u1_0.updated_at,
        u1_0.user_code 
    from
        users u1_0 
    where
        u1_0.email=? 
        and not(u1_0.is_deleted)
Hibernate: 
    select
        u1_0.id,
        u1_0.bio,
        u1_0.created_at,
        u1_0.is_deleted,
        u1_0.email,
        u1_0.first_name,
        u1_0.last_name,
        u1_0.password,
        u1_0.phone_number,
        u1_0.photo_url,
        u1_0.role,
        u1_0.status,
        u1_0.updated_at,
        u1_0.user_code 
    from
        users u1_0 
    where
        u1_0.email=? 
        and not(u1_0.is_deleted)
Hibernate: 
    select
        n1_0.id,
        n1_0.created_at,
        n1_0.is_read,
        n1_0.message,
        n1_0.title,
        n1_0.notification_type,
        n1_0.user_id 
    from
        notifications n1_0 
    where
        n1_0.user_id=? 
    order by
        n1_0.created_at desc 
    limit
        ?
Hibernate: 
    select
        count(n1_0.id) 
    from
        notifications n1_0 
    where
        n1_0.user_id=? 
        and not(n1_0.is_read)
Hibernate: 
    select
        count(m1_0.id) 
    from
        messages m1_0 
    where
        m1_0.recipient_id=? 
        and not(m1_0.is_read) 
        and not(m1_0.archived)
Hibernate: 
    select
        u1_0.id,
        u1_0.bio,
        u1_0.created_at,
        u1_0.is_deleted,
        u1_0.email,
        u1_0.first_name,
        u1_0.last_name,
        u1_0.password,
        u1_0.phone_number,
        u1_0.photo_url,
        u1_0.role,
        u1_0.status,
        u1_0.updated_at,
        u1_0.user_code 
    from
        users u1_0 
    where
        u1_0.email=? 
        and not(u1_0.is_deleted)
Hibernate: 
    select
        u1_0.id,
        u1_0.bio,
        u1_0.created_at,
        u1_0.is_deleted,
        u1_0.email,
        u1_0.first_name,
        u1_0.last_name,
        u1_0.password,
        u1_0.phone_number,
        u1_0.photo_url,
        u1_0.role,
        u1_0.status,
        u1_0.updated_at,
        u1_0.user_code 
    from
        users u1_0 
    where
        u1_0.email=? 
        and not(u1_0.is_deleted)
Hibernate: 
    select
        u1_0.id,
        u1_0.bio,
        u1_0.created_at,
        u1_0.is_deleted,
        u1_0.email,
        u1_0.first_name,
        u1_0.last_name,
        u1_0.password,
        u1_0.phone_number,
        u1_0.photo_url,
        u1_0.role,
        u1_0.status,
        u1_0.updated_at,
        u1_0.user_code 
    from
        users u1_0 
    where
        u1_0.email=? 
        and not(u1_0.is_deleted)
Hibernate: 
    select
        count(n1_0.id) 
    from
        notifications n1_0 
    where
        n1_0.user_id=? 
        and not(n1_0.is_read)
Hibernate: 
    select
        count(m1_0.id) 
    from
        messages m1_0 
    where
        m1_0.recipient_id=? 
        and not(m1_0.is_read) 
        and not(m1_0.archived)
Hibernate: 
    select
        n1_0.id,
        n1_0.created_at,
        n1_0.is_read,
        n1_0.message,
        n1_0.title,
        n1_0.notification_type,
        n1_0.user_id 
    from
        notifications n1_0 
    where
        n1_0.user_id=? 
    order by
        n1_0.created_at desc 
    limit
        ?
Hibernate: 
    select
        u1_0.id,
        u1_0.bio,
        u1_0.created_at,
        u1_0.is_deleted,
        u1_0.email,
        u1_0.first_name,
        u1_0.last_name,
        u1_0.password,
        u1_0.phone_number,
        u1_0.photo_url,
        u1_0.role,
        u1_0.status,
        u1_0.updated_at,
        u1_0.user_code 
    from
        users u1_0 
    where
        u1_0.email=? 
        and not(u1_0.is_deleted)
Hibernate: 
    select
        u1_0.id,
        u1_0.bio,
        u1_0.created_at,
        u1_0.is_deleted,
        u1_0.email,
        u1_0.first_name,
        u1_0.last_name,
        u1_0.password,
        u1_0.phone_number,
        u1_0.photo_url,
        u1_0.role,
        u1_0.status,
        u1_0.updated_at,
        u1_0.user_code 
    from
        users u1_0 
    where
        u1_0.email=? 
        and not(u1_0.is_deleted)
Hibernate: 
    select
        u1_0.id,
        u1_0.bio,
        u1_0.created_at,
        u1_0.is_deleted,
        u1_0.email,
        u1_0.first_name,
        u1_0.last_name,
        u1_0.password,
        u1_0.phone_number,
        u1_0.photo_url,
        u1_0.role,
        u1_0.status,
        u1_0.updated_at,
        u1_0.user_code 
    from
        users u1_0 
    where
        u1_0.email=? 
        and not(u1_0.is_deleted)
Hibernate: 
    select
        s1_0.id,
        s1_0.academic_year_id,
        s1_0.address_line,
        s1_0.admission_date,
        s1_0.admission_number,
        s1_0.archived,
        s1_0.city,
        s1_0.city_of_birth,
        s1_0.class_id,
        s1_0.cohort_id,
        s1_0.country,
        s1_0.country_of_birth,
        s1_0.created_at,
        s1_0.created_by,
        s1_0.date_of_birth,
        s1_0.email,
        s1_0.enrollment_type,
        s1_0.expected_graduation_date,
        s1_0.first_name,
        s1_0.gender,
        s1_0.international_student,
        s1_0.last_name,
        s1_0.medical_notes,
        s1_0.middle_name,
        s1_0.national_id_number,
        s1_0.nationality,
        s1_0.passport_number,
        s1_0.phone_number,
        s1_0.photo_url,
        s1_0.postal_code,
        s1_0.program_id,
        s1_0.registration_date,
        s1_0.registration_number,
        s1_0.scholarship_holder,
        s1_0.secondary_phone_number,
        s1_0.special_needs_notes,
        s1_0.status,
        s1_0.student_number,
        s1_0.updated_at,
        s1_0.updated_by,
        s1_0.user_id,
        s1_0.working_student 
    from
        students s1_0 
    where
        s1_0.id=?
Hibernate: 
    select
        s1_0.id,
        s1_0.academic_year_id,
        s1_0.address_line,
        s1_0.admission_date,
        s1_0.admission_number,
        s1_0.archived,
        s1_0.city,
        s1_0.city_of_birth,
        s1_0.class_id,
        s1_0.cohort_id,
        s1_0.country,
        s1_0.country_of_birth,
        s1_0.created_at,
        s1_0.created_by,
        s1_0.date_of_birth,
        s1_0.email,
        s1_0.enrollment_type,
        s1_0.expected_graduation_date,
        s1_0.first_name,
        s1_0.gender,
        s1_0.international_student,
        s1_0.last_name,
        s1_0.medical_notes,
        s1_0.middle_name,
        s1_0.national_id_number,
        s1_0.nationality,
        s1_0.passport_number,
        s1_0.phone_number,
        s1_0.photo_url,
        s1_0.postal_code,
        s1_0.program_id,
        s1_0.registration_date,
        s1_0.registration_number,
        s1_0.scholarship_holder,
        s1_0.secondary_phone_number,
        s1_0.special_needs_notes,
        s1_0.status,
        s1_0.student_number,
        s1_0.updated_at,
        s1_0.updated_by,
        s1_0.user_id,
        s1_0.working_student 
    from
        students s1_0 
    where
        s1_0.id=?
Hibernate: 
    select
        count(ar1_0.id) 
    from
        attendance_records ar1_0 
    where
        ar1_0.student_id=? 
        and ar1_0.archived=0
Hibernate: 
    select
        ar1_0.id,
        ar1_0.archived,
        ar1_0.arrival_time,
        ar1_0.created_at,
        ar1_0.created_by,
        ar1_0.late_minutes,
        ar1_0.session_id,
        ar1_0.status,
        ar1_0.student_id,
        ar1_0.teacher_note,
        ar1_0.updated_at,
        ar1_0.updated_by 
    from
        attendance_records ar1_0 
    join
        students s1_0 
            on s1_0.id=ar1_0.student_id 
    where
        s1_0.id=? 
        and not(ar1_0.archived) 
    order by
        ar1_0.created_at desc
Hibernate: 
    select
        b1_0.id,
        b1_0.academic_year_id,
        b1_0.archived,
        b1_0.class_average,
        b1_0.cohort_id,
        b1_0.council_decision,
        b1_0.created_at,
        b1_0.created_by,
        b1_0.general_average,
        b1_0.head_teacher_comment,
        b1_0.highest_average,
        b1_0.lowest_average,
        b1_0.published_at,
        b1_0.rank_in_cohort,
        b1_0.semester,
        b1_0.status,
        b1_0.student_id,
        b1_0.total_credits_acquired,
        b1_0.total_credits_possible,
        b1_0.total_students_in_cohort,
        b1_0.updated_at,
        b1_0.updated_by 
    from
        bulletins b1_0 
    join
        students s1_0 
            on s1_0.id=b1_0.student_id 
    join
        academic_years ay1_0 
            on ay1_0.id=b1_0.academic_year_id 
    where
        s1_0.id=? 
        and b1_0.semester=? 
        and ay1_0.id=? 
        and not(b1_0.archived)
Hibernate: 
    select
        count(ar1_0.id) 
    from
        attendance_records ar1_0 
    where
        ar1_0.student_id=? 
        and ar1_0.status in ('PRESENT', 'LATE', 'REMOTE', 'EXCUSED') 
        and ar1_0.archived=0
2026-04-14T15:22:38.290+01:00  WARN 10697 --- [backend] [nio-8080-exec-8] .m.m.a.ExceptionHandlerExceptionResolver : Resolved [com.mydbs.backend.common.exception.ResourceNotFoundException: Bulletin introuvable pour cet étudiant]
Hibernate: 
    select
        u1_0.id,
        u1_0.bio,
        u1_0.created_at,
        u1_0.is_deleted,
        u1_0.email,
        u1_0.first_name,
        u1_0.last_name,
        u1_0.password,
        u1_0.phone_number,
        u1_0.photo_url,
        u1_0.role,
        u1_0.status,
        u1_0.updated_at,
        u1_0.user_code 
    from
        users u1_0 
    where
        u1_0.email=? 
        and not(u1_0.is_deleted)
2026-04-14T15:22:38.314+01:00  WARN 10697 --- [backend] [nio-8080-exec-5] .m.m.a.ExceptionHandlerExceptionResolver : Resolved [org.springframework.web.servlet.resource.NoResourceFoundException: No static resource v1/grades/bulletins/students/13.]
Hibernate: 
    select
        u1_0.id,
        u1_0.bio,
        u1_0.created_at,
        u1_0.is_deleted,
        u1_0.email,
        u1_0.first_name,
        u1_0.last_name,
        u1_0.password,
        u1_0.phone_number,
        u1_0.photo_url,
        u1_0.role,
        u1_0.status,
        u1_0.updated_at,
        u1_0.user_code 
    from
        users u1_0 
    where
        u1_0.email=? 
        and not(u1_0.is_deleted)
Hibernate: 
    select
        b1_0.id,
        b1_0.academic_year_id,
        b1_0.archived,
        b1_0.class_average,
        b1_0.cohort_id,
        b1_0.council_decision,
        b1_0.created_at,
        b1_0.created_by,
        b1_0.general_average,
        b1_0.head_teacher_comment,
        b1_0.highest_average,
        b1_0.lowest_average,
        b1_0.published_at,
        b1_0.rank_in_cohort,
        b1_0.semester,
        b1_0.status,
        b1_0.student_id,
        b1_0.total_credits_acquired,
        b1_0.total_credits_possible,
        b1_0.total_students_in_cohort,
        b1_0.updated_at,
        b1_0.updated_by 
    from
        bulletins b1_0 
    join
        students s1_0 
            on s1_0.id=b1_0.student_id 
    join
        academic_years ay1_0 
            on ay1_0.id=b1_0.academic_year_id 
    where
        s1_0.id=? 
        and b1_0.semester=? 
        and ay1_0.id=? 
        and not(b1_0.archived)
2026-04-14T15:23:38.066+01:00  WARN 10697 --- [backend] [nio-8080-exec-7] .m.m.a.ExceptionHandlerExceptionResolver : Resolved [com.mydbs.backend.common.exception.ResourceNotFoundException: Bulletin introuvable pour cet étudiant]
Hibernate: 
    select
        u1_0.id,
        u1_0.bio,
        u1_0.created_at,
        u1_0.is_deleted,
        u1_0.email,
        u1_0.first_name,
        u1_0.last_name,
        u1_0.password,
        u1_0.phone_number,
        u1_0.photo_url,
        u1_0.role,
        u1_0.status,
        u1_0.updated_at,
        u1_0.user_code 
    from
        users u1_0 
    where
        u1_0.email=? 
        and not(u1_0.is_deleted)
Hibernate: 
    select
        u1_0.id,
        u1_0.bio,
        u1_0.created_at,
        u1_0.is_deleted,
        u1_0.email,
        u1_0.first_name,
        u1_0.last_name,
        u1_0.password,
        u1_0.phone_number,
        u1_0.photo_url,
        u1_0.role,
        u1_0.status,
        u1_0.updated_at,
        u1_0.user_code 
    from
        users u1_0 
    where
        u1_0.email=? 
        and not(u1_0.is_deleted)
Hibernate: 
    select
        u1_0.id,
        u1_0.bio,
        u1_0.created_at,
        u1_0.is_deleted,
        u1_0.email,
        u1_0.first_name,
        u1_0.last_name,
        u1_0.password,
        u1_0.phone_number,
        u1_0.photo_url,
        u1_0.role,
        u1_0.status,
        u1_0.updated_at,
        u1_0.user_code 
    from
        users u1_0 
    where
        u1_0.email=? 
        and not(u1_0.is_deleted)
Hibernate: 
    select
        u1_0.id,
        u1_0.bio,
        u1_0.created_at,
        u1_0.is_deleted,
        u1_0.email,
        u1_0.first_name,
        u1_0.last_name,
        u1_0.password,
        u1_0.phone_number,
        u1_0.photo_url,
        u1_0.role,
        u1_0.status,
        u1_0.updated_at,
        u1_0.user_code 
    from
        users u1_0 
    where
        u1_0.email=? 
        and not(u1_0.is_deleted)
Hibernate: 
    select
        count(n1_0.id) 
    from
        notifications n1_0 
    where
        n1_0.user_id=? 
        and not(n1_0.is_read)
Hibernate: 
    select
        count(m1_0.id) 
    from
        messages m1_0 
    where
        m1_0.recipient_id=? 
        and not(m1_0.is_read) 
        and not(m1_0.archived)
2026-04-14T15:23:38.098+01:00  WARN 10697 --- [backend] [nio-8080-exec-9] .m.m.a.ExceptionHandlerExceptionResolver : Resolved [org.springframework.web.servlet.resource.NoResourceFoundException: No static resource v1/grades/bulletins/students/13.]
Hibernate: 
    select
        n1_0.id,
        n1_0.created_at,
        n1_0.is_read,
        n1_0.message,
        n1_0.title,
        n1_0.notification_type,
        n1_0.user_id 
    from
        notifications n1_0 
    where
        n1_0.user_id=? 
    order by
        n1_0.created_at desc 
    limit
        ?
Hibernate: 
    select
        u1_0.id,
        u1_0.bio,
        u1_0.created_at,
        u1_0.is_deleted,
        u1_0.email,
        u1_0.first_name,
        u1_0.last_name,
        u1_0.password,
        u1_0.phone_number,
        u1_0.photo_url,
        u1_0.role,
        u1_0.status,
        u1_0.updated_at,
        u1_0.user_code 
    from
        users u1_0 
    where
        u1_0.email=? 
        and not(u1_0.is_deleted)
Hibernate: 
    select
        u1_0.id,
        u1_0.bio,
        u1_0.created_at,
        u1_0.is_deleted,
        u1_0.email,
        u1_0.first_name,
        u1_0.last_name,
        u1_0.password,
        u1_0.phone_number,
        u1_0.photo_url,
        u1_0.role,
        u1_0.status,
        u1_0.updated_at,
        u1_0.user_code 
    from
        users u1_0 
    where
        u1_0.email=? 
        and not(u1_0.is_deleted)
Hibernate: 
    select
        u1_0.id,
        u1_0.bio,
        u1_0.created_at,
        u1_0.is_deleted,
        u1_0.email,
        u1_0.first_name,
        u1_0.last_name,
        u1_0.password,
        u1_0.phone_number,
        u1_0.photo_url,
        u1_0.role,
        u1_0.status,
        u1_0.updated_at,
        u1_0.user_code 
    from
        users u1_0 
    where
        u1_0.email=? 
        and not(u1_0.is_deleted)
Hibernate: 
    select
        u1_0.id,
        u1_0.bio,
        u1_0.created_at,
        u1_0.is_deleted,
        u1_0.email,
        u1_0.first_name,
        u1_0.last_name,
        u1_0.password,
        u1_0.phone_number,
        u1_0.photo_url,
        u1_0.role,
        u1_0.status,
        u1_0.updated_at,
        u1_0.user_code 
    from
        users u1_0 
    where
        u1_0.email=? 
        and not(u1_0.is_deleted)
Hibernate: 
    select
        count(m1_0.id) 
    from
        messages m1_0 
    where
        m1_0.recipient_id=? 
        and not(m1_0.is_read) 
        and not(m1_0.archived)
Hibernate: 
    select
        count(n1_0.id) 
    from
        notifications n1_0 
    where
        n1_0.user_id=? 
        and not(n1_0.is_read)
Hibernate: 
    select
        n1_0.id,
        n1_0.created_at,
        n1_0.is_read,
        n1_0.message,
        n1_0.title,
        n1_0.notification_type,
        n1_0.user_id 
    from
        notifications n1_0 
    where
        n1_0.user_id=? 
    order by
        n1_0.created_at desc 
    limit
        ?
Hibernate: 
    select
        u1_0.id,
        u1_0.bio,
        u1_0.created_at,
        u1_0.is_deleted,
        u1_0.email,
        u1_0.first_name,
        u1_0.last_name,
        u1_0.password,
        u1_0.phone_number,
        u1_0.photo_url,
        u1_0.role,
        u1_0.status,
        u1_0.updated_at,
        u1_0.user_code 
    from
        users u1_0 
    where
        u1_0.email=?
Hibernate: 
    select
        s1_0.id,
        s1_0.academic_year_id,
        s1_0.address_line,
        s1_0.admission_date,
        s1_0.admission_number,
        s1_0.archived,
        s1_0.city,
        s1_0.city_of_birth,
        s1_0.class_id,
        s1_0.cohort_id,
        s1_0.country,
        s1_0.country_of_birth,
        s1_0.created_at,
        s1_0.created_by,
        s1_0.date_of_birth,
        s1_0.email,
        s1_0.enrollment_type,
        s1_0.expected_graduation_date,
        s1_0.first_name,
        s1_0.gender,
        s1_0.international_student,
        s1_0.last_name,
        s1_0.medical_notes,
        s1_0.middle_name,
        s1_0.national_id_number,
        s1_0.nationality,
        s1_0.passport_number,
        s1_0.phone_number,
        s1_0.photo_url,
        s1_0.postal_code,
        s1_0.program_id,
        s1_0.registration_date,
        s1_0.registration_number,
        s1_0.scholarship_holder,
        s1_0.secondary_phone_number,
        s1_0.special_needs_notes,
        s1_0.status,
        s1_0.student_number,
        s1_0.updated_at,
        s1_0.updated_by,
        s1_0.user_id,
        s1_0.working_student 
    from
        students s1_0 
    left join
        users u1_0 
            on u1_0.id=s1_0.user_id 
    where
        u1_0.id=?
Hibernate: 
    select
        gc1_0.id,
        gc1_0.address_line,
        gc1_0.archived,
        gc1_0.city,
        gc1_0.country,
        gc1_0.created_at,
        gc1_0.created_by,
        gc1_0.email,
        gc1_0.full_name,
        gc1_0.phone_number,
        gc1_0.primary_contact,
        gc1_0.relationship_label,
        gc1_0.secondary_phone_number,
        gc1_0.student_id,
        gc1_0.updated_at,
        gc1_0.updated_by 
    from
        guardian_contacts gc1_0 
    join
        students s1_0 
            on s1_0.id=gc1_0.student_id 
    where
        s1_0.id=? 
        and not(gc1_0.archived) 
    order by
        gc1_0.primary_contact desc,
        gc1_0.created_at
Hibernate: 
    select
        ec1_0.id,
        ec1_0.address_line,
        ec1_0.archived,
        ec1_0.created_at,
        ec1_0.created_by,
        ec1_0.email,
        ec1_0.full_name,
        ec1_0.phone_number,
        ec1_0.priority_order,
        ec1_0.relationship_label,
        ec1_0.secondary_phone_number,
        ec1_0.student_id,
        ec1_0.updated_at,
        ec1_0.updated_by 
    from
        emergency_contacts ec1_0 
    join
        students s1_0 
            on s1_0.id=ec1_0.student_id 
    where
        s1_0.id=? 
        and not(ec1_0.archived) 
    order by
        ec1_0.priority_order
Hibernate: 
    select
        ssh1_0.id,
        ssh1_0.archived,
        ssh1_0.context_label,
        ssh1_0.created_at,
        ssh1_0.created_by,
        ssh1_0.new_status,
        ssh1_0.old_status,
        ssh1_0.reason,
        ssh1_0.student_id,
        ssh1_0.updated_at,
        ssh1_0.updated_by 
    from
        student_status_history ssh1_0 
    join
        students s1_0 
            on s1_0.id=ssh1_0.student_id 
    where
        s1_0.id=? 
    order by
        ssh1_0.created_at desc
Hibernate: 
    select
        ay1_0.id,
        ay1_0.archived,
        ay1_0.code,
        ay1_0.created_at,
        ay1_0.created_by,
        ay1_0.current_year,
        ay1_0.description,
        ay1_0.end_date,
        ay1_0.name,
        ay1_0.start_date,
        ay1_0.status,
        ay1_0.updated_at,
        ay1_0.updated_by 
    from
        academic_years ay1_0 
    where
        ay1_0.id=?
Hibernate: 
    select
        p1_0.id,
        p1_0.archived,
        p1_0.code,
        p1_0.created_at,
        p1_0.created_by,
        p1_0.credits_required,
        p1_0.department_name,
        p1_0.description,
        p1_0.duration_in_months,
        p1_0.faculty_name,
        p1_0.level,
        p1_0.name,
        p1_0.status,
        p1_0.updated_at,
        p1_0.updated_by 
    from
        programs p1_0 
    where
        p1_0.id=?
Hibernate: 
    select
        cr1_0.id,
        cr1_0.academic_year_id,
        cr1_0.archived,
        cr1_0.capacity,
        cr1_0.code,
        cr1_0.cohort_id,
        cr1_0.created_at,
        cr1_0.created_by,
        cr1_0.delivery_mode,
        cr1_0.description,
        cr1_0.name,
        cr1_0.program_id,
        cr1_0.room_label,
        cr1_0.status,
        cr1_0.updated_at,
        cr1_0.updated_by 
    from
        classes cr1_0 
    where
        cr1_0.id=?
Hibernate: 
    select
        u1_0.id,
        u1_0.bio,
        u1_0.created_at,
        u1_0.is_deleted,
        u1_0.email,
        u1_0.first_name,
        u1_0.last_name,
        u1_0.password,
        u1_0.phone_number,
        u1_0.photo_url,
        u1_0.role,
        u1_0.status,
        u1_0.updated_at,
        u1_0.user_code 
    from
        users u1_0 
    where
        u1_0.email=? 
        and not(u1_0.is_deleted)
2026-04-14T15:23:42.239+01:00  INFO 10697 --- [backend] [nio-8080-exec-3] c.m.b.n.sse.SseEmitterRegistry           : SSE connexion ouverte pour userId=18
Hibernate: 
    select
        u1_0.id,
        u1_0.bio,
        u1_0.created_at,
        u1_0.is_deleted,
        u1_0.email,
        u1_0.first_name,
        u1_0.last_name,
        u1_0.password,
        u1_0.phone_number,
        u1_0.photo_url,
        u1_0.role,
        u1_0.status,
        u1_0.updated_at,
        u1_0.user_code 
    from
        users u1_0 
    where
        u1_0.email=? 
        and not(u1_0.is_deleted)
Hibernate: 
    select
        u1_0.id,
        u1_0.bio,
        u1_0.created_at,
        u1_0.is_deleted,
        u1_0.email,
        u1_0.first_name,
        u1_0.last_name,
        u1_0.password,
        u1_0.phone_number,
        u1_0.photo_url,
        u1_0.role,
        u1_0.status,
        u1_0.updated_at,
        u1_0.user_code 
    from
        users u1_0 
    where
        u1_0.email=? 
        and not(u1_0.is_deleted)
Hibernate: 
    select
        s1_0.id,
        s1_0.academic_year_id,
        s1_0.address_line,
        s1_0.admission_date,
        s1_0.admission_number,
        s1_0.archived,
        s1_0.city,
        s1_0.city_of_birth,
        s1_0.class_id,
        s1_0.cohort_id,
        s1_0.country,
        s1_0.country_of_birth,
        s1_0.created_at,
        s1_0.created_by,
        s1_0.date_of_birth,
        s1_0.email,
        s1_0.enrollment_type,
        s1_0.expected_graduation_date,
        s1_0.first_name,
        s1_0.gender,
        s1_0.international_student,
        s1_0.last_name,
        s1_0.medical_notes,
        s1_0.middle_name,
        s1_0.national_id_number,
        s1_0.nationality,
        s1_0.passport_number,
        s1_0.phone_number,
        s1_0.photo_url,
        s1_0.postal_code,
        s1_0.program_id,
        s1_0.registration_date,
        s1_0.registration_number,
        s1_0.scholarship_holder,
        s1_0.secondary_phone_number,
        s1_0.special_needs_notes,
        s1_0.status,
        s1_0.student_number,
        s1_0.updated_at,
        s1_0.updated_by,
        s1_0.user_id,
        s1_0.working_student 
    from
        students s1_0 
    where
        s1_0.id=?
Hibernate: 
    select
        s1_0.id,
        s1_0.academic_year_id,
        s1_0.address_line,
        s1_0.admission_date,
        s1_0.admission_number,
        s1_0.archived,
        s1_0.city,
        s1_0.city_of_birth,
        s1_0.class_id,
        s1_0.cohort_id,
        s1_0.country,
        s1_0.country_of_birth,
        s1_0.created_at,
        s1_0.created_by,
        s1_0.date_of_birth,
        s1_0.email,
        s1_0.enrollment_type,
        s1_0.expected_graduation_date,
        s1_0.first_name,
        s1_0.gender,
        s1_0.international_student,
        s1_0.last_name,
        s1_0.medical_notes,
        s1_0.middle_name,
        s1_0.national_id_number,
        s1_0.nationality,
        s1_0.passport_number,
        s1_0.phone_number,
        s1_0.photo_url,
        s1_0.postal_code,
        s1_0.program_id,
        s1_0.registration_date,
        s1_0.registration_number,
        s1_0.scholarship_holder,
        s1_0.secondary_phone_number,
        s1_0.special_needs_notes,
        s1_0.status,
        s1_0.student_number,
        s1_0.updated_at,
        s1_0.updated_by,
        s1_0.user_id,
        s1_0.working_student 
    from
        students s1_0 
    where
        s1_0.id=?
Hibernate: 
    select
        ar1_0.id,
        ar1_0.archived,
        ar1_0.arrival_time,
        ar1_0.created_at,
        ar1_0.created_by,
        ar1_0.late_minutes,
        ar1_0.session_id,
        ar1_0.status,
        ar1_0.student_id,
        ar1_0.teacher_note,
        ar1_0.updated_at,
        ar1_0.updated_by 
    from
        attendance_records ar1_0 
    join
        students s1_0 
            on s1_0.id=ar1_0.student_id 
    where
        s1_0.id=? 
        and not(ar1_0.archived) 
    order by
        ar1_0.created_at desc
Hibernate: 
    select
        count(ar1_0.id) 
    from
        attendance_records ar1_0 
    where
        ar1_0.student_id=? 
        and ar1_0.archived=0
Hibernate: 
    select
        count(ar1_0.id) 
    from
        attendance_records ar1_0 
    where
        ar1_0.student_id=? 
        and ar1_0.status in ('PRESENT', 'LATE', 'REMOTE', 'EXCUSED') 
        and ar1_0.archived=0
Hibernate: 
    select
        u1_0.id,
        u1_0.bio,
        u1_0.created_at,
        u1_0.is_deleted,
        u1_0.email,
        u1_0.first_name,
        u1_0.last_name,
        u1_0.password,
        u1_0.phone_number,
        u1_0.photo_url,
        u1_0.role,
        u1_0.status,
        u1_0.updated_at,
        u1_0.user_code 
    from
        users u1_0 
    where
        u1_0.email=? 
        and not(u1_0.is_deleted)
Hibernate: 
    select
        b1_0.id,
        b1_0.academic_year_id,
        b1_0.archived,
        b1_0.class_average,
        b1_0.cohort_id,
        b1_0.council_decision,
        b1_0.created_at,
        b1_0.created_by,
        b1_0.general_average,
        b1_0.head_teacher_comment,
        b1_0.highest_average,
        b1_0.lowest_average,
        b1_0.published_at,
        b1_0.rank_in_cohort,
        b1_0.semester,
        b1_0.status,
        b1_0.student_id,
        b1_0.total_credits_acquired,
        b1_0.total_credits_possible,
        b1_0.total_students_in_cohort,
        b1_0.updated_at,
        b1_0.updated_by 
    from
        bulletins b1_0 
    join
        students s1_0 
            on s1_0.id=b1_0.student_id 
    join
        academic_years ay1_0 
            on ay1_0.id=b1_0.academic_year_id 
    where
        s1_0.id=? 
        and b1_0.semester=? 
        and ay1_0.id=? 
        and not(b1_0.archived)
2026-04-14T15:23:47.802+01:00  WARN 10697 --- [backend] [nio-8080-exec-8] .m.m.a.ExceptionHandlerExceptionResolver : Resolved [com.mydbs.backend.common.exception.ResourceNotFoundException: Bulletin introuvable pour cet étudiant]
Hibernate: 
    select
        u1_0.id,
        u1_0.bio,
        u1_0.created_at,
        u1_0.is_deleted,
        u1_0.email,
        u1_0.first_name,
        u1_0.last_name,
        u1_0.password,
        u1_0.phone_number,
        u1_0.photo_url,
        u1_0.role,
        u1_0.status,
        u1_0.updated_at,
        u1_0.user_code 
    from
        users u1_0 
    where
        u1_0.email=? 
        and not(u1_0.is_deleted)
2026-04-14T15:23:47.816+01:00  WARN 10697 --- [backend] [nio-8080-exec-2] .m.m.a.ExceptionHandlerExceptionResolver : Resolved [org.springframework.web.servlet.resource.NoResourceFoundException: No static resource v1/grades/bulletins/students/13.]
Hibernate: 
    select
        u1_0.id,
        u1_0.bio,
        u1_0.created_at,
        u1_0.is_deleted,
        u1_0.email,
        u1_0.first_name,
        u1_0.last_name,
        u1_0.password,
        u1_0.phone_number,
        u1_0.photo_url,
        u1_0.role,
        u1_0.status,
        u1_0.updated_at,
        u1_0.user_code 
    from
        users u1_0 
    where
        u1_0.email=? 
        and not(u1_0.is_deleted)
Hibernate: 
    select
        n1_0.id,
        n1_0.created_at,
        n1_0.is_read,
        n1_0.message,
        n1_0.title,
        n1_0.notification_type,
        n1_0.user_id 
    from
        notifications n1_0 
    where
        n1_0.user_id=? 
    order by
        n1_0.created_at desc 
    limit
        ?
Hibernate: 
    select
        u1_0.id,
        u1_0.bio,
        u1_0.created_at,
        u1_0.is_deleted,
        u1_0.email,
        u1_0.first_name,
        u1_0.last_name,
        u1_0.password,
        u1_0.phone_number,
        u1_0.photo_url,
        u1_0.role,
        u1_0.status,
        u1_0.updated_at,
        u1_0.user_code 
    from
        users u1_0 
    where
        u1_0.email=? 
        and not(u1_0.is_deleted)
Hibernate: 
    select
        u1_0.id,
        u1_0.bio,
        u1_0.created_at,
        u1_0.is_deleted,
        u1_0.email,
        u1_0.first_name,
        u1_0.last_name,
        u1_0.password,
        u1_0.phone_number,
        u1_0.photo_url,
        u1_0.role,
        u1_0.status,
        u1_0.updated_at,
        u1_0.user_code 
    from
        users u1_0 
    where
        u1_0.email=? 
        and not(u1_0.is_deleted)
Hibernate: 
    select
        count(m1_0.id) 
    from
        messages m1_0 
    where
        m1_0.recipient_id=? 
        and not(m1_0.is_read) 
        and not(m1_0.archived)
Hibernate: 
    select
        count(n1_0.id) 
    from
        notifications n1_0 
    where
        n1_0.user_id=? 
        and not(n1_0.is_read)
Hibernate: 
    select
        u1_0.id,
        u1_0.bio,
        u1_0.created_at,
        u1_0.is_deleted,
        u1_0.email,
        u1_0.first_name,
        u1_0.last_name,
        u1_0.password,
        u1_0.phone_number,
        u1_0.photo_url,
        u1_0.role,
        u1_0.status,
        u1_0.updated_at,
        u1_0.user_code 
    from
        users u1_0 
    where
        u1_0.email=? 
        and not(u1_0.is_deleted)
Hibernate: 
    select
        u1_0.id,
        u1_0.bio,
        u1_0.created_at,
        u1_0.is_deleted,
        u1_0.email,
        u1_0.first_name,
        u1_0.last_name,
        u1_0.password,
        u1_0.phone_number,
        u1_0.photo_url,
        u1_0.role,
        u1_0.status,
        u1_0.updated_at,
        u1_0.user_code 
    from
        users u1_0 
    where
        u1_0.email=? 
        and not(u1_0.is_deleted)
Hibernate: 
    select
        u1_0.id,
        u1_0.bio,
        u1_0.created_at,
        u1_0.is_deleted,
        u1_0.email,
        u1_0.first_name,
        u1_0.last_name,
        u1_0.password,
        u1_0.phone_number,
        u1_0.photo_url,
        u1_0.role,
        u1_0.status,
        u1_0.updated_at,
        u1_0.user_code 
    from
        users u1_0 
    where
        u1_0.email=? 
        and not(u1_0.is_deleted)
Hibernate: 
    select
        count(m1_0.id) 
    from
        messages m1_0 
    where
        m1_0.recipient_id=? 
        and not(m1_0.is_read) 
        and not(m1_0.archived)
Hibernate: 
    select
        n1_0.id,
        n1_0.created_at,
        n1_0.is_read,
        n1_0.message,
        n1_0.title,
        n1_0.notification_type,
        n1_0.user_id 
    from
        notifications n1_0 
    where
        n1_0.user_id=? 
    order by
        n1_0.created_at desc 
    limit
        ?
Hibernate: 
    select
        count(n1_0.id) 
    from
        notifications n1_0 
    where
        n1_0.user_id=? 
        and not(n1_0.is_read)
Hibernate: 
    select
        u1_0.id,
        u1_0.bio,
        u1_0.created_at,
        u1_0.is_deleted,
        u1_0.email,
        u1_0.first_name,
        u1_0.last_name,
        u1_0.password,
        u1_0.phone_number,
        u1_0.photo_url,
        u1_0.role,
        u1_0.status,
        u1_0.updated_at,
        u1_0.user_code 
    from
        users u1_0 
    where
        u1_0.email=? 
        and not(u1_0.is_deleted)
Hibernate: 
    select
        u1_0.id,
        u1_0.bio,
        u1_0.created_at,
        u1_0.is_deleted,
        u1_0.email,
        u1_0.first_name,
        u1_0.last_name,
        u1_0.password,
        u1_0.phone_number,
        u1_0.photo_url,
        u1_0.role,
        u1_0.status,
        u1_0.updated_at,
        u1_0.user_code 
    from
        users u1_0 
    where
        u1_0.email=? 
        and not(u1_0.is_deleted)
Hibernate: 
    select
        count(n1_0.id) 
    from
        notifications n1_0 
    where
        n1_0.user_id=? 
        and not(n1_0.is_read)
Hibernate: 
    select
        u1_0.id,
        u1_0.bio,
        u1_0.created_at,
        u1_0.is_deleted,
        u1_0.email,
        u1_0.first_name,
        u1_0.last_name,
        u1_0.password,
        u1_0.phone_number,
        u1_0.photo_url,
        u1_0.role,
        u1_0.status,
        u1_0.updated_at,
        u1_0.user_code 
    from
        users u1_0 
    where
        u1_0.email=? 
        and not(u1_0.is_deleted)
Hibernate: 
    select
        n1_0.id,
        n1_0.created_at,
        n1_0.is_read,
        n1_0.message,
        n1_0.title,
        n1_0.notification_type,
        n1_0.user_id 
    from
        notifications n1_0 
    where
        n1_0.user_id=? 
    order by
        n1_0.created_at desc 
    limit
        ?
Hibernate: 
    select
        count(m1_0.id) 
    from
        messages m1_0 
    where
        m1_0.recipient_id=? 
        and not(m1_0.is_read) 
        and not(m1_0.archived)
Hibernate: 
    select
        u1_0.id,
        u1_0.bio,
        u1_0.created_at,
        u1_0.is_deleted,
        u1_0.email,
        u1_0.first_name,
        u1_0.last_name,
        u1_0.password,
        u1_0.phone_number,
        u1_0.photo_url,
        u1_0.role,
        u1_0.status,
        u1_0.updated_at,
        u1_0.user_code 
    from
        users u1_0 
    where
        u1_0.email=? 
        and not(u1_0.is_deleted)
Hibernate: 
    select
        u1_0.id,
        u1_0.bio,
        u1_0.created_at,
        u1_0.is_deleted,
        u1_0.email,
        u1_0.first_name,
        u1_0.last_name,
        u1_0.password,
        u1_0.phone_number,
        u1_0.photo_url,
        u1_0.role,
        u1_0.status,
        u1_0.updated_at,
        u1_0.user_code 
    from
        users u1_0 
    where
        u1_0.email=? 
        and not(u1_0.is_deleted)
Hibernate: 
    select
        u1_0.id,
        u1_0.bio,
        u1_0.created_at,
        u1_0.is_deleted,
        u1_0.email,
        u1_0.first_name,
        u1_0.last_name,
        u1_0.password,
        u1_0.phone_number,
        u1_0.photo_url,
        u1_0.role,
        u1_0.status,
        u1_0.updated_at,
        u1_0.user_code 
    from
        users u1_0 
    where
        u1_0.email=? 
        and not(u1_0.is_deleted)
Hibernate: 
    select
        count(n1_0.id) 
    from
        notifications n1_0 
    where
        n1_0.user_id=? 
        and not(n1_0.is_read)
Hibernate: 
    select
        count(m1_0.id) 
    from
        messages m1_0 
    where
        m1_0.recipient_id=? 
        and not(m1_0.is_read) 
        and not(m1_0.archived)
Hibernate: 
    select
        n1_0.id,
        n1_0.created_at,
        n1_0.is_read,
        n1_0.message,
        n1_0.title,
        n1_0.notification_type,
        n1_0.user_id 
    from
        notifications n1_0 
    where
        n1_0.user_id=? 
    order by
        n1_0.created_at desc 
    limit
        ?
Hibernate: 
    select
        u1_0.id,
        u1_0.bio,
        u1_0.created_at,
        u1_0.is_deleted,
        u1_0.email,
        u1_0.first_name,
        u1_0.last_name,
        u1_0.password,
        u1_0.phone_number,
        u1_0.photo_url,
        u1_0.role,
        u1_0.status,
        u1_0.updated_at,
        u1_0.user_code 
    from
        users u1_0 
    where
        u1_0.email=? 
        and not(u1_0.is_deleted)
Hibernate: 
    select
        u1_0.id,
        u1_0.bio,
        u1_0.created_at,
        u1_0.is_deleted,
        u1_0.email,
        u1_0.first_name,
        u1_0.last_name,
        u1_0.password,
        u1_0.phone_number,
        u1_0.photo_url,
        u1_0.role,
        u1_0.status,
        u1_0.updated_at,
        u1_0.user_code 
    from
        users u1_0 
    where
        u1_0.email=? 
        and not(u1_0.is_deleted)
Hibernate: 
    select
        u1_0.id,
        u1_0.bio,
        u1_0.created_at,
        u1_0.is_deleted,
        u1_0.email,
        u1_0.first_name,
        u1_0.last_name,
        u1_0.password,
        u1_0.phone_number,
        u1_0.photo_url,
        u1_0.role,
        u1_0.status,
        u1_0.updated_at,
        u1_0.user_code 
    from
        users u1_0 
    where
        u1_0.email=? 
        and not(u1_0.is_deleted)
Hibernate: 
    select
        n1_0.id,
        n1_0.created_at,
        n1_0.is_read,
        n1_0.message,
        n1_0.title,
        n1_0.notification_type,
        n1_0.user_id 
    from
        notifications n1_0 
    where
        n1_0.user_id=? 
    order by
        n1_0.created_at desc 
    limit
        ?
Hibernate: 
    select
        count(m1_0.id) 
    from
        messages m1_0 
    where
        m1_0.recipient_id=? 
        and not(m1_0.is_read) 
        and not(m1_0.archived)
Hibernate: 
    select
        count(n1_0.id) 
    from
        notifications n1_0 
    where
        n1_0.user_id=? 
        and not(n1_0.is_read)
Hibernate: 
    select
        u1_0.id,
        u1_0.bio,
        u1_0.created_at,
        u1_0.is_deleted,
        u1_0.email,
        u1_0.first_name,
        u1_0.last_name,
        u1_0.password,
        u1_0.phone_number,
        u1_0.photo_url,
        u1_0.role,
        u1_0.status,
        u1_0.updated_at,
        u1_0.user_code 
    from
        users u1_0 
    where
        u1_0.email=? 
        and not(u1_0.is_deleted)
2026-04-14T15:28:45.769+01:00  INFO 10697 --- [backend] [nio-8080-exec-8] c.m.b.n.sse.SseEmitterRegistry           : SSE connexion ouverte pour userId=18
Hibernate: 
    select
        u1_0.id,
        u1_0.bio,
        u1_0.created_at,
        u1_0.is_deleted,
        u1_0.email,
        u1_0.first_name,
        u1_0.last_name,
        u1_0.password,
        u1_0.phone_number,
        u1_0.photo_url,
        u1_0.role,
        u1_0.status,
        u1_0.updated_at,
        u1_0.user_code 
    from
        users u1_0 
    where
        u1_0.email=? 
        and not(u1_0.is_deleted)
Hibernate: 
    select
        u1_0.id,
        u1_0.bio,
        u1_0.created_at,
        u1_0.is_deleted,
        u1_0.email,
        u1_0.first_name,
        u1_0.last_name,
        u1_0.password,
        u1_0.phone_number,
        u1_0.photo_url,
        u1_0.role,
        u1_0.status,
        u1_0.updated_at,
        u1_0.user_code 
    from
        users u1_0 
    where
        u1_0.email=? 
        and not(u1_0.is_deleted)
Hibernate: 
    select
        u1_0.id,
        u1_0.bio,
        u1_0.created_at,
        u1_0.is_deleted,
        u1_0.email,
        u1_0.first_name,
        u1_0.last_name,
        u1_0.password,
        u1_0.phone_number,
        u1_0.photo_url,
        u1_0.role,
        u1_0.status,
        u1_0.updated_at,
        u1_0.user_code 
    from
        users u1_0 
    where
        u1_0.email=? 
        and not(u1_0.is_deleted)
Hibernate: 
    select
        n1_0.id,
        n1_0.created_at,
        n1_0.is_read,
        n1_0.message,
        n1_0.title,
        n1_0.notification_type,
        n1_0.user_id 
    from
        notifications n1_0 
    where
        n1_0.user_id=? 
    order by
        n1_0.created_at desc 
    limit
        ?
Hibernate: 
    select
        count(m1_0.id) 
    from
        messages m1_0 
    where
        m1_0.recipient_id=? 
        and not(m1_0.is_read) 
        and not(m1_0.archived)
Hibernate: 
    select
        count(n1_0.id) 
    from
        notifications n1_0 
    where
        n1_0.user_id=? 
        and not(n1_0.is_read)
Hibernate: 
    select
        u1_0.id,
        u1_0.bio,
        u1_0.created_at,
        u1_0.is_deleted,
        u1_0.email,
        u1_0.first_name,
        u1_0.last_name,
        u1_0.password,
        u1_0.phone_number,
        u1_0.photo_url,
        u1_0.role,
        u1_0.status,
        u1_0.updated_at,
        u1_0.user_code 
    from
        users u1_0 
    where
        u1_0.email=? 
        and not(u1_0.is_deleted)
Hibernate: 
    select
        u1_0.id,
        u1_0.bio,
        u1_0.created_at,
        u1_0.is_deleted,
        u1_0.email,
        u1_0.first_name,
        u1_0.last_name,
        u1_0.password,
        u1_0.phone_number,
        u1_0.photo_url,
        u1_0.role,
        u1_0.status,
        u1_0.updated_at,
        u1_0.user_code 
    from
        users u1_0 
    where
        u1_0.email=? 
        and not(u1_0.is_deleted)
Hibernate: 
    select
        u1_0.id,
        u1_0.bio,
        u1_0.created_at,
        u1_0.is_deleted,
        u1_0.email,
        u1_0.first_name,
        u1_0.last_name,
        u1_0.password,
        u1_0.phone_number,
        u1_0.photo_url,
        u1_0.role,
        u1_0.status,
        u1_0.updated_at,
        u1_0.user_code 
    from
        users u1_0 
    where
        u1_0.email=? 
        and not(u1_0.is_deleted)
Hibernate: 
    select
        count(n1_0.id) 
    from
        notifications n1_0 
    where
        n1_0.user_id=? 
        and not(n1_0.is_read)
Hibernate: 
    select
        count(m1_0.id) 
    from
        messages m1_0 
    where
        m1_0.recipient_id=? 
        and not(m1_0.is_read) 
        and not(m1_0.archived)
Hibernate: 
    select
        n1_0.id,
        n1_0.created_at,
        n1_0.is_read,
        n1_0.message,
        n1_0.title,
        n1_0.notification_type,
        n1_0.user_id 
    from
        notifications n1_0 
    where
        n1_0.user_id=? 
    order by
        n1_0.created_at desc 
    limit
        ?
Hibernate: 
    select
        u1_0.id,
        u1_0.bio,
        u1_0.created_at,
        u1_0.is_deleted,
        u1_0.email,
        u1_0.first_name,
        u1_0.last_name,
        u1_0.password,
        u1_0.phone_number,
        u1_0.photo_url,
        u1_0.role,
        u1_0.status,
        u1_0.updated_at,
        u1_0.user_code 
    from
        users u1_0 
    where
        u1_0.email=? 
        and not(u1_0.is_deleted)
Hibernate: 
    select
        u1_0.id,
        u1_0.bio,
        u1_0.created_at,
        u1_0.is_deleted,
        u1_0.email,
        u1_0.first_name,
        u1_0.last_name,
        u1_0.password,
        u1_0.phone_number,
        u1_0.photo_url,
        u1_0.role,
        u1_0.status,
        u1_0.updated_at,
        u1_0.user_code 
    from
        users u1_0 
    where
        u1_0.email=? 
        and not(u1_0.is_deleted)
Hibernate: 
    select
        u1_0.id,
        u1_0.bio,
        u1_0.created_at,
        u1_0.is_deleted,
        u1_0.email,
        u1_0.first_name,
        u1_0.last_name,
        u1_0.password,
        u1_0.phone_number,
        u1_0.photo_url,
        u1_0.role,
        u1_0.status,
        u1_0.updated_at,
        u1_0.user_code 
    from
        users u1_0 
    where
        u1_0.email=? 
        and not(u1_0.is_deleted)
Hibernate: 
    select
        n1_0.id,
        n1_0.created_at,
        n1_0.is_read,
        n1_0.message,
        n1_0.title,
        n1_0.notification_type,
        n1_0.user_id 
    from
        notifications n1_0 
    where
        n1_0.user_id=? 
    order by
        n1_0.created_at desc 
    limit
        ?
Hibernate: 
    select
        count(m1_0.id) 
    from
        messages m1_0 
    where
        m1_0.recipient_id=? 
        and not(m1_0.is_read) 
        and not(m1_0.archived)
Hibernate: 
    select
        count(n1_0.id) 
    from
        notifications n1_0 
    where
        n1_0.user_id=? 
        and not(n1_0.is_read)
Hibernate: 
    select
        u1_0.id,
        u1_0.bio,
        u1_0.created_at,
        u1_0.is_deleted,
        u1_0.email,
        u1_0.first_name,
        u1_0.last_name,
        u1_0.password,
        u1_0.phone_number,
        u1_0.photo_url,
        u1_0.role,
        u1_0.status,
        u1_0.updated_at,
        u1_0.user_code 
    from
        users u1_0 
    where
        u1_0.email=? 
        and not(u1_0.is_deleted)
Hibernate: 
    select
        u1_0.id,
        u1_0.bio,
        u1_0.created_at,
        u1_0.is_deleted,
        u1_0.email,
        u1_0.first_name,
        u1_0.last_name,
        u1_0.password,
        u1_0.phone_number,
        u1_0.photo_url,
        u1_0.role,
        u1_0.status,
        u1_0.updated_at,
        u1_0.user_code 
    from
        users u1_0 
    where
        u1_0.email=? 
        and not(u1_0.is_deleted)
Hibernate: 
    select
        u1_0.id,
        u1_0.bio,
        u1_0.created_at,
        u1_0.is_deleted,
        u1_0.email,
        u1_0.first_name,
        u1_0.last_name,
        u1_0.password,
        u1_0.phone_number,
        u1_0.photo_url,
        u1_0.role,
        u1_0.status,
        u1_0.updated_at,
        u1_0.user_code 
    from
        users u1_0 
    where
        u1_0.email=? 
        and not(u1_0.is_deleted)
Hibernate: 
    select
        count(n1_0.id) 
    from
        notifications n1_0 
    where
        n1_0.user_id=? 
        and not(n1_0.is_read)
Hibernate: 
    select
        n1_0.id,
        n1_0.created_at,
        n1_0.is_read,
        n1_0.message,
        n1_0.title,
        n1_0.notification_type,
        n1_0.user_id 
    from
        notifications n1_0 
    where
        n1_0.user_id=? 
    order by
        n1_0.created_at desc 
    limit
        ?
Hibernate: 
    select
        count(m1_0.id) 
    from
        messages m1_0 
    where
        m1_0.recipient_id=? 
        and not(m1_0.is_read) 
        and not(m1_0.archived)
Hibernate: 
    select
        u1_0.id,
        u1_0.bio,
        u1_0.created_at,
        u1_0.is_deleted,
        u1_0.email,
        u1_0.first_name,
        u1_0.last_name,
        u1_0.password,
        u1_0.phone_number,
        u1_0.photo_url,
        u1_0.role,
        u1_0.status,
        u1_0.updated_at,
        u1_0.user_code 
    from
        users u1_0 
    where
        u1_0.email=? 
        and not(u1_0.is_deleted)
2026-04-14T15:33:49.806+01:00  INFO 10697 --- [backend] [nio-8080-exec-5] c.m.b.n.sse.SseEmitterRegistry           : SSE connexion ouverte pour userId=18
Hibernate: 
    select
        u1_0.id,
        u1_0.bio,
        u1_0.created_at,
        u1_0.is_deleted,
        u1_0.email,
        u1_0.first_name,
        u1_0.last_name,
        u1_0.password,
        u1_0.phone_number,
        u1_0.photo_url,
        u1_0.role,
        u1_0.status,
        u1_0.updated_at,
        u1_0.user_code 
    from
        users u1_0 
    where
        u1_0.email=? 
        and not(u1_0.is_deleted)
Hibernate: 
    select
        u1_0.id,
        u1_0.bio,
        u1_0.created_at,
        u1_0.is_deleted,
        u1_0.email,
        u1_0.first_name,
        u1_0.last_name,
        u1_0.password,
        u1_0.phone_number,
        u1_0.photo_url,
        u1_0.role,
        u1_0.status,
        u1_0.updated_at,
        u1_0.user_code 
    from
        users u1_0 
    where
        u1_0.email=? 
        and not(u1_0.is_deleted)
Hibernate: 
    select
        u1_0.id,
        u1_0.bio,
        u1_0.created_at,
        u1_0.is_deleted,
        u1_0.email,
        u1_0.first_name,
        u1_0.last_name,
        u1_0.password,
        u1_0.phone_number,
        u1_0.photo_url,
        u1_0.role,
        u1_0.status,
        u1_0.updated_at,
        u1_0.user_code 
    from
        users u1_0 
    where
        u1_0.email=? 
        and not(u1_0.is_deleted)
Hibernate: 
    select
        count(n1_0.id) 
    from
        notifications n1_0 
    where
        n1_0.user_id=? 
        and not(n1_0.is_read)
Hibernate: 
    select
        n1_0.id,
        n1_0.created_at,
        n1_0.is_read,
        n1_0.message,
        n1_0.title,
        n1_0.notification_type,
        n1_0.user_id 
    from
        notifications n1_0 
    where
        n1_0.user_id=? 
    order by
        n1_0.created_at desc 
    limit
        ?
Hibernate: 
    select
        count(m1_0.id) 
    from
        messages m1_0 
    where
        m1_0.recipient_id=? 
        and not(m1_0.is_read) 
        and not(m1_0.archived)
Hibernate: 
    select
        u1_0.id,
        u1_0.bio,
        u1_0.created_at,
        u1_0.is_deleted,
        u1_0.email,
        u1_0.first_name,
        u1_0.last_name,
        u1_0.password,
        u1_0.phone_number,
        u1_0.photo_url,
        u1_0.role,
        u1_0.status,
        u1_0.updated_at,
        u1_0.user_code 
    from
        users u1_0 
    where
        u1_0.email=? 
        and not(u1_0.is_deleted)
Hibernate: 
    select
        u1_0.id,
        u1_0.bio,
        u1_0.created_at,
        u1_0.is_deleted,
        u1_0.email,
        u1_0.first_name,
        u1_0.last_name,
        u1_0.password,
        u1_0.phone_number,
        u1_0.photo_url,
        u1_0.role,
        u1_0.status,
        u1_0.updated_at,
        u1_0.user_code 
    from
        users u1_0 
    where
        u1_0.email=? 
        and not(u1_0.is_deleted)
Hibernate: 
    select
        u1_0.id,
        u1_0.bio,
        u1_0.created_at,
        u1_0.is_deleted,
        u1_0.email,
        u1_0.first_name,
        u1_0.last_name,
        u1_0.password,
        u1_0.phone_number,
        u1_0.photo_url,
        u1_0.role,
        u1_0.status,
        u1_0.updated_at,
        u1_0.user_code 
    from
        users u1_0 
    where
        u1_0.email=? 
        and not(u1_0.is_deleted)
Hibernate: 
    select
        count(n1_0.id) 
    from
        notifications n1_0 
    where
        n1_0.user_id=? 
        and not(n1_0.is_read)
Hibernate: 
    select
        n1_0.id,
        n1_0.created_at,
        n1_0.is_read,
        n1_0.message,
        n1_0.title,
        n1_0.notification_type,
        n1_0.user_id 
    from
        notifications n1_0 
    where
        n1_0.user_id=? 
    order by
        n1_0.created_at desc 
    limit
        ?
Hibernate: 
    select
        count(m1_0.id) 
    from
        messages m1_0 
    where
        m1_0.recipient_id=? 
        and not(m1_0.is_read) 
        and not(m1_0.archived)
Hibernate: 
    select
        u1_0.id,
        u1_0.bio,
        u1_0.created_at,
        u1_0.is_deleted,
        u1_0.email,
        u1_0.first_name,
        u1_0.last_name,
        u1_0.password,
        u1_0.phone_number,
        u1_0.photo_url,
        u1_0.role,
        u1_0.status,
        u1_0.updated_at,
        u1_0.user_code 
    from
        users u1_0 
    where
        u1_0.email=? 
        and not(u1_0.is_deleted)
Hibernate: 
    select
        u1_0.id,
        u1_0.bio,
        u1_0.created_at,
        u1_0.is_deleted,
        u1_0.email,
        u1_0.first_name,
        u1_0.last_name,
        u1_0.password,
        u1_0.phone_number,
        u1_0.photo_url,
        u1_0.role,
        u1_0.status,
        u1_0.updated_at,
        u1_0.user_code 
    from
        users u1_0 
    where
        u1_0.email=? 
        and not(u1_0.is_deleted)
Hibernate: 
    select
        u1_0.id,
        u1_0.bio,
        u1_0.created_at,
        u1_0.is_deleted,
        u1_0.email,
        u1_0.first_name,
        u1_0.last_name,
        u1_0.password,
        u1_0.phone_number,
        u1_0.photo_url,
        u1_0.role,
        u1_0.status,
        u1_0.updated_at,
        u1_0.user_code 
    from
        users u1_0 
    where
        u1_0.email=? 
        and not(u1_0.is_deleted)
Hibernate: 
    select
        count(n1_0.id) 
    from
        notifications n1_0 
    where
        n1_0.user_id=? 
        and not(n1_0.is_read)
Hibernate: 
    select
        count(m1_0.id) 
    from
        messages m1_0 
    where
        m1_0.recipient_id=? 
        and not(m1_0.is_read) 
        and not(m1_0.archived)
Hibernate: 
    select
        n1_0.id,
        n1_0.created_at,
        n1_0.is_read,
        n1_0.message,
        n1_0.title,
        n1_0.notification_type,
        n1_0.user_id 
    from
        notifications n1_0 
    where
        n1_0.user_id=? 
    order by
        n1_0.created_at desc 
    limit
        ?
Hibernate: 
    select
        u1_0.id,
        u1_0.bio,
        u1_0.created_at,
        u1_0.is_deleted,
        u1_0.email,
        u1_0.first_name,
        u1_0.last_name,
        u1_0.password,
        u1_0.phone_number,
        u1_0.photo_url,
        u1_0.role,
        u1_0.status,
        u1_0.updated_at,
        u1_0.user_code 
    from
        users u1_0 
    where
        u1_0.email=? 
        and not(u1_0.is_deleted)
Hibernate: 
    select
        u1_0.id,
        u1_0.bio,
        u1_0.created_at,
        u1_0.is_deleted,
        u1_0.email,
        u1_0.first_name,
        u1_0.last_name,
        u1_0.password,
        u1_0.phone_number,
        u1_0.photo_url,
        u1_0.role,
        u1_0.status,
        u1_0.updated_at,
        u1_0.user_code 
    from
        users u1_0 
    where
        u1_0.email=? 
        and not(u1_0.is_deleted)
Hibernate: 
    select
        u1_0.id,
        u1_0.bio,
        u1_0.created_at,
        u1_0.is_deleted,
        u1_0.email,
        u1_0.first_name,
        u1_0.last_name,
        u1_0.password,
        u1_0.phone_number,
        u1_0.photo_url,
        u1_0.role,
        u1_0.status,
        u1_0.updated_at,
        u1_0.user_code 
    from
        users u1_0 
    where
        u1_0.email=? 
        and not(u1_0.is_deleted)
Hibernate: 
    select
        count(n1_0.id) 
    from
        notifications n1_0 
    where
        n1_0.user_id=? 
        and not(n1_0.is_read)
Hibernate: 
    select
        count(m1_0.id) 
    from
        messages m1_0 
    where
        m1_0.recipient_id=? 
        and not(m1_0.is_read) 
        and not(m1_0.archived)
Hibernate: 
    select
        n1_0.id,
        n1_0.created_at,
        n1_0.is_read,
        n1_0.message,
        n1_0.title,
        n1_0.notification_type,
        n1_0.user_id 
    from
        notifications n1_0 
    where
        n1_0.user_id=? 
    order by
        n1_0.created_at desc 
    limit
        ?
Hibernate: 
    select
        u1_0.id,
        u1_0.bio,
        u1_0.created_at,
        u1_0.is_deleted,
        u1_0.email,
        u1_0.first_name,
        u1_0.last_name,
        u1_0.password,
        u1_0.phone_number,
        u1_0.photo_url,
        u1_0.role,
        u1_0.status,
        u1_0.updated_at,
        u1_0.user_code 
    from
        users u1_0 
    where
        u1_0.email=? 
        and not(u1_0.is_deleted)
Hibernate: 
    select
        u1_0.id,
        u1_0.bio,
        u1_0.created_at,
        u1_0.is_deleted,
        u1_0.email,
        u1_0.first_name,
        u1_0.last_name,
        u1_0.password,
        u1_0.phone_number,
        u1_0.photo_url,
        u1_0.role,
        u1_0.status,
        u1_0.updated_at,
        u1_0.user_code 
    from
        users u1_0 
    where
        u1_0.email=? 
        and not(u1_0.is_deleted)
Hibernate: 
    select
        u1_0.id,
        u1_0.bio,
        u1_0.created_at,
        u1_0.is_deleted,
        u1_0.email,
        u1_0.first_name,
        u1_0.last_name,
        u1_0.password,
        u1_0.phone_number,
        u1_0.photo_url,
        u1_0.role,
        u1_0.status,
        u1_0.updated_at,
        u1_0.user_code 
    from
        users u1_0 
    where
        u1_0.email=? 
        and not(u1_0.is_deleted)
Hibernate: 
    select
        count(n1_0.id) 
    from
        notifications n1_0 
    where
        n1_0.user_id=? 
        and not(n1_0.is_read)
Hibernate: 
    select
        n1_0.id,
        n1_0.created_at,
        n1_0.is_read,
        n1_0.message,
        n1_0.title,
        n1_0.notification_type,
        n1_0.user_id 
    from
        notifications n1_0 
    where
        n1_0.user_id=? 
    order by
        n1_0.created_at desc 
    limit
        ?
Hibernate: 
    select
        count(m1_0.id) 
    from
        messages m1_0 
    where
        m1_0.recipient_id=? 
        and not(m1_0.is_read) 
        and not(m1_0.archived)
Hibernate: 
    select
        u1_0.id,
        u1_0.bio,
        u1_0.created_at,
        u1_0.is_deleted,
        u1_0.email,
        u1_0.first_name,
        u1_0.last_name,
        u1_0.password,
        u1_0.phone_number,
        u1_0.photo_url,
        u1_0.role,
        u1_0.status,
        u1_0.updated_at,
        u1_0.user_code 
    from
        users u1_0 
    where
        u1_0.email=? 
        and not(u1_0.is_deleted)
Hibernate: 
    select
        u1_0.id,
        u1_0.bio,
        u1_0.created_at,
        u1_0.is_deleted,
        u1_0.email,
        u1_0.first_name,
        u1_0.last_name,
        u1_0.password,
        u1_0.phone_number,
        u1_0.photo_url,
        u1_0.role,
        u1_0.status,
        u1_0.updated_at,
        u1_0.user_code 
    from
        users u1_0 
    where
        u1_0.email=? 
        and not(u1_0.is_deleted)
Hibernate: 
    select
        u1_0.id,
        u1_0.bio,
        u1_0.created_at,
        u1_0.is_deleted,
        u1_0.email,
        u1_0.first_name,
        u1_0.last_name,
        u1_0.password,
        u1_0.phone_number,
        u1_0.photo_url,
        u1_0.role,
        u1_0.status,
        u1_0.updated_at,
        u1_0.user_code 
    from
        users u1_0 
    where
        u1_0.email=? 
        and not(u1_0.is_deleted)
Hibernate: 
    select
        count(n1_0.id) 
    from
        notifications n1_0 
    where
        n1_0.user_id=? 
        and not(n1_0.is_read)
Hibernate: 
    select
        count(m1_0.id) 
    from
        messages m1_0 
    where
        m1_0.recipient_id=? 
        and not(m1_0.is_read) 
        and not(m1_0.archived)
Hibernate: 
    select
        n1_0.id,
        n1_0.created_at,
        n1_0.is_read,
        n1_0.message,
        n1_0.title,
        n1_0.notification_type,
        n1_0.user_id 
    from
        notifications n1_0 
    where
        n1_0.user_id=? 
    order by
        n1_0.created_at desc 
    limit
        ?
Hibernate: 
    select
        u1_0.id,
        u1_0.bio,
        u1_0.created_at,
        u1_0.is_deleted,
        u1_0.email,
        u1_0.first_name,
        u1_0.last_name,
        u1_0.password,
        u1_0.phone_number,
        u1_0.photo_url,
        u1_0.role,
        u1_0.status,
        u1_0.updated_at,
        u1_0.user_code 
    from
        users u1_0 
    where
        u1_0.email=? 
        and not(u1_0.is_deleted)
2026-04-14T15:38:53.826+01:00  INFO 10697 --- [backend] [nio-8080-exec-8] c.m.b.n.sse.SseEmitterRegistry           : SSE connexion ouverte pour userId=18
Hibernate: 
    select
        u1_0.id,
        u1_0.bio,
        u1_0.created_at,
        u1_0.is_deleted,
        u1_0.email,
        u1_0.first_name,
        u1_0.last_name,
        u1_0.password,
        u1_0.phone_number,
        u1_0.photo_url,
        u1_0.role,
        u1_0.status,
        u1_0.updated_at,
        u1_0.user_code 
    from
        users u1_0 
    where
        u1_0.email=? 
        and not(u1_0.is_deleted)
Hibernate: 
    select
        u1_0.id,
        u1_0.bio,
        u1_0.created_at,
        u1_0.is_deleted,
        u1_0.email,
        u1_0.first_name,
        u1_0.last_name,
        u1_0.password,
        u1_0.phone_number,
        u1_0.photo_url,
        u1_0.role,
        u1_0.status,
        u1_0.updated_at,
        u1_0.user_code 
    from
        users u1_0 
    where
        u1_0.email=? 
        and not(u1_0.is_deleted)
Hibernate: 
    select
        u1_0.id,
        u1_0.bio,
        u1_0.created_at,
        u1_0.is_deleted,
        u1_0.email,
        u1_0.first_name,
        u1_0.last_name,
        u1_0.password,
        u1_0.phone_number,
        u1_0.photo_url,
        u1_0.role,
        u1_0.status,
        u1_0.updated_at,
        u1_0.user_code 
    from
        users u1_0 
    where
        u1_0.email=? 
        and not(u1_0.is_deleted)
Hibernate: 
    select
        count(n1_0.id) 
    from
        notifications n1_0 
    where
        n1_0.user_id=? 
        and not(n1_0.is_read)
Hibernate: 
    select
        count(m1_0.id) 
    from
        messages m1_0 
    where
        m1_0.recipient_id=? 
        and not(m1_0.is_read) 
        and not(m1_0.archived)
Hibernate: 
    select
        n1_0.id,
        n1_0.created_at,
        n1_0.is_read,
        n1_0.message,
        n1_0.title,
        n1_0.notification_type,
        n1_0.user_id 
    from
        notifications n1_0 
    where
        n1_0.user_id=? 
    order by
        n1_0.created_at desc 
    limit
        ?
Hibernate: 
    select
        u1_0.id,
        u1_0.bio,
        u1_0.created_at,
        u1_0.is_deleted,
        u1_0.email,
        u1_0.first_name,
        u1_0.last_name,
        u1_0.password,
        u1_0.phone_number,
        u1_0.photo_url,
        u1_0.role,
        u1_0.status,
        u1_0.updated_at,
        u1_0.user_code 
    from
        users u1_0 
    where
        u1_0.email=? 
        and not(u1_0.is_deleted)
Hibernate: 
    select
        u1_0.id,
        u1_0.bio,
        u1_0.created_at,
        u1_0.is_deleted,
        u1_0.email,
        u1_0.first_name,
        u1_0.last_name,
        u1_0.password,
        u1_0.phone_number,
        u1_0.photo_url,
        u1_0.role,
        u1_0.status,
        u1_0.updated_at,
        u1_0.user_code 
    from
        users u1_0 
    where
        u1_0.email=? 
        and not(u1_0.is_deleted)
Hibernate: 
    select
        u1_0.id,
        u1_0.bio,
        u1_0.created_at,
        u1_0.is_deleted,
        u1_0.email,
        u1_0.first_name,
        u1_0.last_name,
        u1_0.password,
        u1_0.phone_number,
        u1_0.photo_url,
        u1_0.role,
        u1_0.status,
        u1_0.updated_at,
        u1_0.user_code 
    from
        users u1_0 
    where
        u1_0.email=? 
        and not(u1_0.is_deleted)
Hibernate: 
    select
        count(n1_0.id) 
    from
        notifications n1_0 
    where
        n1_0.user_id=? 
        and not(n1_0.is_read)
Hibernate: 
    select
        count(m1_0.id) 
    from
        messages m1_0 
    where
        m1_0.recipient_id=? 
        and not(m1_0.is_read) 
        and not(m1_0.archived)
Hibernate: 
    select
        n1_0.id,
        n1_0.created_at,
        n1_0.is_read,
        n1_0.message,
        n1_0.title,
        n1_0.notification_type,
        n1_0.user_id 
    from
        notifications n1_0 
    where
        n1_0.user_id=? 
    order by
        n1_0.created_at desc 
    limit
        ?
Hibernate: 
    select
        u1_0.id,
        u1_0.bio,
        u1_0.created_at,
        u1_0.is_deleted,
        u1_0.email,
        u1_0.first_name,
        u1_0.last_name,
        u1_0.password,
        u1_0.phone_number,
        u1_0.photo_url,
        u1_0.role,
        u1_0.status,
        u1_0.updated_at,
        u1_0.user_code 
    from
        users u1_0 
    where
        u1_0.email=? 
        and not(u1_0.is_deleted)
Hibernate: 
    select
        u1_0.id,
        u1_0.bio,
        u1_0.created_at,
        u1_0.is_deleted,
        u1_0.email,
        u1_0.first_name,
        u1_0.last_name,
        u1_0.password,
        u1_0.phone_number,
        u1_0.photo_url,
        u1_0.role,
        u1_0.status,
        u1_0.updated_at,
        u1_0.user_code 
    from
        users u1_0 
    where
        u1_0.email=? 
        and not(u1_0.is_deleted)
Hibernate: 
    select
        u1_0.id,
        u1_0.bio,
        u1_0.created_at,
        u1_0.is_deleted,
        u1_0.email,
        u1_0.first_name,
        u1_0.last_name,
        u1_0.password,
        u1_0.phone_number,
        u1_0.photo_url,
        u1_0.role,
        u1_0.status,
        u1_0.updated_at,
        u1_0.user_code 
    from
        users u1_0 
    where
        u1_0.email=? 
        and not(u1_0.is_deleted)
Hibernate: 
    select
        count(m1_0.id) 
    from
        messages m1_0 
    where
        m1_0.recipient_id=? 
        and not(m1_0.is_read) 
        and not(m1_0.archived)
Hibernate: 
    select
        count(n1_0.id) 
    from
        notifications n1_0 
    where
        n1_0.user_id=? 
        and not(n1_0.is_read)
Hibernate: 
    select
        n1_0.id,
        n1_0.created_at,
        n1_0.is_read,
        n1_0.message,
        n1_0.title,
        n1_0.notification_type,
        n1_0.user_id 
    from
        notifications n1_0 
    where
        n1_0.user_id=? 
    order by
        n1_0.created_at desc 
    limit
        ?
Hibernate: 
    select
        u1_0.id,
        u1_0.bio,
        u1_0.created_at,
        u1_0.is_deleted,
        u1_0.email,
        u1_0.first_name,
        u1_0.last_name,
        u1_0.password,
        u1_0.phone_number,
        u1_0.photo_url,
        u1_0.role,
        u1_0.status,
        u1_0.updated_at,
        u1_0.user_code 
    from
        users u1_0 
    where
        u1_0.email=? 
        and not(u1_0.is_deleted)
Hibernate: 
    select
        u1_0.id,
        u1_0.bio,
        u1_0.created_at,
        u1_0.is_deleted,
        u1_0.email,
        u1_0.first_name,
        u1_0.last_name,
        u1_0.password,
        u1_0.phone_number,
        u1_0.photo_url,
        u1_0.role,
        u1_0.status,
        u1_0.updated_at,
        u1_0.user_code 
    from
        users u1_0 
    where
        u1_0.email=? 
        and not(u1_0.is_deleted)
Hibernate: 
    select
        u1_0.id,
        u1_0.bio,
        u1_0.created_at,
        u1_0.is_deleted,
        u1_0.email,
        u1_0.first_name,
        u1_0.last_name,
        u1_0.password,
        u1_0.phone_number,
        u1_0.photo_url,
        u1_0.role,
        u1_0.status,
        u1_0.updated_at,
        u1_0.user_code 
    from
        users u1_0 
    where
        u1_0.email=? 
        and not(u1_0.is_deleted)
Hibernate: 
    select
        count(n1_0.id) 
    from
        notifications n1_0 
    where
        n1_0.user_id=? 
        and not(n1_0.is_read)
Hibernate: 
    select
        count(m1_0.id) 
    from
        messages m1_0 
    where
        m1_0.recipient_id=? 
        and not(m1_0.is_read) 
        and not(m1_0.archived)
Hibernate: 
    select
        n1_0.id,
        n1_0.created_at,
        n1_0.is_read,
        n1_0.message,
        n1_0.title,
        n1_0.notification_type,
        n1_0.user_id 
    from
        notifications n1_0 
    where
        n1_0.user_id=? 
    order by
        n1_0.created_at desc 
    limit
        ?
2026-04-14T15:43:29.832+01:00  INFO 10697 --- [backend] [nio-8080-exec-5] c.m.b.n.sse.SseEmitterRegistry           : SSE timeout pour userId=18
2026-04-14T15:43:29.839+01:00 ERROR 10697 --- [backend] [nio-8080-exec-5] o.a.c.c.C.[.[.[/].[dispatcherServlet]    : Servlet.service() for servlet [dispatcherServlet] threw exception

org.springframework.security.authorization.AuthorizationDeniedException: Access Denied
	at org.springframework.security.web.access.intercept.AuthorizationFilter.doFilter(AuthorizationFilter.java:99) ~[spring-security-web-6.4.2.jar:6.4.2]
	at org.springframework.security.web.ObservationFilterChainDecorator$ObservationFilter.wrapFilter(ObservationFilterChainDecorator.java:240) ~[spring-security-web-6.4.2.jar:6.4.2]
	at org.springframework.security.web.ObservationFilterChainDecorator$ObservationFilter.doFilter(ObservationFilterChainDecorator.java:227) ~[spring-security-web-6.4.2.jar:6.4.2]
	at org.springframework.security.web.ObservationFilterChainDecorator$VirtualFilterChain.doFilter(ObservationFilterChainDecorator.java:137) ~[spring-security-web-6.4.2.jar:6.4.2]
	at org.springframework.security.web.access.ExceptionTranslationFilter.doFilter(ExceptionTranslationFilter.java:126) ~[spring-security-web-6.4.2.jar:6.4.2]
	at org.springframework.security.web.access.ExceptionTranslationFilter.doFilter(ExceptionTranslationFilter.java:120) ~[spring-security-web-6.4.2.jar:6.4.2]
	at org.springframework.security.web.ObservationFilterChainDecorator$ObservationFilter.wrapFilter(ObservationFilterChainDecorator.java:240) ~[spring-security-web-6.4.2.jar:6.4.2]
	at org.springframework.security.web.ObservationFilterChainDecorator$ObservationFilter.doFilter(ObservationFilterChainDecorator.java:227) ~[spring-security-web-6.4.2.jar:6.4.2]
	at org.springframework.security.web.ObservationFilterChainDecorator$VirtualFilterChain.doFilter(ObservationFilterChainDecorator.java:137) ~[spring-security-web-6.4.2.jar:6.4.2]
	at org.springframework.security.web.session.SessionManagementFilter.doFilter(SessionManagementFilter.java:91) ~[spring-security-web-6.4.2.jar:6.4.2]
	at org.springframework.security.web.session.SessionManagementFilter.doFilter(SessionManagementFilter.java:85) ~[spring-security-web-6.4.2.jar:6.4.2]
	at org.springframework.security.web.ObservationFilterChainDecorator$ObservationFilter.wrapFilter(ObservationFilterChainDecorator.java:240) ~[spring-security-web-6.4.2.jar:6.4.2]
	at org.springframework.security.web.ObservationFilterChainDecorator$ObservationFilter.doFilter(ObservationFilterChainDecorator.java:227) ~[spring-security-web-6.4.2.jar:6.4.2]
	at org.springframework.security.web.ObservationFilterChainDecorator$VirtualFilterChain.doFilter(ObservationFilterChainDecorator.java:137) ~[spring-security-web-6.4.2.jar:6.4.2]
	at org.springframework.security.web.authentication.AnonymousAuthenticationFilter.doFilter(AnonymousAuthenticationFilter.java:100) ~[spring-security-web-6.4.2.jar:6.4.2]
	at org.springframework.security.web.ObservationFilterChainDecorator$ObservationFilter.wrapFilter(ObservationFilterChainDecorator.java:240) ~[spring-security-web-6.4.2.jar:6.4.2]
	at org.springframework.security.web.ObservationFilterChainDecorator$ObservationFilter.doFilter(ObservationFilterChainDecorator.java:227) ~[spring-security-web-6.4.2.jar:6.4.2]
	at org.springframework.security.web.ObservationFilterChainDecorator$VirtualFilterChain.doFilter(ObservationFilterChainDecorator.java:137) ~[spring-security-web-6.4.2.jar:6.4.2]
	at org.springframework.security.web.servletapi.SecurityContextHolderAwareRequestFilter.doFilter(SecurityContextHolderAwareRequestFilter.java:179) ~[spring-security-web-6.4.2.jar:6.4.2]
	at org.springframework.security.web.ObservationFilterChainDecorator$ObservationFilter.wrapFilter(ObservationFilterChainDecorator.java:240) ~[spring-security-web-6.4.2.jar:6.4.2]
	at org.springframework.security.web.ObservationFilterChainDecorator$ObservationFilter.doFilter(ObservationFilterChainDecorator.java:227) ~[spring-security-web-6.4.2.jar:6.4.2]
	at org.springframework.security.web.ObservationFilterChainDecorator$VirtualFilterChain.doFilter(ObservationFilterChainDecorator.java:137) ~[spring-security-web-6.4.2.jar:6.4.2]
	at org.springframework.security.web.savedrequest.RequestCacheAwareFilter.doFilter(RequestCacheAwareFilter.java:63) ~[spring-security-web-6.4.2.jar:6.4.2]
	at org.springframework.security.web.ObservationFilterChainDecorator$ObservationFilter.wrapFilter(ObservationFilterChainDecorator.java:240) ~[spring-security-web-6.4.2.jar:6.4.2]
	at org.springframework.security.web.ObservationFilterChainDecorator$ObservationFilter.doFilter(ObservationFilterChainDecorator.java:227) ~[spring-security-web-6.4.2.jar:6.4.2]
	at org.springframework.security.web.ObservationFilterChainDecorator$VirtualFilterChain.doFilter(ObservationFilterChainDecorator.java:137) ~[spring-security-web-6.4.2.jar:6.4.2]
	at org.springframework.web.filter.OncePerRequestFilter.doFilter(OncePerRequestFilter.java:101) ~[spring-web-6.2.1.jar:6.2.1]
	at org.springframework.security.web.ObservationFilterChainDecorator$ObservationFilter.wrapFilter(ObservationFilterChainDecorator.java:240) ~[spring-security-web-6.4.2.jar:6.4.2]
	at org.springframework.security.web.ObservationFilterChainDecorator$ObservationFilter.doFilter(ObservationFilterChainDecorator.java:227) ~[spring-security-web-6.4.2.jar:6.4.2]
	at org.springframework.security.web.ObservationFilterChainDecorator$VirtualFilterChain.doFilter(ObservationFilterChainDecorator.java:137) ~[spring-security-web-6.4.2.jar:6.4.2]
	at org.springframework.security.web.authentication.logout.LogoutFilter.doFilter(LogoutFilter.java:107) ~[spring-security-web-6.4.2.jar:6.4.2]
	at org.springframework.security.web.authentication.logout.LogoutFilter.doFilter(LogoutFilter.java:93) ~[spring-security-web-6.4.2.jar:6.4.2]
	at org.springframework.security.web.ObservationFilterChainDecorator$ObservationFilter.wrapFilter(ObservationFilterChainDecorator.java:240) ~[spring-security-web-6.4.2.jar:6.4.2]
	at org.springframework.security.web.ObservationFilterChainDecorator$ObservationFilter.doFilter(ObservationFilterChainDecorator.java:227) ~[spring-security-web-6.4.2.jar:6.4.2]
	at org.springframework.security.web.ObservationFilterChainDecorator$VirtualFilterChain.doFilter(ObservationFilterChainDecorator.java:137) ~[spring-security-web-6.4.2.jar:6.4.2]
	at org.springframework.web.filter.OncePerRequestFilter.doFilter(OncePerRequestFilter.java:101) ~[spring-web-6.2.1.jar:6.2.1]
	at org.springframework.security.web.ObservationFilterChainDecorator$ObservationFilter.wrapFilter(ObservationFilterChainDecorator.java:240) ~[spring-security-web-6.4.2.jar:6.4.2]
	at org.springframework.security.web.ObservationFilterChainDecorator$ObservationFilter.doFilter(ObservationFilterChainDecorator.java:227) ~[spring-security-web-6.4.2.jar:6.4.2]
	at org.springframework.security.web.ObservationFilterChainDecorator$VirtualFilterChain.doFilter(ObservationFilterChainDecorator.java:137) ~[spring-security-web-6.4.2.jar:6.4.2]
	at org.springframework.web.filter.OncePerRequestFilter.doFilter(OncePerRequestFilter.java:101) ~[spring-web-6.2.1.jar:6.2.1]
	at org.springframework.security.web.ObservationFilterChainDecorator$ObservationFilter.wrapFilter(ObservationFilterChainDecorator.java:240) ~[spring-security-web-6.4.2.jar:6.4.2]
	at org.springframework.security.web.ObservationFilterChainDecorator$ObservationFilter.doFilter(ObservationFilterChainDecorator.java:227) ~[spring-security-web-6.4.2.jar:6.4.2]
	at org.springframework.security.web.ObservationFilterChainDecorator$VirtualFilterChain.doFilter(ObservationFilterChainDecorator.java:137) ~[spring-security-web-6.4.2.jar:6.4.2]
	at org.springframework.security.web.context.SecurityContextHolderFilter.doFilter(SecurityContextHolderFilter.java:82) ~[spring-security-web-6.4.2.jar:6.4.2]
	at org.springframework.security.web.context.SecurityContextHolderFilter.doFilter(SecurityContextHolderFilter.java:69) ~[spring-security-web-6.4.2.jar:6.4.2]
	at org.springframework.security.web.ObservationFilterChainDecorator$ObservationFilter.wrapFilter(ObservationFilterChainDecorator.java:240) ~[spring-security-web-6.4.2.jar:6.4.2]
	at org.springframework.security.web.ObservationFilterChainDecorator$ObservationFilter.doFilter(ObservationFilterChainDecorator.java:227) ~[spring-security-web-6.4.2.jar:6.4.2]
	at org.springframework.security.web.ObservationFilterChainDecorator$VirtualFilterChain.doFilter(ObservationFilterChainDecorator.java:137) ~[spring-security-web-6.4.2.jar:6.4.2]
	at org.springframework.web.filter.OncePerRequestFilter.doFilter(OncePerRequestFilter.java:101) ~[spring-web-6.2.1.jar:6.2.1]
	at org.springframework.security.web.ObservationFilterChainDecorator$ObservationFilter.wrapFilter(ObservationFilterChainDecorator.java:240) ~[spring-security-web-6.4.2.jar:6.4.2]
	at org.springframework.security.web.ObservationFilterChainDecorator$ObservationFilter.doFilter(ObservationFilterChainDecorator.java:227) ~[spring-security-web-6.4.2.jar:6.4.2]
	at org.springframework.security.web.ObservationFilterChainDecorator$VirtualFilterChain.doFilter(ObservationFilterChainDecorator.java:137) ~[spring-security-web-6.4.2.jar:6.4.2]
	at org.springframework.web.filter.OncePerRequestFilter.doFilter(OncePerRequestFilter.java:101) ~[spring-web-6.2.1.jar:6.2.1]
	at org.springframework.security.web.ObservationFilterChainDecorator$ObservationFilter.wrapFilter(ObservationFilterChainDecorator.java:240) ~[spring-security-web-6.4.2.jar:6.4.2]
	at org.springframework.security.web.ObservationFilterChainDecorator$AroundFilterObservation$SimpleAroundFilterObservation.lambda$wrap$0(ObservationFilterChainDecorator.java:323) ~[spring-security-web-6.4.2.jar:6.4.2]
	at org.springframework.security.web.ObservationFilterChainDecorator$ObservationFilter.doFilter(ObservationFilterChainDecorator.java:224) ~[spring-security-web-6.4.2.jar:6.4.2]
	at org.springframework.security.web.ObservationFilterChainDecorator$VirtualFilterChain.doFilter(ObservationFilterChainDecorator.java:137) ~[spring-security-web-6.4.2.jar:6.4.2]
	at org.springframework.security.web.FilterChainProxy.doFilterInternal(FilterChainProxy.java:233) ~[spring-security-web-6.4.2.jar:6.4.2]
	at org.springframework.security.web.FilterChainProxy.doFilter(FilterChainProxy.java:191) ~[spring-security-web-6.4.2.jar:6.4.2]
	at org.springframework.web.filter.CompositeFilter$VirtualFilterChain.doFilter(CompositeFilter.java:113) ~[spring-web-6.2.1.jar:6.2.1]
	at org.springframework.web.servlet.handler.HandlerMappingIntrospector.lambda$createCacheFilter$3(HandlerMappingIntrospector.java:243) ~[spring-webmvc-6.2.1.jar:6.2.1]
	at org.springframework.web.filter.CompositeFilter$VirtualFilterChain.doFilter(CompositeFilter.java:113) ~[spring-web-6.2.1.jar:6.2.1]
	at org.springframework.web.filter.CompositeFilter.doFilter(CompositeFilter.java:74) ~[spring-web-6.2.1.jar:6.2.1]
	at org.springframework.security.config.annotation.web.configuration.WebMvcSecurityConfiguration$CompositeFilterChainProxy.doFilter(WebMvcSecurityConfiguration.java:238) ~[spring-security-config-6.4.2.jar:6.4.2]
	at org.springframework.web.filter.DelegatingFilterProxy.invokeDelegate(DelegatingFilterProxy.java:362) ~[spring-web-6.2.1.jar:6.2.1]
	at org.springframework.web.filter.DelegatingFilterProxy.doFilter(DelegatingFilterProxy.java:278) ~[spring-web-6.2.1.jar:6.2.1]
	at org.apache.catalina.core.ApplicationFilterChain.internalDoFilter(ApplicationFilterChain.java:164) ~[tomcat-embed-core-10.1.34.jar:10.1.34]
	at org.apache.catalina.core.ApplicationFilterChain.doFilter(ApplicationFilterChain.java:140) ~[tomcat-embed-core-10.1.34.jar:10.1.34]
	at org.springframework.web.filter.RequestContextFilter.doFilterInternal(RequestContextFilter.java:100) ~[spring-web-6.2.1.jar:6.2.1]
	at org.springframework.web.filter.OncePerRequestFilter.doFilter(OncePerRequestFilter.java:116) ~[spring-web-6.2.1.jar:6.2.1]
	at org.apache.catalina.core.ApplicationFilterChain.internalDoFilter(ApplicationFilterChain.java:164) ~[tomcat-embed-core-10.1.34.jar:10.1.34]
	at org.apache.catalina.core.ApplicationFilterChain.doFilter(ApplicationFilterChain.java:140) ~[tomcat-embed-core-10.1.34.jar:10.1.34]
	at org.springframework.web.filter.OncePerRequestFilter.doFilter(OncePerRequestFilter.java:101) ~[spring-web-6.2.1.jar:6.2.1]
	at org.apache.catalina.core.ApplicationFilterChain.internalDoFilter(ApplicationFilterChain.java:164) ~[tomcat-embed-core-10.1.34.jar:10.1.34]
	at org.apache.catalina.core.ApplicationFilterChain.doFilter(ApplicationFilterChain.java:140) ~[tomcat-embed-core-10.1.34.jar:10.1.34]
	at org.springframework.web.filter.ServerHttpObservationFilter.doFilterInternal(ServerHttpObservationFilter.java:114) ~[spring-web-6.2.1.jar:6.2.1]
	at org.springframework.web.filter.OncePerRequestFilter.doFilter(OncePerRequestFilter.java:116) ~[spring-web-6.2.1.jar:6.2.1]
	at org.apache.catalina.core.ApplicationFilterChain.internalDoFilter(ApplicationFilterChain.java:164) ~[tomcat-embed-core-10.1.34.jar:10.1.34]
	at org.apache.catalina.core.ApplicationFilterChain.doFilter(ApplicationFilterChain.java:140) ~[tomcat-embed-core-10.1.34.jar:10.1.34]
	at org.springframework.web.filter.OncePerRequestFilter.doFilter(OncePerRequestFilter.java:101) ~[spring-web-6.2.1.jar:6.2.1]
	at org.apache.catalina.core.ApplicationFilterChain.internalDoFilter(ApplicationFilterChain.java:164) ~[tomcat-embed-core-10.1.34.jar:10.1.34]
	at org.apache.catalina.core.ApplicationFilterChain.doFilter(ApplicationFilterChain.java:140) ~[tomcat-embed-core-10.1.34.jar:10.1.34]
	at org.apache.catalina.core.ApplicationDispatcher.invoke(ApplicationDispatcher.java:633) ~[tomcat-embed-core-10.1.34.jar:10.1.34]
	at org.apache.catalina.core.ApplicationDispatcher.doDispatch(ApplicationDispatcher.java:561) ~[tomcat-embed-core-10.1.34.jar:10.1.34]
	at org.apache.catalina.core.ApplicationDispatcher.dispatch(ApplicationDispatcher.java:532) ~[tomcat-embed-core-10.1.34.jar:10.1.34]
	at org.apache.catalina.core.AsyncContextImpl$AsyncRunnable.run(AsyncContextImpl.java:601) ~[tomcat-embed-core-10.1.34.jar:10.1.34]
	at org.apache.catalina.core.AsyncContextImpl.doInternalDispatch(AsyncContextImpl.java:344) ~[tomcat-embed-core-10.1.34.jar:10.1.34]
	at org.apache.catalina.core.StandardWrapperValve.invoke(StandardWrapperValve.java:165) ~[tomcat-embed-core-10.1.34.jar:10.1.34]
	at org.apache.catalina.core.StandardContextValve.invoke(StandardContextValve.java:90) ~[tomcat-embed-core-10.1.34.jar:10.1.34]
	at org.apache.catalina.authenticator.AuthenticatorBase.invoke(AuthenticatorBase.java:483) ~[tomcat-embed-core-10.1.34.jar:10.1.34]
	at org.apache.catalina.core.StandardHostValve.invoke(StandardHostValve.java:115) ~[tomcat-embed-core-10.1.34.jar:10.1.34]
	at org.apache.catalina.valves.ErrorReportValve.invoke(ErrorReportValve.java:93) ~[tomcat-embed-core-10.1.34.jar:10.1.34]
	at org.apache.catalina.core.StandardEngineValve.invoke(StandardEngineValve.java:74) ~[tomcat-embed-core-10.1.34.jar:10.1.34]
	at org.apache.catalina.connector.CoyoteAdapter.asyncDispatch(CoyoteAdapter.java:239) ~[tomcat-embed-core-10.1.34.jar:10.1.34]
	at org.apache.coyote.AbstractProcessor.dispatch(AbstractProcessor.java:243) ~[tomcat-embed-core-10.1.34.jar:10.1.34]
	at org.apache.coyote.AbstractProcessorLight.process(AbstractProcessorLight.java:57) ~[tomcat-embed-core-10.1.34.jar:10.1.34]
	at org.apache.coyote.AbstractProtocol$ConnectionHandler.process(AbstractProtocol.java:905) ~[tomcat-embed-core-10.1.34.jar:10.1.34]
	at org.apache.tomcat.util.net.NioEndpoint$SocketProcessor.doRun(NioEndpoint.java:1741) ~[tomcat-embed-core-10.1.34.jar:10.1.34]
	at org.apache.tomcat.util.net.SocketProcessorBase.run(SocketProcessorBase.java:52) ~[tomcat-embed-core-10.1.34.jar:10.1.34]
	at org.apache.tomcat.util.threads.ThreadPoolExecutor.runWorker(ThreadPoolExecutor.java:1190) ~[tomcat-embed-core-10.1.34.jar:10.1.34]
	at org.apache.tomcat.util.threads.ThreadPoolExecutor$Worker.run(ThreadPoolExecutor.java:659) ~[tomcat-embed-core-10.1.34.jar:10.1.34]
	at org.apache.tomcat.util.threads.TaskThread$WrappingRunnable.run(TaskThread.java:63) ~[tomcat-embed-core-10.1.34.jar:10.1.34]
	at java.base/java.lang.Thread.run(Thread.java:1474) ~[na:na]

2026-04-14T15:43:29.849+01:00 ERROR 10697 --- [backend] [nio-8080-exec-5] o.a.c.c.C.[.[.[/].[dispatcherServlet]    : Servlet.service() for servlet [dispatcherServlet] in context with path [] threw exception [Unable to handle the Spring Security Exception because the response is already committed.] with root cause

org.springframework.security.authorization.AuthorizationDeniedException: Access Denied
	at org.springframework.security.web.access.intercept.AuthorizationFilter.doFilter(AuthorizationFilter.java:99) ~[spring-security-web-6.4.2.jar:6.4.2]
	at org.springframework.security.web.ObservationFilterChainDecorator$ObservationFilter.wrapFilter(ObservationFilterChainDecorator.java:240) ~[spring-security-web-6.4.2.jar:6.4.2]
	at org.springframework.security.web.ObservationFilterChainDecorator$ObservationFilter.doFilter(ObservationFilterChainDecorator.java:227) ~[spring-security-web-6.4.2.jar:6.4.2]
	at org.springframework.security.web.ObservationFilterChainDecorator$VirtualFilterChain.doFilter(ObservationFilterChainDecorator.java:137) ~[spring-security-web-6.4.2.jar:6.4.2]
	at org.springframework.security.web.access.ExceptionTranslationFilter.doFilter(ExceptionTranslationFilter.java:126) ~[spring-security-web-6.4.2.jar:6.4.2]
	at org.springframework.security.web.access.ExceptionTranslationFilter.doFilter(ExceptionTranslationFilter.java:120) ~[spring-security-web-6.4.2.jar:6.4.2]
	at org.springframework.security.web.ObservationFilterChainDecorator$ObservationFilter.wrapFilter(ObservationFilterChainDecorator.java:240) ~[spring-security-web-6.4.2.jar:6.4.2]
	at org.springframework.security.web.ObservationFilterChainDecorator$ObservationFilter.doFilter(ObservationFilterChainDecorator.java:227) ~[spring-security-web-6.4.2.jar:6.4.2]
	at org.springframework.security.web.ObservationFilterChainDecorator$VirtualFilterChain.doFilter(ObservationFilterChainDecorator.java:137) ~[spring-security-web-6.4.2.jar:6.4.2]
	at org.springframework.security.web.session.SessionManagementFilter.doFilter(SessionManagementFilter.java:91) ~[spring-security-web-6.4.2.jar:6.4.2]
	at org.springframework.security.web.session.SessionManagementFilter.doFilter(SessionManagementFilter.java:85) ~[spring-security-web-6.4.2.jar:6.4.2]
	at org.springframework.security.web.ObservationFilterChainDecorator$ObservationFilter.wrapFilter(ObservationFilterChainDecorator.java:240) ~[spring-security-web-6.4.2.jar:6.4.2]
	at org.springframework.security.web.ObservationFilterChainDecorator$ObservationFilter.doFilter(ObservationFilterChainDecorator.java:227) ~[spring-security-web-6.4.2.jar:6.4.2]
	at org.springframework.security.web.ObservationFilterChainDecorator$VirtualFilterChain.doFilter(ObservationFilterChainDecorator.java:137) ~[spring-security-web-6.4.2.jar:6.4.2]
	at org.springframework.security.web.authentication.AnonymousAuthenticationFilter.doFilter(AnonymousAuthenticationFilter.java:100) ~[spring-security-web-6.4.2.jar:6.4.2]
	at org.springframework.security.web.ObservationFilterChainDecorator$ObservationFilter.wrapFilter(ObservationFilterChainDecorator.java:240) ~[spring-security-web-6.4.2.jar:6.4.2]
	at org.springframework.security.web.ObservationFilterChainDecorator$ObservationFilter.doFilter(ObservationFilterChainDecorator.java:227) ~[spring-security-web-6.4.2.jar:6.4.2]
	at org.springframework.security.web.ObservationFilterChainDecorator$VirtualFilterChain.doFilter(ObservationFilterChainDecorator.java:137) ~[spring-security-web-6.4.2.jar:6.4.2]
	at org.springframework.security.web.servletapi.SecurityContextHolderAwareRequestFilter.doFilter(SecurityContextHolderAwareRequestFilter.java:179) ~[spring-security-web-6.4.2.jar:6.4.2]
	at org.springframework.security.web.ObservationFilterChainDecorator$ObservationFilter.wrapFilter(ObservationFilterChainDecorator.java:240) ~[spring-security-web-6.4.2.jar:6.4.2]
	at org.springframework.security.web.ObservationFilterChainDecorator$ObservationFilter.doFilter(ObservationFilterChainDecorator.java:227) ~[spring-security-web-6.4.2.jar:6.4.2]
	at org.springframework.security.web.ObservationFilterChainDecorator$VirtualFilterChain.doFilter(ObservationFilterChainDecorator.java:137) ~[spring-security-web-6.4.2.jar:6.4.2]
	at org.springframework.security.web.savedrequest.RequestCacheAwareFilter.doFilter(RequestCacheAwareFilter.java:63) ~[spring-security-web-6.4.2.jar:6.4.2]
	at org.springframework.security.web.ObservationFilterChainDecorator$ObservationFilter.wrapFilter(ObservationFilterChainDecorator.java:240) ~[spring-security-web-6.4.2.jar:6.4.2]
	at org.springframework.security.web.ObservationFilterChainDecorator$ObservationFilter.doFilter(ObservationFilterChainDecorator.java:227) ~[spring-security-web-6.4.2.jar:6.4.2]
	at org.springframework.security.web.ObservationFilterChainDecorator$VirtualFilterChain.doFilter(ObservationFilterChainDecorator.java:137) ~[spring-security-web-6.4.2.jar:6.4.2]
	at org.springframework.web.filter.OncePerRequestFilter.doFilter(OncePerRequestFilter.java:101) ~[spring-web-6.2.1.jar:6.2.1]
	at org.springframework.security.web.ObservationFilterChainDecorator$ObservationFilter.wrapFilter(ObservationFilterChainDecorator.java:240) ~[spring-security-web-6.4.2.jar:6.4.2]
	at org.springframework.security.web.ObservationFilterChainDecorator$ObservationFilter.doFilter(ObservationFilterChainDecorator.java:227) ~[spring-security-web-6.4.2.jar:6.4.2]
	at org.springframework.security.web.ObservationFilterChainDecorator$VirtualFilterChain.doFilter(ObservationFilterChainDecorator.java:137) ~[spring-security-web-6.4.2.jar:6.4.2]
	at org.springframework.security.web.authentication.logout.LogoutFilter.doFilter(LogoutFilter.java:107) ~[spring-security-web-6.4.2.jar:6.4.2]
	at org.springframework.security.web.authentication.logout.LogoutFilter.doFilter(LogoutFilter.java:93) ~[spring-security-web-6.4.2.jar:6.4.2]
	at org.springframework.security.web.ObservationFilterChainDecorator$ObservationFilter.wrapFilter(ObservationFilterChainDecorator.java:240) ~[spring-security-web-6.4.2.jar:6.4.2]
	at org.springframework.security.web.ObservationFilterChainDecorator$ObservationFilter.doFilter(ObservationFilterChainDecorator.java:227) ~[spring-security-web-6.4.2.jar:6.4.2]
	at org.springframework.security.web.ObservationFilterChainDecorator$VirtualFilterChain.doFilter(ObservationFilterChainDecorator.java:137) ~[spring-security-web-6.4.2.jar:6.4.2]
	at org.springframework.web.filter.OncePerRequestFilter.doFilter(OncePerRequestFilter.java:101) ~[spring-web-6.2.1.jar:6.2.1]
	at org.springframework.security.web.ObservationFilterChainDecorator$ObservationFilter.wrapFilter(ObservationFilterChainDecorator.java:240) ~[spring-security-web-6.4.2.jar:6.4.2]
	at org.springframework.security.web.ObservationFilterChainDecorator$ObservationFilter.doFilter(ObservationFilterChainDecorator.java:227) ~[spring-security-web-6.4.2.jar:6.4.2]
	at org.springframework.security.web.ObservationFilterChainDecorator$VirtualFilterChain.doFilter(ObservationFilterChainDecorator.java:137) ~[spring-security-web-6.4.2.jar:6.4.2]
	at org.springframework.web.filter.OncePerRequestFilter.doFilter(OncePerRequestFilter.java:101) ~[spring-web-6.2.1.jar:6.2.1]
	at org.springframework.security.web.ObservationFilterChainDecorator$ObservationFilter.wrapFilter(ObservationFilterChainDecorator.java:240) ~[spring-security-web-6.4.2.jar:6.4.2]
	at org.springframework.security.web.ObservationFilterChainDecorator$ObservationFilter.doFilter(ObservationFilterChainDecorator.java:227) ~[spring-security-web-6.4.2.jar:6.4.2]
	at org.springframework.security.web.ObservationFilterChainDecorator$VirtualFilterChain.doFilter(ObservationFilterChainDecorator.java:137) ~[spring-security-web-6.4.2.jar:6.4.2]
	at org.springframework.security.web.context.SecurityContextHolderFilter.doFilter(SecurityContextHolderFilter.java:82) ~[spring-security-web-6.4.2.jar:6.4.2]
	at org.springframework.security.web.context.SecurityContextHolderFilter.doFilter(SecurityContextHolderFilter.java:69) ~[spring-security-web-6.4.2.jar:6.4.2]
	at org.springframework.security.web.ObservationFilterChainDecorator$ObservationFilter.wrapFilter(ObservationFilterChainDecorator.java:240) ~[spring-security-web-6.4.2.jar:6.4.2]
	at org.springframework.security.web.ObservationFilterChainDecorator$ObservationFilter.doFilter(ObservationFilterChainDecorator.java:227) ~[spring-security-web-6.4.2.jar:6.4.2]
	at org.springframework.security.web.ObservationFilterChainDecorator$VirtualFilterChain.doFilter(ObservationFilterChainDecorator.java:137) ~[spring-security-web-6.4.2.jar:6.4.2]
	at org.springframework.web.filter.OncePerRequestFilter.doFilter(OncePerRequestFilter.java:101) ~[spring-web-6.2.1.jar:6.2.1]
	at org.springframework.security.web.ObservationFilterChainDecorator$ObservationFilter.wrapFilter(ObservationFilterChainDecorator.java:240) ~[spring-security-web-6.4.2.jar:6.4.2]
	at org.springframework.security.web.ObservationFilterChainDecorator$ObservationFilter.doFilter(ObservationFilterChainDecorator.java:227) ~[spring-security-web-6.4.2.jar:6.4.2]
	at org.springframework.security.web.ObservationFilterChainDecorator$VirtualFilterChain.doFilter(ObservationFilterChainDecorator.java:137) ~[spring-security-web-6.4.2.jar:6.4.2]
	at org.springframework.web.filter.OncePerRequestFilter.doFilter(OncePerRequestFilter.java:101) ~[spring-web-6.2.1.jar:6.2.1]
	at org.springframework.security.web.ObservationFilterChainDecorator$ObservationFilter.wrapFilter(ObservationFilterChainDecorator.java:240) ~[spring-security-web-6.4.2.jar:6.4.2]
	at org.springframework.security.web.ObservationFilterChainDecorator$AroundFilterObservation$SimpleAroundFilterObservation.lambda$wrap$0(ObservationFilterChainDecorator.java:323) ~[spring-security-web-6.4.2.jar:6.4.2]
	at org.springframework.security.web.ObservationFilterChainDecorator$ObservationFilter.doFilter(ObservationFilterChainDecorator.java:224) ~[spring-security-web-6.4.2.jar:6.4.2]
	at org.springframework.security.web.ObservationFilterChainDecorator$VirtualFilterChain.doFilter(ObservationFilterChainDecorator.java:137) ~[spring-security-web-6.4.2.jar:6.4.2]
	at org.springframework.security.web.FilterChainProxy.doFilterInternal(FilterChainProxy.java:233) ~[spring-security-web-6.4.2.jar:6.4.2]
	at org.springframework.security.web.FilterChainProxy.doFilter(FilterChainProxy.java:191) ~[spring-security-web-6.4.2.jar:6.4.2]
	at org.springframework.web.filter.CompositeFilter$VirtualFilterChain.doFilter(CompositeFilter.java:113) ~[spring-web-6.2.1.jar:6.2.1]
	at org.springframework.web.servlet.handler.HandlerMappingIntrospector.lambda$createCacheFilter$3(HandlerMappingIntrospector.java:243) ~[spring-webmvc-6.2.1.jar:6.2.1]
	at org.springframework.web.filter.CompositeFilter$VirtualFilterChain.doFilter(CompositeFilter.java:113) ~[spring-web-6.2.1.jar:6.2.1]
	at org.springframework.web.filter.CompositeFilter.doFilter(CompositeFilter.java:74) ~[spring-web-6.2.1.jar:6.2.1]
	at org.springframework.security.config.annotation.web.configuration.WebMvcSecurityConfiguration$CompositeFilterChainProxy.doFilter(WebMvcSecurityConfiguration.java:238) ~[spring-security-config-6.4.2.jar:6.4.2]
	at org.springframework.web.filter.DelegatingFilterProxy.invokeDelegate(DelegatingFilterProxy.java:362) ~[spring-web-6.2.1.jar:6.2.1]
	at org.springframework.web.filter.DelegatingFilterProxy.doFilter(DelegatingFilterProxy.java:278) ~[spring-web-6.2.1.jar:6.2.1]
	at org.apache.catalina.core.ApplicationFilterChain.internalDoFilter(ApplicationFilterChain.java:164) ~[tomcat-embed-core-10.1.34.jar:10.1.34]
	at org.apache.catalina.core.ApplicationFilterChain.doFilter(ApplicationFilterChain.java:140) ~[tomcat-embed-core-10.1.34.jar:10.1.34]
	at org.springframework.web.filter.RequestContextFilter.doFilterInternal(RequestContextFilter.java:100) ~[spring-web-6.2.1.jar:6.2.1]
	at org.springframework.web.filter.OncePerRequestFilter.doFilter(OncePerRequestFilter.java:116) ~[spring-web-6.2.1.jar:6.2.1]
	at org.apache.catalina.core.ApplicationFilterChain.internalDoFilter(ApplicationFilterChain.java:164) ~[tomcat-embed-core-10.1.34.jar:10.1.34]
	at org.apache.catalina.core.ApplicationFilterChain.doFilter(ApplicationFilterChain.java:140) ~[tomcat-embed-core-10.1.34.jar:10.1.34]
	at org.springframework.web.filter.OncePerRequestFilter.doFilter(OncePerRequestFilter.java:101) ~[spring-web-6.2.1.jar:6.2.1]
	at org.apache.catalina.core.ApplicationFilterChain.internalDoFilter(ApplicationFilterChain.java:164) ~[tomcat-embed-core-10.1.34.jar:10.1.34]
	at org.apache.catalina.core.ApplicationFilterChain.doFilter(ApplicationFilterChain.java:140) ~[tomcat-embed-core-10.1.34.jar:10.1.34]
	at org.springframework.web.filter.ServerHttpObservationFilter.doFilterInternal(ServerHttpObservationFilter.java:114) ~[spring-web-6.2.1.jar:6.2.1]
	at org.springframework.web.filter.OncePerRequestFilter.doFilter(OncePerRequestFilter.java:116) ~[spring-web-6.2.1.jar:6.2.1]
	at org.apache.catalina.core.ApplicationFilterChain.internalDoFilter(ApplicationFilterChain.java:164) ~[tomcat-embed-core-10.1.34.jar:10.1.34]
	at org.apache.catalina.core.ApplicationFilterChain.doFilter(ApplicationFilterChain.java:140) ~[tomcat-embed-core-10.1.34.jar:10.1.34]
	at org.springframework.web.filter.OncePerRequestFilter.doFilter(OncePerRequestFilter.java:101) ~[spring-web-6.2.1.jar:6.2.1]
	at org.apache.catalina.core.ApplicationFilterChain.internalDoFilter(ApplicationFilterChain.java:164) ~[tomcat-embed-core-10.1.34.jar:10.1.34]
	at org.apache.catalina.core.ApplicationFilterChain.doFilter(ApplicationFilterChain.java:140) ~[tomcat-embed-core-10.1.34.jar:10.1.34]
	at org.apache.catalina.core.ApplicationDispatcher.invoke(ApplicationDispatcher.java:633) ~[tomcat-embed-core-10.1.34.jar:10.1.34]
	at org.apache.catalina.core.ApplicationDispatcher.doDispatch(ApplicationDispatcher.java:561) ~[tomcat-embed-core-10.1.34.jar:10.1.34]
	at org.apache.catalina.core.ApplicationDispatcher.dispatch(ApplicationDispatcher.java:532) ~[tomcat-embed-core-10.1.34.jar:10.1.34]
	at org.apache.catalina.core.AsyncContextImpl$AsyncRunnable.run(AsyncContextImpl.java:601) ~[tomcat-embed-core-10.1.34.jar:10.1.34]
	at org.apache.catalina.core.AsyncContextImpl.doInternalDispatch(AsyncContextImpl.java:344) ~[tomcat-embed-core-10.1.34.jar:10.1.34]
	at org.apache.catalina.core.StandardWrapperValve.invoke(StandardWrapperValve.java:165) ~[tomcat-embed-core-10.1.34.jar:10.1.34]
	at org.apache.catalina.core.StandardContextValve.invoke(StandardContextValve.java:90) ~[tomcat-embed-core-10.1.34.jar:10.1.34]
	at org.apache.catalina.authenticator.AuthenticatorBase.invoke(AuthenticatorBase.java:483) ~[tomcat-embed-core-10.1.34.jar:10.1.34]
	at org.apache.catalina.core.StandardHostValve.invoke(StandardHostValve.java:115) ~[tomcat-embed-core-10.1.34.jar:10.1.34]
	at org.apache.catalina.valves.ErrorReportValve.invoke(ErrorReportValve.java:93) ~[tomcat-embed-core-10.1.34.jar:10.1.34]
	at org.apache.catalina.core.StandardEngineValve.invoke(StandardEngineValve.java:74) ~[tomcat-embed-core-10.1.34.jar:10.1.34]
	at org.apache.catalina.connector.CoyoteAdapter.asyncDispatch(CoyoteAdapter.java:239) ~[tomcat-embed-core-10.1.34.jar:10.1.34]
	at org.apache.coyote.AbstractProcessor.dispatch(AbstractProcessor.java:243) ~[tomcat-embed-core-10.1.34.jar:10.1.34]
	at org.apache.coyote.AbstractProcessorLight.process(AbstractProcessorLight.java:57) ~[tomcat-embed-core-10.1.34.jar:10.1.34]
	at org.apache.coyote.AbstractProtocol$ConnectionHandler.process(AbstractProtocol.java:905) ~[tomcat-embed-core-10.1.34.jar:10.1.34]
	at org.apache.tomcat.util.net.NioEndpoint$SocketProcessor.doRun(NioEndpoint.java:1741) ~[tomcat-embed-core-10.1.34.jar:10.1.34]
	at org.apache.tomcat.util.net.SocketProcessorBase.run(SocketProcessorBase.java:52) ~[tomcat-embed-core-10.1.34.jar:10.1.34]
	at org.apache.tomcat.util.threads.ThreadPoolExecutor.runWorker(ThreadPoolExecutor.java:1190) ~[tomcat-embed-core-10.1.34.jar:10.1.34]
	at org.apache.tomcat.util.threads.ThreadPoolExecutor$Worker.run(ThreadPoolExecutor.java:659) ~[tomcat-embed-core-10.1.34.jar:10.1.34]
	at org.apache.tomcat.util.threads.TaskThread$WrappingRunnable.run(TaskThread.java:63) ~[tomcat-embed-core-10.1.34.jar:10.1.34]
	at java.base/java.lang.Thread.run(Thread.java:1474) ~[na:na]

2026-04-14T15:43:29.853+01:00 ERROR 10697 --- [backend] [nio-8080-exec-5] o.a.c.c.C.[.[.[/].[dispatcherServlet]    : Servlet.service() for servlet [dispatcherServlet] threw exception

org.springframework.security.authorization.AuthorizationDeniedException: Access Denied
	at org.springframework.security.web.access.intercept.AuthorizationFilter.doFilter(AuthorizationFilter.java:99) ~[spring-security-web-6.4.2.jar:6.4.2]
	at org.springframework.security.web.ObservationFilterChainDecorator$ObservationFilter.wrapFilter(ObservationFilterChainDecorator.java:240) ~[spring-security-web-6.4.2.jar:6.4.2]
	at org.springframework.security.web.ObservationFilterChainDecorator$ObservationFilter.doFilter(ObservationFilterChainDecorator.java:227) ~[spring-security-web-6.4.2.jar:6.4.2]
	at org.springframework.security.web.ObservationFilterChainDecorator$VirtualFilterChain.doFilter(ObservationFilterChainDecorator.java:137) ~[spring-security-web-6.4.2.jar:6.4.2]
	at org.springframework.security.web.access.ExceptionTranslationFilter.doFilter(ExceptionTranslationFilter.java:126) ~[spring-security-web-6.4.2.jar:6.4.2]
	at org.springframework.security.web.access.ExceptionTranslationFilter.doFilter(ExceptionTranslationFilter.java:120) ~[spring-security-web-6.4.2.jar:6.4.2]
	at org.springframework.security.web.ObservationFilterChainDecorator$ObservationFilter.wrapFilter(ObservationFilterChainDecorator.java:240) ~[spring-security-web-6.4.2.jar:6.4.2]
	at org.springframework.security.web.ObservationFilterChainDecorator$ObservationFilter.doFilter(ObservationFilterChainDecorator.java:227) ~[spring-security-web-6.4.2.jar:6.4.2]
	at org.springframework.security.web.ObservationFilterChainDecorator$VirtualFilterChain.doFilter(ObservationFilterChainDecorator.java:137) ~[spring-security-web-6.4.2.jar:6.4.2]
	at org.springframework.security.web.session.SessionManagementFilter.doFilter(SessionManagementFilter.java:91) ~[spring-security-web-6.4.2.jar:6.4.2]
	at org.springframework.security.web.session.SessionManagementFilter.doFilter(SessionManagementFilter.java:85) ~[spring-security-web-6.4.2.jar:6.4.2]
	at org.springframework.security.web.ObservationFilterChainDecorator$ObservationFilter.wrapFilter(ObservationFilterChainDecorator.java:240) ~[spring-security-web-6.4.2.jar:6.4.2]
	at org.springframework.security.web.ObservationFilterChainDecorator$ObservationFilter.doFilter(ObservationFilterChainDecorator.java:227) ~[spring-security-web-6.4.2.jar:6.4.2]
	at org.springframework.security.web.ObservationFilterChainDecorator$VirtualFilterChain.doFilter(ObservationFilterChainDecorator.java:137) ~[spring-security-web-6.4.2.jar:6.4.2]
	at org.springframework.security.web.authentication.AnonymousAuthenticationFilter.doFilter(AnonymousAuthenticationFilter.java:100) ~[spring-security-web-6.4.2.jar:6.4.2]
	at org.springframework.security.web.ObservationFilterChainDecorator$ObservationFilter.wrapFilter(ObservationFilterChainDecorator.java:240) ~[spring-security-web-6.4.2.jar:6.4.2]
	at org.springframework.security.web.ObservationFilterChainDecorator$ObservationFilter.doFilter(ObservationFilterChainDecorator.java:227) ~[spring-security-web-6.4.2.jar:6.4.2]
	at org.springframework.security.web.ObservationFilterChainDecorator$VirtualFilterChain.doFilter(ObservationFilterChainDecorator.java:137) ~[spring-security-web-6.4.2.jar:6.4.2]
	at org.springframework.security.web.servletapi.SecurityContextHolderAwareRequestFilter.doFilter(SecurityContextHolderAwareRequestFilter.java:179) ~[spring-security-web-6.4.2.jar:6.4.2]
	at org.springframework.security.web.ObservationFilterChainDecorator$ObservationFilter.wrapFilter(ObservationFilterChainDecorator.java:240) ~[spring-security-web-6.4.2.jar:6.4.2]
	at org.springframework.security.web.ObservationFilterChainDecorator$ObservationFilter.doFilter(ObservationFilterChainDecorator.java:227) ~[spring-security-web-6.4.2.jar:6.4.2]
	at org.springframework.security.web.ObservationFilterChainDecorator$VirtualFilterChain.doFilter(ObservationFilterChainDecorator.java:137) ~[spring-security-web-6.4.2.jar:6.4.2]
	at org.springframework.security.web.savedrequest.RequestCacheAwareFilter.doFilter(RequestCacheAwareFilter.java:63) ~[spring-security-web-6.4.2.jar:6.4.2]
	at org.springframework.security.web.ObservationFilterChainDecorator$ObservationFilter.wrapFilter(ObservationFilterChainDecorator.java:240) ~[spring-security-web-6.4.2.jar:6.4.2]
	at org.springframework.security.web.ObservationFilterChainDecorator$ObservationFilter.doFilter(ObservationFilterChainDecorator.java:227) ~[spring-security-web-6.4.2.jar:6.4.2]
	at org.springframework.security.web.ObservationFilterChainDecorator$VirtualFilterChain.doFilter(ObservationFilterChainDecorator.java:137) ~[spring-security-web-6.4.2.jar:6.4.2]
	at org.springframework.web.filter.OncePerRequestFilter.doFilter(OncePerRequestFilter.java:101) ~[spring-web-6.2.1.jar:6.2.1]
	at org.springframework.security.web.ObservationFilterChainDecorator$ObservationFilter.wrapFilter(ObservationFilterChainDecorator.java:240) ~[spring-security-web-6.4.2.jar:6.4.2]
	at org.springframework.security.web.ObservationFilterChainDecorator$ObservationFilter.doFilter(ObservationFilterChainDecorator.java:227) ~[spring-security-web-6.4.2.jar:6.4.2]
	at org.springframework.security.web.ObservationFilterChainDecorator$VirtualFilterChain.doFilter(ObservationFilterChainDecorator.java:137) ~[spring-security-web-6.4.2.jar:6.4.2]
	at org.springframework.security.web.authentication.logout.LogoutFilter.doFilter(LogoutFilter.java:107) ~[spring-security-web-6.4.2.jar:6.4.2]
	at org.springframework.security.web.authentication.logout.LogoutFilter.doFilter(LogoutFilter.java:93) ~[spring-security-web-6.4.2.jar:6.4.2]
	at org.springframework.security.web.ObservationFilterChainDecorator$ObservationFilter.wrapFilter(ObservationFilterChainDecorator.java:240) ~[spring-security-web-6.4.2.jar:6.4.2]
	at org.springframework.security.web.ObservationFilterChainDecorator$ObservationFilter.doFilter(ObservationFilterChainDecorator.java:227) ~[spring-security-web-6.4.2.jar:6.4.2]
	at org.springframework.security.web.ObservationFilterChainDecorator$VirtualFilterChain.doFilter(ObservationFilterChainDecorator.java:137) ~[spring-security-web-6.4.2.jar:6.4.2]
	at org.springframework.web.filter.OncePerRequestFilter.doFilter(OncePerRequestFilter.java:101) ~[spring-web-6.2.1.jar:6.2.1]
	at org.springframework.security.web.ObservationFilterChainDecorator$ObservationFilter.wrapFilter(ObservationFilterChainDecorator.java:240) ~[spring-security-web-6.4.2.jar:6.4.2]
	at org.springframework.security.web.ObservationFilterChainDecorator$ObservationFilter.doFilter(ObservationFilterChainDecorator.java:227) ~[spring-security-web-6.4.2.jar:6.4.2]
	at org.springframework.security.web.ObservationFilterChainDecorator$VirtualFilterChain.doFilter(ObservationFilterChainDecorator.java:137) ~[spring-security-web-6.4.2.jar:6.4.2]
	at org.springframework.web.filter.OncePerRequestFilter.doFilter(OncePerRequestFilter.java:101) ~[spring-web-6.2.1.jar:6.2.1]
	at org.springframework.security.web.ObservationFilterChainDecorator$ObservationFilter.wrapFilter(ObservationFilterChainDecorator.java:240) ~[spring-security-web-6.4.2.jar:6.4.2]
	at org.springframework.security.web.ObservationFilterChainDecorator$ObservationFilter.doFilter(ObservationFilterChainDecorator.java:227) ~[spring-security-web-6.4.2.jar:6.4.2]
	at org.springframework.security.web.ObservationFilterChainDecorator$VirtualFilterChain.doFilter(ObservationFilterChainDecorator.java:137) ~[spring-security-web-6.4.2.jar:6.4.2]
	at org.springframework.security.web.context.SecurityContextHolderFilter.doFilter(SecurityContextHolderFilter.java:82) ~[spring-security-web-6.4.2.jar:6.4.2]
	at org.springframework.security.web.context.SecurityContextHolderFilter.doFilter(SecurityContextHolderFilter.java:69) ~[spring-security-web-6.4.2.jar:6.4.2]
	at org.springframework.security.web.ObservationFilterChainDecorator$ObservationFilter.wrapFilter(ObservationFilterChainDecorator.java:240) ~[spring-security-web-6.4.2.jar:6.4.2]
	at org.springframework.security.web.ObservationFilterChainDecorator$ObservationFilter.doFilter(ObservationFilterChainDecorator.java:227) ~[spring-security-web-6.4.2.jar:6.4.2]
	at org.springframework.security.web.ObservationFilterChainDecorator$VirtualFilterChain.doFilter(ObservationFilterChainDecorator.java:137) ~[spring-security-web-6.4.2.jar:6.4.2]
	at org.springframework.web.filter.OncePerRequestFilter.doFilter(OncePerRequestFilter.java:101) ~[spring-web-6.2.1.jar:6.2.1]
	at org.springframework.security.web.ObservationFilterChainDecorator$ObservationFilter.wrapFilter(ObservationFilterChainDecorator.java:240) ~[spring-security-web-6.4.2.jar:6.4.2]
	at org.springframework.security.web.ObservationFilterChainDecorator$ObservationFilter.doFilter(ObservationFilterChainDecorator.java:227) ~[spring-security-web-6.4.2.jar:6.4.2]
	at org.springframework.security.web.ObservationFilterChainDecorator$VirtualFilterChain.doFilter(ObservationFilterChainDecorator.java:137) ~[spring-security-web-6.4.2.jar:6.4.2]
	at org.springframework.web.filter.OncePerRequestFilter.doFilter(OncePerRequestFilter.java:101) ~[spring-web-6.2.1.jar:6.2.1]
	at org.springframework.security.web.ObservationFilterChainDecorator$ObservationFilter.wrapFilter(ObservationFilterChainDecorator.java:240) ~[spring-security-web-6.4.2.jar:6.4.2]
	at org.springframework.security.web.ObservationFilterChainDecorator$AroundFilterObservation$SimpleAroundFilterObservation.lambda$wrap$0(ObservationFilterChainDecorator.java:323) ~[spring-security-web-6.4.2.jar:6.4.2]
	at org.springframework.security.web.ObservationFilterChainDecorator$ObservationFilter.doFilter(ObservationFilterChainDecorator.java:224) ~[spring-security-web-6.4.2.jar:6.4.2]
	at org.springframework.security.web.ObservationFilterChainDecorator$VirtualFilterChain.doFilter(ObservationFilterChainDecorator.java:137) ~[spring-security-web-6.4.2.jar:6.4.2]
	at org.springframework.security.web.FilterChainProxy.doFilterInternal(FilterChainProxy.java:233) ~[spring-security-web-6.4.2.jar:6.4.2]
	at org.springframework.security.web.FilterChainProxy.doFilter(FilterChainProxy.java:191) ~[spring-security-web-6.4.2.jar:6.4.2]
	at org.springframework.web.filter.CompositeFilter$VirtualFilterChain.doFilter(CompositeFilter.java:113) ~[spring-web-6.2.1.jar:6.2.1]
	at org.springframework.web.servlet.handler.HandlerMappingIntrospector.lambda$createCacheFilter$3(HandlerMappingIntrospector.java:243) ~[spring-webmvc-6.2.1.jar:6.2.1]
	at org.springframework.web.filter.CompositeFilter$VirtualFilterChain.doFilter(CompositeFilter.java:113) ~[spring-web-6.2.1.jar:6.2.1]
	at org.springframework.web.filter.CompositeFilter.doFilter(CompositeFilter.java:74) ~[spring-web-6.2.1.jar:6.2.1]
	at org.springframework.security.config.annotation.web.configuration.WebMvcSecurityConfiguration$CompositeFilterChainProxy.doFilter(WebMvcSecurityConfiguration.java:238) ~[spring-security-config-6.4.2.jar:6.4.2]
	at org.springframework.web.filter.DelegatingFilterProxy.invokeDelegate(DelegatingFilterProxy.java:362) ~[spring-web-6.2.1.jar:6.2.1]
	at org.springframework.web.filter.DelegatingFilterProxy.doFilter(DelegatingFilterProxy.java:278) ~[spring-web-6.2.1.jar:6.2.1]
	at org.apache.catalina.core.ApplicationFilterChain.internalDoFilter(ApplicationFilterChain.java:164) ~[tomcat-embed-core-10.1.34.jar:10.1.34]
	at org.apache.catalina.core.ApplicationFilterChain.doFilter(ApplicationFilterChain.java:140) ~[tomcat-embed-core-10.1.34.jar:10.1.34]
	at org.springframework.web.filter.RequestContextFilter.doFilterInternal(RequestContextFilter.java:100) ~[spring-web-6.2.1.jar:6.2.1]
	at org.springframework.web.filter.OncePerRequestFilter.doFilter(OncePerRequestFilter.java:116) ~[spring-web-6.2.1.jar:6.2.1]
	at org.apache.catalina.core.ApplicationFilterChain.internalDoFilter(ApplicationFilterChain.java:164) ~[tomcat-embed-core-10.1.34.jar:10.1.34]
	at org.apache.catalina.core.ApplicationFilterChain.doFilter(ApplicationFilterChain.java:140) ~[tomcat-embed-core-10.1.34.jar:10.1.34]
	at org.springframework.web.filter.OncePerRequestFilter.doFilter(OncePerRequestFilter.java:101) ~[spring-web-6.2.1.jar:6.2.1]
	at org.apache.catalina.core.ApplicationFilterChain.internalDoFilter(ApplicationFilterChain.java:164) ~[tomcat-embed-core-10.1.34.jar:10.1.34]
	at org.apache.catalina.core.ApplicationFilterChain.doFilter(ApplicationFilterChain.java:140) ~[tomcat-embed-core-10.1.34.jar:10.1.34]
	at org.springframework.web.filter.OncePerRequestFilter.doFilter(OncePerRequestFilter.java:101) ~[spring-web-6.2.1.jar:6.2.1]
	at org.apache.catalina.core.ApplicationFilterChain.internalDoFilter(ApplicationFilterChain.java:164) ~[tomcat-embed-core-10.1.34.jar:10.1.34]
	at org.apache.catalina.core.ApplicationFilterChain.doFilter(ApplicationFilterChain.java:140) ~[tomcat-embed-core-10.1.34.jar:10.1.34]
	at org.apache.catalina.core.ApplicationDispatcher.invoke(ApplicationDispatcher.java:633) ~[tomcat-embed-core-10.1.34.jar:10.1.34]
	at org.apache.catalina.core.ApplicationDispatcher.doInclude(ApplicationDispatcher.java:511) ~[tomcat-embed-core-10.1.34.jar:10.1.34]
	at org.apache.catalina.core.ApplicationDispatcher.include(ApplicationDispatcher.java:454) ~[tomcat-embed-core-10.1.34.jar:10.1.34]
	at org.apache.catalina.core.StandardHostValve.custom(StandardHostValve.java:361) ~[tomcat-embed-core-10.1.34.jar:10.1.34]
	at org.apache.catalina.core.StandardHostValve.status(StandardHostValve.java:208) ~[tomcat-embed-core-10.1.34.jar:10.1.34]
	at org.apache.catalina.core.StandardHostValve.throwable(StandardHostValve.java:285) ~[tomcat-embed-core-10.1.34.jar:10.1.34]
	at org.apache.catalina.core.StandardHostValve.invoke(StandardHostValve.java:149) ~[tomcat-embed-core-10.1.34.jar:10.1.34]
	at org.apache.catalina.valves.ErrorReportValve.invoke(ErrorReportValve.java:93) ~[tomcat-embed-core-10.1.34.jar:10.1.34]
	at org.apache.catalina.core.StandardEngineValve.invoke(StandardEngineValve.java:74) ~[tomcat-embed-core-10.1.34.jar:10.1.34]
	at org.apache.catalina.connector.CoyoteAdapter.asyncDispatch(CoyoteAdapter.java:239) ~[tomcat-embed-core-10.1.34.jar:10.1.34]
	at org.apache.coyote.AbstractProcessor.dispatch(AbstractProcessor.java:243) ~[tomcat-embed-core-10.1.34.jar:10.1.34]
	at org.apache.coyote.AbstractProcessorLight.process(AbstractProcessorLight.java:57) ~[tomcat-embed-core-10.1.34.jar:10.1.34]
	at org.apache.coyote.AbstractProtocol$ConnectionHandler.process(AbstractProtocol.java:905) ~[tomcat-embed-core-10.1.34.jar:10.1.34]
	at org.apache.tomcat.util.net.NioEndpoint$SocketProcessor.doRun(NioEndpoint.java:1741) ~[tomcat-embed-core-10.1.34.jar:10.1.34]
	at org.apache.tomcat.util.net.SocketProcessorBase.run(SocketProcessorBase.java:52) ~[tomcat-embed-core-10.1.34.jar:10.1.34]
	at org.apache.tomcat.util.threads.ThreadPoolExecutor.runWorker(ThreadPoolExecutor.java:1190) ~[tomcat-embed-core-10.1.34.jar:10.1.34]
	at org.apache.tomcat.util.threads.ThreadPoolExecutor$Worker.run(ThreadPoolExecutor.java:659) ~[tomcat-embed-core-10.1.34.jar:10.1.34]
	at org.apache.tomcat.util.threads.TaskThread$WrappingRunnable.run(TaskThread.java:63) ~[tomcat-embed-core-10.1.34.jar:10.1.34]
	at java.base/java.lang.Thread.run(Thread.java:1474) ~[na:na]

2026-04-14T15:43:29.856+01:00 ERROR 10697 --- [backend] [nio-8080-exec-5] o.a.c.c.C.[Tomcat].[localhost]           : Exception Processing [ErrorPage[errorCode=0, location=/error]]

jakarta.servlet.ServletException: Unable to handle the Spring Security Exception because the response is already committed.
	at org.springframework.security.web.access.ExceptionTranslationFilter.doFilter(ExceptionTranslationFilter.java:144) ~[spring-security-web-6.4.2.jar:6.4.2]
	at org.springframework.security.web.access.ExceptionTranslationFilter.doFilter(ExceptionTranslationFilter.java:120) ~[spring-security-web-6.4.2.jar:6.4.2]
	at org.springframework.security.web.ObservationFilterChainDecorator$ObservationFilter.wrapFilter(ObservationFilterChainDecorator.java:240) ~[spring-security-web-6.4.2.jar:6.4.2]
	at org.springframework.security.web.ObservationFilterChainDecorator$ObservationFilter.doFilter(ObservationFilterChainDecorator.java:227) ~[spring-security-web-6.4.2.jar:6.4.2]
	at org.springframework.security.web.ObservationFilterChainDecorator$VirtualFilterChain.doFilter(ObservationFilterChainDecorator.java:137) ~[spring-security-web-6.4.2.jar:6.4.2]
	at org.springframework.security.web.session.SessionManagementFilter.doFilter(SessionManagementFilter.java:91) ~[spring-security-web-6.4.2.jar:6.4.2]
	at org.springframework.security.web.session.SessionManagementFilter.doFilter(SessionManagementFilter.java:85) ~[spring-security-web-6.4.2.jar:6.4.2]
	at org.springframework.security.web.ObservationFilterChainDecorator$ObservationFilter.wrapFilter(ObservationFilterChainDecorator.java:240) ~[spring-security-web-6.4.2.jar:6.4.2]
	at org.springframework.security.web.ObservationFilterChainDecorator$ObservationFilter.doFilter(ObservationFilterChainDecorator.java:227) ~[spring-security-web-6.4.2.jar:6.4.2]
	at org.springframework.security.web.ObservationFilterChainDecorator$VirtualFilterChain.doFilter(ObservationFilterChainDecorator.java:137) ~[spring-security-web-6.4.2.jar:6.4.2]
	at org.springframework.security.web.authentication.AnonymousAuthenticationFilter.doFilter(AnonymousAuthenticationFilter.java:100) ~[spring-security-web-6.4.2.jar:6.4.2]
	at org.springframework.security.web.ObservationFilterChainDecorator$ObservationFilter.wrapFilter(ObservationFilterChainDecorator.java:240) ~[spring-security-web-6.4.2.jar:6.4.2]
	at org.springframework.security.web.ObservationFilterChainDecorator$ObservationFilter.doFilter(ObservationFilterChainDecorator.java:227) ~[spring-security-web-6.4.2.jar:6.4.2]
	at org.springframework.security.web.ObservationFilterChainDecorator$VirtualFilterChain.doFilter(ObservationFilterChainDecorator.java:137) ~[spring-security-web-6.4.2.jar:6.4.2]
	at org.springframework.security.web.servletapi.SecurityContextHolderAwareRequestFilter.doFilter(SecurityContextHolderAwareRequestFilter.java:179) ~[spring-security-web-6.4.2.jar:6.4.2]
	at org.springframework.security.web.ObservationFilterChainDecorator$ObservationFilter.wrapFilter(ObservationFilterChainDecorator.java:240) ~[spring-security-web-6.4.2.jar:6.4.2]
	at org.springframework.security.web.ObservationFilterChainDecorator$ObservationFilter.doFilter(ObservationFilterChainDecorator.java:227) ~[spring-security-web-6.4.2.jar:6.4.2]
	at org.springframework.security.web.ObservationFilterChainDecorator$VirtualFilterChain.doFilter(ObservationFilterChainDecorator.java:137) ~[spring-security-web-6.4.2.jar:6.4.2]
	at org.springframework.security.web.savedrequest.RequestCacheAwareFilter.doFilter(RequestCacheAwareFilter.java:63) ~[spring-security-web-6.4.2.jar:6.4.2]
	at org.springframework.security.web.ObservationFilterChainDecorator$ObservationFilter.wrapFilter(ObservationFilterChainDecorator.java:240) ~[spring-security-web-6.4.2.jar:6.4.2]
	at org.springframework.security.web.ObservationFilterChainDecorator$ObservationFilter.doFilter(ObservationFilterChainDecorator.java:227) ~[spring-security-web-6.4.2.jar:6.4.2]
	at org.springframework.security.web.ObservationFilterChainDecorator$VirtualFilterChain.doFilter(ObservationFilterChainDecorator.java:137) ~[spring-security-web-6.4.2.jar:6.4.2]
	at org.springframework.web.filter.OncePerRequestFilter.doFilter(OncePerRequestFilter.java:101) ~[spring-web-6.2.1.jar:6.2.1]
	at org.springframework.security.web.ObservationFilterChainDecorator$ObservationFilter.wrapFilter(ObservationFilterChainDecorator.java:240) ~[spring-security-web-6.4.2.jar:6.4.2]
	at org.springframework.security.web.ObservationFilterChainDecorator$ObservationFilter.doFilter(ObservationFilterChainDecorator.java:227) ~[spring-security-web-6.4.2.jar:6.4.2]
	at org.springframework.security.web.ObservationFilterChainDecorator$VirtualFilterChain.doFilter(ObservationFilterChainDecorator.java:137) ~[spring-security-web-6.4.2.jar:6.4.2]
	at org.springframework.security.web.authentication.logout.LogoutFilter.doFilter(LogoutFilter.java:107) ~[spring-security-web-6.4.2.jar:6.4.2]
	at org.springframework.security.web.authentication.logout.LogoutFilter.doFilter(LogoutFilter.java:93) ~[spring-security-web-6.4.2.jar:6.4.2]
	at org.springframework.security.web.ObservationFilterChainDecorator$ObservationFilter.wrapFilter(ObservationFilterChainDecorator.java:240) ~[spring-security-web-6.4.2.jar:6.4.2]
	at org.springframework.security.web.ObservationFilterChainDecorator$ObservationFilter.doFilter(ObservationFilterChainDecorator.java:227) ~[spring-security-web-6.4.2.jar:6.4.2]
	at org.springframework.security.web.ObservationFilterChainDecorator$VirtualFilterChain.doFilter(ObservationFilterChainDecorator.java:137) ~[spring-security-web-6.4.2.jar:6.4.2]
	at org.springframework.web.filter.OncePerRequestFilter.doFilter(OncePerRequestFilter.java:101) ~[spring-web-6.2.1.jar:6.2.1]
	at org.springframework.security.web.ObservationFilterChainDecorator$ObservationFilter.wrapFilter(ObservationFilterChainDecorator.java:240) ~[spring-security-web-6.4.2.jar:6.4.2]
	at org.springframework.security.web.ObservationFilterChainDecorator$ObservationFilter.doFilter(ObservationFilterChainDecorator.java:227) ~[spring-security-web-6.4.2.jar:6.4.2]
	at org.springframework.security.web.ObservationFilterChainDecorator$VirtualFilterChain.doFilter(ObservationFilterChainDecorator.java:137) ~[spring-security-web-6.4.2.jar:6.4.2]
	at org.springframework.web.filter.OncePerRequestFilter.doFilter(OncePerRequestFilter.java:101) ~[spring-web-6.2.1.jar:6.2.1]
	at org.springframework.security.web.ObservationFilterChainDecorator$ObservationFilter.wrapFilter(ObservationFilterChainDecorator.java:240) ~[spring-security-web-6.4.2.jar:6.4.2]
	at org.springframework.security.web.ObservationFilterChainDecorator$ObservationFilter.doFilter(ObservationFilterChainDecorator.java:227) ~[spring-security-web-6.4.2.jar:6.4.2]
	at org.springframework.security.web.ObservationFilterChainDecorator$VirtualFilterChain.doFilter(ObservationFilterChainDecorator.java:137) ~[spring-security-web-6.4.2.jar:6.4.2]
	at org.springframework.security.web.context.SecurityContextHolderFilter.doFilter(SecurityContextHolderFilter.java:82) ~[spring-security-web-6.4.2.jar:6.4.2]
	at org.springframework.security.web.context.SecurityContextHolderFilter.doFilter(SecurityContextHolderFilter.java:69) ~[spring-security-web-6.4.2.jar:6.4.2]
	at org.springframework.security.web.ObservationFilterChainDecorator$ObservationFilter.wrapFilter(ObservationFilterChainDecorator.java:240) ~[spring-security-web-6.4.2.jar:6.4.2]
	at org.springframework.security.web.ObservationFilterChainDecorator$ObservationFilter.doFilter(ObservationFilterChainDecorator.java:227) ~[spring-security-web-6.4.2.jar:6.4.2]
	at org.springframework.security.web.ObservationFilterChainDecorator$VirtualFilterChain.doFilter(ObservationFilterChainDecorator.java:137) ~[spring-security-web-6.4.2.jar:6.4.2]
	at org.springframework.web.filter.OncePerRequestFilter.doFilter(OncePerRequestFilter.java:101) ~[spring-web-6.2.1.jar:6.2.1]
	at org.springframework.security.web.ObservationFilterChainDecorator$ObservationFilter.wrapFilter(ObservationFilterChainDecorator.java:240) ~[spring-security-web-6.4.2.jar:6.4.2]
	at org.springframework.security.web.ObservationFilterChainDecorator$ObservationFilter.doFilter(ObservationFilterChainDecorator.java:227) ~[spring-security-web-6.4.2.jar:6.4.2]
	at org.springframework.security.web.ObservationFilterChainDecorator$VirtualFilterChain.doFilter(ObservationFilterChainDecorator.java:137) ~[spring-security-web-6.4.2.jar:6.4.2]
	at org.springframework.web.filter.OncePerRequestFilter.doFilter(OncePerRequestFilter.java:101) ~[spring-web-6.2.1.jar:6.2.1]
	at org.springframework.security.web.ObservationFilterChainDecorator$ObservationFilter.wrapFilter(ObservationFilterChainDecorator.java:240) ~[spring-security-web-6.4.2.jar:6.4.2]
	at org.springframework.security.web.ObservationFilterChainDecorator$AroundFilterObservation$SimpleAroundFilterObservation.lambda$wrap$0(ObservationFilterChainDecorator.java:323) ~[spring-security-web-6.4.2.jar:6.4.2]
	at org.springframework.security.web.ObservationFilterChainDecorator$ObservationFilter.doFilter(ObservationFilterChainDecorator.java:224) ~[spring-security-web-6.4.2.jar:6.4.2]
	at org.springframework.security.web.ObservationFilterChainDecorator$VirtualFilterChain.doFilter(ObservationFilterChainDecorator.java:137) ~[spring-security-web-6.4.2.jar:6.4.2]
	at org.springframework.security.web.FilterChainProxy.doFilterInternal(FilterChainProxy.java:233) ~[spring-security-web-6.4.2.jar:6.4.2]
	at org.springframework.security.web.FilterChainProxy.doFilter(FilterChainProxy.java:191) ~[spring-security-web-6.4.2.jar:6.4.2]
	at org.springframework.web.filter.CompositeFilter$VirtualFilterChain.doFilter(CompositeFilter.java:113) ~[spring-web-6.2.1.jar:6.2.1]
	at org.springframework.web.servlet.handler.HandlerMappingIntrospector.lambda$createCacheFilter$3(HandlerMappingIntrospector.java:243) ~[spring-webmvc-6.2.1.jar:6.2.1]
	at org.springframework.web.filter.CompositeFilter$VirtualFilterChain.doFilter(CompositeFilter.java:113) ~[spring-web-6.2.1.jar:6.2.1]
	at org.springframework.web.filter.CompositeFilter.doFilter(CompositeFilter.java:74) ~[spring-web-6.2.1.jar:6.2.1]
	at org.springframework.security.config.annotation.web.configuration.WebMvcSecurityConfiguration$CompositeFilterChainProxy.doFilter(WebMvcSecurityConfiguration.java:238) ~[spring-security-config-6.4.2.jar:6.4.2]
	at org.springframework.web.filter.DelegatingFilterProxy.invokeDelegate(DelegatingFilterProxy.java:362) ~[spring-web-6.2.1.jar:6.2.1]
	at org.springframework.web.filter.DelegatingFilterProxy.doFilter(DelegatingFilterProxy.java:278) ~[spring-web-6.2.1.jar:6.2.1]
	at org.apache.catalina.core.ApplicationFilterChain.internalDoFilter(ApplicationFilterChain.java:164) ~[tomcat-embed-core-10.1.34.jar:10.1.34]
	at org.apache.catalina.core.ApplicationFilterChain.doFilter(ApplicationFilterChain.java:140) ~[tomcat-embed-core-10.1.34.jar:10.1.34]
	at org.springframework.web.filter.RequestContextFilter.doFilterInternal(RequestContextFilter.java:100) ~[spring-web-6.2.1.jar:6.2.1]
	at org.springframework.web.filter.OncePerRequestFilter.doFilter(OncePerRequestFilter.java:116) ~[spring-web-6.2.1.jar:6.2.1]
	at org.apache.catalina.core.ApplicationFilterChain.internalDoFilter(ApplicationFilterChain.java:164) ~[tomcat-embed-core-10.1.34.jar:10.1.34]
	at org.apache.catalina.core.ApplicationFilterChain.doFilter(ApplicationFilterChain.java:140) ~[tomcat-embed-core-10.1.34.jar:10.1.34]
	at org.springframework.web.filter.OncePerRequestFilter.doFilter(OncePerRequestFilter.java:101) ~[spring-web-6.2.1.jar:6.2.1]
	at org.apache.catalina.core.ApplicationFilterChain.internalDoFilter(ApplicationFilterChain.java:164) ~[tomcat-embed-core-10.1.34.jar:10.1.34]
	at org.apache.catalina.core.ApplicationFilterChain.doFilter(ApplicationFilterChain.java:140) ~[tomcat-embed-core-10.1.34.jar:10.1.34]
	at org.springframework.web.filter.OncePerRequestFilter.doFilter(OncePerRequestFilter.java:101) ~[spring-web-6.2.1.jar:6.2.1]
	at org.apache.catalina.core.ApplicationFilterChain.internalDoFilter(ApplicationFilterChain.java:164) ~[tomcat-embed-core-10.1.34.jar:10.1.34]
	at org.apache.catalina.core.ApplicationFilterChain.doFilter(ApplicationFilterChain.java:140) ~[tomcat-embed-core-10.1.34.jar:10.1.34]
	at org.apache.catalina.core.ApplicationDispatcher.invoke(ApplicationDispatcher.java:633) ~[tomcat-embed-core-10.1.34.jar:10.1.34]
	at org.apache.catalina.core.ApplicationDispatcher.doInclude(ApplicationDispatcher.java:511) ~[tomcat-embed-core-10.1.34.jar:10.1.34]
	at org.apache.catalina.core.ApplicationDispatcher.include(ApplicationDispatcher.java:454) ~[tomcat-embed-core-10.1.34.jar:10.1.34]
	at org.apache.catalina.core.StandardHostValve.custom(StandardHostValve.java:361) ~[tomcat-embed-core-10.1.34.jar:10.1.34]
	at org.apache.catalina.core.StandardHostValve.status(StandardHostValve.java:208) ~[tomcat-embed-core-10.1.34.jar:10.1.34]
	at org.apache.catalina.core.StandardHostValve.throwable(StandardHostValve.java:285) ~[tomcat-embed-core-10.1.34.jar:10.1.34]
	at org.apache.catalina.core.StandardHostValve.invoke(StandardHostValve.java:149) ~[tomcat-embed-core-10.1.34.jar:10.1.34]
	at org.apache.catalina.valves.ErrorReportValve.invoke(ErrorReportValve.java:93) ~[tomcat-embed-core-10.1.34.jar:10.1.34]
	at org.apache.catalina.core.StandardEngineValve.invoke(StandardEngineValve.java:74) ~[tomcat-embed-core-10.1.34.jar:10.1.34]
	at org.apache.catalina.connector.CoyoteAdapter.asyncDispatch(CoyoteAdapter.java:239) ~[tomcat-embed-core-10.1.34.jar:10.1.34]
	at org.apache.coyote.AbstractProcessor.dispatch(AbstractProcessor.java:243) ~[tomcat-embed-core-10.1.34.jar:10.1.34]
	at org.apache.coyote.AbstractProcessorLight.process(AbstractProcessorLight.java:57) ~[tomcat-embed-core-10.1.34.jar:10.1.34]
	at org.apache.coyote.AbstractProtocol$ConnectionHandler.process(AbstractProtocol.java:905) ~[tomcat-embed-core-10.1.34.jar:10.1.34]
	at org.apache.tomcat.util.net.NioEndpoint$SocketProcessor.doRun(NioEndpoint.java:1741) ~[tomcat-embed-core-10.1.34.jar:10.1.34]
	at org.apache.tomcat.util.net.SocketProcessorBase.run(SocketProcessorBase.java:52) ~[tomcat-embed-core-10.1.34.jar:10.1.34]
	at org.apache.tomcat.util.threads.ThreadPoolExecutor.runWorker(ThreadPoolExecutor.java:1190) ~[tomcat-embed-core-10.1.34.jar:10.1.34]
	at org.apache.tomcat.util.threads.ThreadPoolExecutor$Worker.run(ThreadPoolExecutor.java:659) ~[tomcat-embed-core-10.1.34.jar:10.1.34]
	at org.apache.tomcat.util.threads.TaskThread$WrappingRunnable.run(TaskThread.java:63) ~[tomcat-embed-core-10.1.34.jar:10.1.34]
	at java.base/java.lang.Thread.run(Thread.java:1474) ~[na:na]
Caused by: org.springframework.security.authorization.AuthorizationDeniedException: Access Denied
	at org.springframework.security.web.access.intercept.AuthorizationFilter.doFilter(AuthorizationFilter.java:99) ~[spring-security-web-6.4.2.jar:6.4.2]
	at org.springframework.security.web.ObservationFilterChainDecorator$ObservationFilter.wrapFilter(ObservationFilterChainDecorator.java:240) ~[spring-security-web-6.4.2.jar:6.4.2]
	at org.springframework.security.web.ObservationFilterChainDecorator$ObservationFilter.doFilter(ObservationFilterChainDecorator.java:227) ~[spring-security-web-6.4.2.jar:6.4.2]
	at org.springframework.security.web.ObservationFilterChainDecorator$VirtualFilterChain.doFilter(ObservationFilterChainDecorator.java:137) ~[spring-security-web-6.4.2.jar:6.4.2]
	at org.springframework.security.web.access.ExceptionTranslationFilter.doFilter(ExceptionTranslationFilter.java:126) ~[spring-security-web-6.4.2.jar:6.4.2]
	... 92 common frames omitted

2026-04-14T15:43:29.859+01:00  INFO 10697 --- [backend] [nio-8080-exec-5] c.m.b.n.sse.SseEmitterRegistry           : SSE connexion terminée pour userId=18
Hibernate: 
    select
        u1_0.id,
        u1_0.bio,
        u1_0.created_at,
        u1_0.is_deleted,
        u1_0.email,
        u1_0.first_name,
        u1_0.last_name,
        u1_0.password,
        u1_0.phone_number,
        u1_0.photo_url,
        u1_0.role,
        u1_0.status,
        u1_0.updated_at,
        u1_0.user_code 
    from
        users u1_0 
    where
        u1_0.email=? 
        and not(u1_0.is_deleted)
Hibernate: 
    select
        u1_0.id,
        u1_0.bio,
        u1_0.created_at,
        u1_0.is_deleted,
        u1_0.email,
        u1_0.first_name,
        u1_0.last_name,
        u1_0.password,
        u1_0.phone_number,
        u1_0.photo_url,
        u1_0.role,
        u1_0.status,
        u1_0.updated_at,
        u1_0.user_code 
    from
        users u1_0 
    where
        u1_0.email=? 
        and not(u1_0.is_deleted)
Hibernate: 
    select
        u1_0.id,
        u1_0.bio,
        u1_0.created_at,
        u1_0.is_deleted,
        u1_0.email,
        u1_0.first_name,
        u1_0.last_name,
        u1_0.password,
        u1_0.phone_number,
        u1_0.photo_url,
        u1_0.role,
        u1_0.status,
        u1_0.updated_at,
        u1_0.user_code 
    from
        users u1_0 
    where
        u1_0.email=? 
        and not(u1_0.is_deleted)
Hibernate: 
    select
        count(n1_0.id) 
    from
        notifications n1_0 
    where
        n1_0.user_id=? 
        and not(n1_0.is_read)
Hibernate: 
    select
        n1_0.id,
        n1_0.created_at,
        n1_0.is_read,
        n1_0.message,
        n1_0.title,
        n1_0.notification_type,
        n1_0.user_id 
    from
        notifications n1_0 
    where
        n1_0.user_id=? 
    order by
        n1_0.created_at desc 
    limit
        ?
Hibernate: 
    select
        count(m1_0.id) 
    from
        messages m1_0 
    where
        m1_0.recipient_id=? 
        and not(m1_0.is_read) 
        and not(m1_0.archived)
Hibernate: 
    select
        u1_0.id,
        u1_0.bio,
        u1_0.created_at,
        u1_0.is_deleted,
        u1_0.email,
        u1_0.first_name,
        u1_0.last_name,
        u1_0.password,
        u1_0.phone_number,
        u1_0.photo_url,
        u1_0.role,
        u1_0.status,
        u1_0.updated_at,
        u1_0.user_code 
    from
        users u1_0 
    where
        u1_0.email=? 
        and not(u1_0.is_deleted)
2026-04-14T15:43:57.866+01:00  INFO 10697 --- [backend] [nio-8080-exec-7] c.m.b.n.sse.SseEmitterRegistry           : SSE connexion ouverte pour userId=18
Hibernate: 
    select
        u1_0.id,
        u1_0.bio,
        u1_0.created_at,
        u1_0.is_deleted,
        u1_0.email,
        u1_0.first_name,
        u1_0.last_name,
        u1_0.password,
        u1_0.phone_number,
        u1_0.photo_url,
        u1_0.role,
        u1_0.status,
        u1_0.updated_at,
        u1_0.user_code 
    from
        users u1_0 
    where
        u1_0.email=? 
        and not(u1_0.is_deleted)
Hibernate: 
    select
        u1_0.id,
        u1_0.bio,
        u1_0.created_at,
        u1_0.is_deleted,
        u1_0.email,
        u1_0.first_name,
        u1_0.last_name,
        u1_0.password,
        u1_0.phone_number,
        u1_0.photo_url,
        u1_0.role,
        u1_0.status,
        u1_0.updated_at,
        u1_0.user_code 
    from
        users u1_0 
    where
        u1_0.email=? 
        and not(u1_0.is_deleted)
Hibernate: 
    select
        u1_0.id,
        u1_0.bio,
        u1_0.created_at,
        u1_0.is_deleted,
        u1_0.email,
        u1_0.first_name,
        u1_0.last_name,
        u1_0.password,
        u1_0.phone_number,
        u1_0.photo_url,
        u1_0.role,
        u1_0.status,
        u1_0.updated_at,
        u1_0.user_code 
    from
        users u1_0 
    where
        u1_0.email=? 
        and not(u1_0.is_deleted)
Hibernate: 
    select
        s1_0.id,
        s1_0.academic_year_id,
        s1_0.address_line,
        s1_0.admission_date,
        s1_0.admission_number,
        s1_0.archived,
        s1_0.city,
        s1_0.city_of_birth,
        s1_0.class_id,
        s1_0.cohort_id,
        s1_0.country,
        s1_0.country_of_birth,
        s1_0.created_at,
        s1_0.created_by,
        s1_0.date_of_birth,
        s1_0.email,
        s1_0.enrollment_type,
        s1_0.expected_graduation_date,
        s1_0.first_name,
        s1_0.gender,
        s1_0.international_student,
        s1_0.last_name,
        s1_0.medical_notes,
        s1_0.middle_name,
        s1_0.national_id_number,
        s1_0.nationality,
        s1_0.passport_number,
        s1_0.phone_number,
        s1_0.photo_url,
        s1_0.postal_code,
        s1_0.program_id,
        s1_0.registration_date,
        s1_0.registration_number,
        s1_0.scholarship_holder,
        s1_0.secondary_phone_number,
        s1_0.special_needs_notes,
        s1_0.status,
        s1_0.student_number,
        s1_0.updated_at,
        s1_0.updated_by,
        s1_0.user_id,
        s1_0.working_student 
    from
        students s1_0 
    where
        s1_0.id=?
Hibernate: 
    select
        b1_0.id,
        b1_0.academic_year_id,
        b1_0.archived,
        b1_0.class_average,
        b1_0.cohort_id,
        b1_0.council_decision,
        b1_0.created_at,
        b1_0.created_by,
        b1_0.general_average,
        b1_0.head_teacher_comment,
        b1_0.highest_average,
        b1_0.lowest_average,
        b1_0.published_at,
        b1_0.rank_in_cohort,
        b1_0.semester,
        b1_0.status,
        b1_0.student_id,
        b1_0.total_credits_acquired,
        b1_0.total_credits_possible,
        b1_0.total_students_in_cohort,
        b1_0.updated_at,
        b1_0.updated_by 
    from
        bulletins b1_0 
    join
        students s1_0 
            on s1_0.id=b1_0.student_id 
    join
        academic_years ay1_0 
            on ay1_0.id=b1_0.academic_year_id 
    where
        s1_0.id=? 
        and b1_0.semester=? 
        and ay1_0.id=? 
        and not(b1_0.archived)
Hibernate: 
    select
        s1_0.id,
        s1_0.academic_year_id,
        s1_0.address_line,
        s1_0.admission_date,
        s1_0.admission_number,
        s1_0.archived,
        s1_0.city,
        s1_0.city_of_birth,
        s1_0.class_id,
        s1_0.cohort_id,
        s1_0.country,
        s1_0.country_of_birth,
        s1_0.created_at,
        s1_0.created_by,
        s1_0.date_of_birth,
        s1_0.email,
        s1_0.enrollment_type,
        s1_0.expected_graduation_date,
        s1_0.first_name,
        s1_0.gender,
        s1_0.international_student,
        s1_0.last_name,
        s1_0.medical_notes,
        s1_0.middle_name,
        s1_0.national_id_number,
        s1_0.nationality,
        s1_0.passport_number,
        s1_0.phone_number,
        s1_0.photo_url,
        s1_0.postal_code,
        s1_0.program_id,
        s1_0.registration_date,
        s1_0.registration_number,
        s1_0.scholarship_holder,
        s1_0.secondary_phone_number,
        s1_0.special_needs_notes,
        s1_0.status,
        s1_0.student_number,
        s1_0.updated_at,
        s1_0.updated_by,
        s1_0.user_id,
        s1_0.working_student 
    from
        students s1_0 
    where
        s1_0.id=?
Hibernate: 
    select
        ar1_0.id,
        ar1_0.archived,
        ar1_0.arrival_time,
        ar1_0.created_at,
        ar1_0.created_by,
        ar1_0.late_minutes,
        ar1_0.session_id,
        ar1_0.status,
        ar1_0.student_id,
        ar1_0.teacher_note,
        ar1_0.updated_at,
        ar1_0.updated_by 
    from
        attendance_records ar1_0 
    join
        students s1_0 
            on s1_0.id=ar1_0.student_id 
    where
        s1_0.id=? 
        and not(ar1_0.archived) 
    order by
        ar1_0.created_at desc
Hibernate: 
    select
        count(ar1_0.id) 
    from
        attendance_records ar1_0 
    where
        ar1_0.student_id=? 
        and ar1_0.archived=0
Hibernate: 
    select
        count(ar1_0.id) 
    from
        attendance_records ar1_0 
    where
        ar1_0.student_id=? 
        and ar1_0.status in ('PRESENT', 'LATE', 'REMOTE', 'EXCUSED') 
        and ar1_0.archived=0
2026-04-14T15:44:23.154+01:00  WARN 10697 --- [backend] [nio-8080-exec-5] .m.m.a.ExceptionHandlerExceptionResolver : Resolved [com.mydbs.backend.common.exception.ResourceNotFoundException: Bulletin introuvable pour cet étudiant]
Hibernate: 
    select
        u1_0.id,
        u1_0.bio,
        u1_0.created_at,
        u1_0.is_deleted,
        u1_0.email,
        u1_0.first_name,
        u1_0.last_name,
        u1_0.password,
        u1_0.phone_number,
        u1_0.photo_url,
        u1_0.role,
        u1_0.status,
        u1_0.updated_at,
        u1_0.user_code 
    from
        users u1_0 
    where
        u1_0.email=? 
        and not(u1_0.is_deleted)
2026-04-14T15:44:23.188+01:00  WARN 10697 --- [backend] [nio-8080-exec-3] .m.m.a.ExceptionHandlerExceptionResolver : Resolved [org.springframework.web.servlet.resource.NoResourceFoundException: No static resource v1/grades/bulletins/students/13.]
Hibernate: 
    select
        u1_0.id,
        u1_0.bio,
        u1_0.created_at,
        u1_0.is_deleted,
        u1_0.email,
        u1_0.first_name,
        u1_0.last_name,
        u1_0.password,
        u1_0.phone_number,
        u1_0.photo_url,
        u1_0.role,
        u1_0.status,
        u1_0.updated_at,
        u1_0.user_code 
    from
        users u1_0 
    where
        u1_0.email=? 
        and not(u1_0.is_deleted)
Hibernate: 
    select
        u1_0.id,
        u1_0.bio,
        u1_0.created_at,
        u1_0.is_deleted,
        u1_0.email,
        u1_0.first_name,
        u1_0.last_name,
        u1_0.password,
        u1_0.phone_number,
        u1_0.photo_url,
        u1_0.role,
        u1_0.status,
        u1_0.updated_at,
        u1_0.user_code 
    from
        users u1_0 
    where
        u1_0.email=? 
        and not(u1_0.is_deleted)
Hibernate: 
    select
        u1_0.id,
        u1_0.bio,
        u1_0.created_at,
        u1_0.is_deleted,
        u1_0.email,
        u1_0.first_name,
        u1_0.last_name,
        u1_0.password,
        u1_0.phone_number,
        u1_0.photo_url,
        u1_0.role,
        u1_0.status,
        u1_0.updated_at,
        u1_0.user_code 
    from
        users u1_0 
    where
        u1_0.email=? 
        and not(u1_0.is_deleted)
Hibernate: 
    select
        u1_0.id,
        u1_0.bio,
        u1_0.created_at,
        u1_0.is_deleted,
        u1_0.email,
        u1_0.first_name,
        u1_0.last_name,
        u1_0.password,
        u1_0.phone_number,
        u1_0.photo_url,
        u1_0.role,
        u1_0.status,
        u1_0.updated_at,
        u1_0.user_code 
    from
        users u1_0 
    where
        u1_0.email=? 
        and not(u1_0.is_deleted)
Hibernate: 
    select
        u1_0.id,
        u1_0.bio,
        u1_0.created_at,
        u1_0.is_deleted,
        u1_0.email,
        u1_0.first_name,
        u1_0.last_name,
        u1_0.password,
        u1_0.phone_number,
        u1_0.photo_url,
        u1_0.role,
        u1_0.status,
        u1_0.updated_at,
        u1_0.user_code 
    from
        users u1_0 
    where
        u1_0.email=? 
        and not(u1_0.is_deleted)
Hibernate: 
    select
        count(m1_0.id) 
    from
        messages m1_0 
    where
        m1_0.recipient_id=? 
        and not(m1_0.is_read) 
        and not(m1_0.archived)
Hibernate: 
    select
        count(n1_0.id) 
    from
        notifications n1_0 
    where
        n1_0.user_id=? 
        and not(n1_0.is_read)
Hibernate: 
    select
        n1_0.id,
        n1_0.created_at,
        n1_0.is_read,
        n1_0.message,
        n1_0.title,
        n1_0.notification_type,
        n1_0.user_id 
    from
        notifications n1_0 
    where
        n1_0.user_id=? 
    order by
        n1_0.created_at desc 
    limit
        ?
2026-04-14T15:44:31.064+01:00  INFO 10697 --- [backend] [nio-8080-exec-6] c.m.b.n.sse.SseEmitterRegistry           : SSE connexion ouverte pour userId=18
Hibernate: 
    select
        u1_0.id,
        u1_0.bio,
        u1_0.created_at,
        u1_0.is_deleted,
        u1_0.email,
        u1_0.first_name,
        u1_0.last_name,
        u1_0.password,
        u1_0.phone_number,
        u1_0.photo_url,
        u1_0.role,
        u1_0.status,
        u1_0.updated_at,
        u1_0.user_code 
    from
        users u1_0 
    where
        u1_0.email=?
Hibernate: 
    select
        s1_0.id,
        s1_0.academic_year_id,
        s1_0.address_line,
        s1_0.admission_date,
        s1_0.admission_number,
        s1_0.archived,
        s1_0.city,
        s1_0.city_of_birth,
        s1_0.class_id,
        s1_0.cohort_id,
        s1_0.country,
        s1_0.country_of_birth,
        s1_0.created_at,
        s1_0.created_by,
        s1_0.date_of_birth,
        s1_0.email,
        s1_0.enrollment_type,
        s1_0.expected_graduation_date,
        s1_0.first_name,
        s1_0.gender,
        s1_0.international_student,
        s1_0.last_name,
        s1_0.medical_notes,
        s1_0.middle_name,
        s1_0.national_id_number,
        s1_0.nationality,
        s1_0.passport_number,
        s1_0.phone_number,
        s1_0.photo_url,
        s1_0.postal_code,
        s1_0.program_id,
        s1_0.registration_date,
        s1_0.registration_number,
        s1_0.scholarship_holder,
        s1_0.secondary_phone_number,
        s1_0.special_needs_notes,
        s1_0.status,
        s1_0.student_number,
        s1_0.updated_at,
        s1_0.updated_by,
        s1_0.user_id,
        s1_0.working_student 
    from
        students s1_0 
    left join
        users u1_0 
            on u1_0.id=s1_0.user_id 
    where
        u1_0.id=?
Hibernate: 
    select
        gc1_0.id,
        gc1_0.address_line,
        gc1_0.archived,
        gc1_0.city,
        gc1_0.country,
        gc1_0.created_at,
        gc1_0.created_by,
        gc1_0.email,
        gc1_0.full_name,
        gc1_0.phone_number,
        gc1_0.primary_contact,
        gc1_0.relationship_label,
        gc1_0.secondary_phone_number,
        gc1_0.student_id,
        gc1_0.updated_at,
        gc1_0.updated_by 
    from
        guardian_contacts gc1_0 
    join
        students s1_0 
            on s1_0.id=gc1_0.student_id 
    where
        s1_0.id=? 
        and not(gc1_0.archived) 
    order by
        gc1_0.primary_contact desc,
        gc1_0.created_at
Hibernate: 
    select
        ec1_0.id,
        ec1_0.address_line,
        ec1_0.archived,
        ec1_0.created_at,
        ec1_0.created_by,
        ec1_0.email,
        ec1_0.full_name,
        ec1_0.phone_number,
        ec1_0.priority_order,
        ec1_0.relationship_label,
        ec1_0.secondary_phone_number,
        ec1_0.student_id,
        ec1_0.updated_at,
        ec1_0.updated_by 
    from
        emergency_contacts ec1_0 
    join
        students s1_0 
            on s1_0.id=ec1_0.student_id 
    where
        s1_0.id=? 
        and not(ec1_0.archived) 
    order by
        ec1_0.priority_order
Hibernate: 
    select
        ssh1_0.id,
        ssh1_0.archived,
        ssh1_0.context_label,
        ssh1_0.created_at,
        ssh1_0.created_by,
        ssh1_0.new_status,
        ssh1_0.old_status,
        ssh1_0.reason,
        ssh1_0.student_id,
        ssh1_0.updated_at,
        ssh1_0.updated_by 
    from
        student_status_history ssh1_0 
    join
        students s1_0 
            on s1_0.id=ssh1_0.student_id 
    where
        s1_0.id=? 
    order by
        ssh1_0.created_at desc
Hibernate: 
    select
        ay1_0.id,
        ay1_0.archived,
        ay1_0.code,
        ay1_0.created_at,
        ay1_0.created_by,
        ay1_0.current_year,
        ay1_0.description,
        ay1_0.end_date,
        ay1_0.name,
        ay1_0.start_date,
        ay1_0.status,
        ay1_0.updated_at,
        ay1_0.updated_by 
    from
        academic_years ay1_0 
    where
        ay1_0.id=?
Hibernate: 
    select
        p1_0.id,
        p1_0.archived,
        p1_0.code,
        p1_0.created_at,
        p1_0.created_by,
        p1_0.credits_required,
        p1_0.department_name,
        p1_0.description,
        p1_0.duration_in_months,
        p1_0.faculty_name,
        p1_0.level,
        p1_0.name,
        p1_0.status,
        p1_0.updated_at,
        p1_0.updated_by 
    from
        programs p1_0 
    where
        p1_0.id=?
Hibernate: 
    select
        cr1_0.id,
        cr1_0.academic_year_id,
        cr1_0.archived,
        cr1_0.capacity,
        cr1_0.code,
        cr1_0.cohort_id,
        cr1_0.created_at,
        cr1_0.created_by,
        cr1_0.delivery_mode,
        cr1_0.description,
        cr1_0.name,
        cr1_0.program_id,
        cr1_0.room_label,
        cr1_0.status,
        cr1_0.updated_at,
        cr1_0.updated_by 
    from
        classes cr1_0 
    where
        cr1_0.id=?
Hibernate: 
    select
        u1_0.id,
        u1_0.bio,
        u1_0.created_at,
        u1_0.is_deleted,
        u1_0.email,
        u1_0.first_name,
        u1_0.last_name,
        u1_0.password,
        u1_0.phone_number,
        u1_0.photo_url,
        u1_0.role,
        u1_0.status,
        u1_0.updated_at,
        u1_0.user_code 
    from
        users u1_0 
    where
        u1_0.email=? 
        and not(u1_0.is_deleted)
Hibernate: 
    select
        u1_0.id,
        u1_0.bio,
        u1_0.created_at,
        u1_0.is_deleted,
        u1_0.email,
        u1_0.first_name,
        u1_0.last_name,
        u1_0.password,
        u1_0.phone_number,
        u1_0.photo_url,
        u1_0.role,
        u1_0.status,
        u1_0.updated_at,
        u1_0.user_code 
    from
        users u1_0 
    where
        u1_0.email=? 
        and not(u1_0.is_deleted)
Hibernate: 
    select
        s1_0.id,
        s1_0.academic_year_id,
        s1_0.address_line,
        s1_0.admission_date,
        s1_0.admission_number,
        s1_0.archived,
        s1_0.city,
        s1_0.city_of_birth,
        s1_0.class_id,
        s1_0.cohort_id,
        s1_0.country,
        s1_0.country_of_birth,
        s1_0.created_at,
        s1_0.created_by,
        s1_0.date_of_birth,
        s1_0.email,
        s1_0.enrollment_type,
        s1_0.expected_graduation_date,
        s1_0.first_name,
        s1_0.gender,
        s1_0.international_student,
        s1_0.last_name,
        s1_0.medical_notes,
        s1_0.middle_name,
        s1_0.national_id_number,
        s1_0.nationality,
        s1_0.passport_number,
        s1_0.phone_number,
        s1_0.photo_url,
        s1_0.postal_code,
        s1_0.program_id,
        s1_0.registration_date,
        s1_0.registration_number,
        s1_0.scholarship_holder,
        s1_0.secondary_phone_number,
        s1_0.special_needs_notes,
        s1_0.status,
        s1_0.student_number,
        s1_0.updated_at,
        s1_0.updated_by,
        s1_0.user_id,
        s1_0.working_student 
    from
        students s1_0 
    where
        s1_0.id=?
Hibernate: 
    select
        ar1_0.id,
        ar1_0.archived,
        ar1_0.arrival_time,
        ar1_0.created_at,
        ar1_0.created_by,
        ar1_0.late_minutes,
        ar1_0.session_id,
        ar1_0.status,
        ar1_0.student_id,
        ar1_0.teacher_note,
        ar1_0.updated_at,
        ar1_0.updated_by 
    from
        attendance_records ar1_0 
    join
        students s1_0 
            on s1_0.id=ar1_0.student_id 
    where
        s1_0.id=? 
        and not(ar1_0.archived) 
    order by
        ar1_0.created_at desc
Hibernate: 
    select
        s1_0.id,
        s1_0.academic_year_id,
        s1_0.address_line,
        s1_0.admission_date,
        s1_0.admission_number,
        s1_0.archived,
        s1_0.city,
        s1_0.city_of_birth,
        s1_0.class_id,
        s1_0.cohort_id,
        s1_0.country,
        s1_0.country_of_birth,
        s1_0.created_at,
        s1_0.created_by,
        s1_0.date_of_birth,
        s1_0.email,
        s1_0.enrollment_type,
        s1_0.expected_graduation_date,
        s1_0.first_name,
        s1_0.gender,
        s1_0.international_student,
        s1_0.last_name,
        s1_0.medical_notes,
        s1_0.middle_name,
        s1_0.national_id_number,
        s1_0.nationality,
        s1_0.passport_number,
        s1_0.phone_number,
        s1_0.photo_url,
        s1_0.postal_code,
        s1_0.program_id,
        s1_0.registration_date,
        s1_0.registration_number,
        s1_0.scholarship_holder,
        s1_0.secondary_phone_number,
        s1_0.special_needs_notes,
        s1_0.status,
        s1_0.student_number,
        s1_0.updated_at,
        s1_0.updated_by,
        s1_0.user_id,
        s1_0.working_student 
    from
        students s1_0 
    where
        s1_0.id=?
Hibernate: 
    select
        count(ar1_0.id) 
    from
        attendance_records ar1_0 
    where
        ar1_0.student_id=? 
        and ar1_0.archived=0
Hibernate: 
    select
        count(ar1_0.id) 
    from
        attendance_records ar1_0 
    where
        ar1_0.student_id=? 
        and ar1_0.status in ('PRESENT', 'LATE', 'REMOTE', 'EXCUSED') 
        and ar1_0.archived=0
Hibernate: 
    select
        u1_0.id,
        u1_0.bio,
        u1_0.created_at,
        u1_0.is_deleted,
        u1_0.email,
        u1_0.first_name,
        u1_0.last_name,
        u1_0.password,
        u1_0.phone_number,
        u1_0.photo_url,
        u1_0.role,
        u1_0.status,
        u1_0.updated_at,
        u1_0.user_code 
    from
        users u1_0 
    where
        u1_0.email=? 
        and not(u1_0.is_deleted)
Hibernate: 
    select
        b1_0.id,
        b1_0.academic_year_id,
        b1_0.archived,
        b1_0.class_average,
        b1_0.cohort_id,
        b1_0.council_decision,
        b1_0.created_at,
        b1_0.created_by,
        b1_0.general_average,
        b1_0.head_teacher_comment,
        b1_0.highest_average,
        b1_0.lowest_average,
        b1_0.published_at,
        b1_0.rank_in_cohort,
        b1_0.semester,
        b1_0.status,
        b1_0.student_id,
        b1_0.total_credits_acquired,
        b1_0.total_credits_possible,
        b1_0.total_students_in_cohort,
        b1_0.updated_at,
        b1_0.updated_by 
    from
        bulletins b1_0 
    join
        students s1_0 
            on s1_0.id=b1_0.student_id 
    join
        academic_years ay1_0 
            on ay1_0.id=b1_0.academic_year_id 
    where
        s1_0.id=? 
        and b1_0.semester=? 
        and ay1_0.id=? 
        and not(b1_0.archived)
2026-04-14T15:44:51.498+01:00  WARN 10697 --- [backend] [io-8080-exec-10] .m.m.a.ExceptionHandlerExceptionResolver : Resolved [com.mydbs.backend.common.exception.ResourceNotFoundException: Bulletin introuvable pour cet étudiant]
Hibernate: 
    select
        u1_0.id,
        u1_0.bio,
        u1_0.created_at,
        u1_0.is_deleted,
        u1_0.email,
        u1_0.first_name,
        u1_0.last_name,
        u1_0.password,
        u1_0.phone_number,
        u1_0.photo_url,
        u1_0.role,
        u1_0.status,
        u1_0.updated_at,
        u1_0.user_code 
    from
        users u1_0 
    where
        u1_0.email=? 
        and not(u1_0.is_deleted)
2026-04-14T15:44:51.532+01:00  WARN 10697 --- [backend] [nio-8080-exec-5] .m.m.a.ExceptionHandlerExceptionResolver : Resolved [org.springframework.web.servlet.resource.NoResourceFoundException: No static resource v1/grades/bulletins/students/13.]
2026-04-14T15:45:02.834+01:00  INFO 10697 --- [backend] [nio-8080-exec-3] c.m.b.n.sse.SseEmitterRegistry           : SSE timeout pour userId=18
2026-04-14T15:45:02.838+01:00 ERROR 10697 --- [backend] [nio-8080-exec-3] o.a.c.c.C.[.[.[/].[dispatcherServlet]    : Servlet.service() for servlet [dispatcherServlet] threw exception

org.springframework.security.authorization.AuthorizationDeniedException: Access Denied
	at org.springframework.security.web.access.intercept.AuthorizationFilter.doFilter(AuthorizationFilter.java:99) ~[spring-security-web-6.4.2.jar:6.4.2]
	at org.springframework.security.web.ObservationFilterChainDecorator$ObservationFilter.wrapFilter(ObservationFilterChainDecorator.java:240) ~[spring-security-web-6.4.2.jar:6.4.2]
	at org.springframework.security.web.ObservationFilterChainDecorator$ObservationFilter.doFilter(ObservationFilterChainDecorator.java:227) ~[spring-security-web-6.4.2.jar:6.4.2]
	at org.springframework.security.web.ObservationFilterChainDecorator$VirtualFilterChain.doFilter(ObservationFilterChainDecorator.java:137) ~[spring-security-web-6.4.2.jar:6.4.2]
	at org.springframework.security.web.access.ExceptionTranslationFilter.doFilter(ExceptionTranslationFilter.java:126) ~[spring-security-web-6.4.2.jar:6.4.2]
	at org.springframework.security.web.access.ExceptionTranslationFilter.doFilter(ExceptionTranslationFilter.java:120) ~[spring-security-web-6.4.2.jar:6.4.2]
	at org.springframework.security.web.ObservationFilterChainDecorator$ObservationFilter.wrapFilter(ObservationFilterChainDecorator.java:240) ~[spring-security-web-6.4.2.jar:6.4.2]
	at org.springframework.security.web.ObservationFilterChainDecorator$ObservationFilter.doFilter(ObservationFilterChainDecorator.java:227) ~[spring-security-web-6.4.2.jar:6.4.2]
	at org.springframework.security.web.ObservationFilterChainDecorator$VirtualFilterChain.doFilter(ObservationFilterChainDecorator.java:137) ~[spring-security-web-6.4.2.jar:6.4.2]
	at org.springframework.security.web.session.SessionManagementFilter.doFilter(SessionManagementFilter.java:91) ~[spring-security-web-6.4.2.jar:6.4.2]
	at org.springframework.security.web.session.SessionManagementFilter.doFilter(SessionManagementFilter.java:85) ~[spring-security-web-6.4.2.jar:6.4.2]
	at org.springframework.security.web.ObservationFilterChainDecorator$ObservationFilter.wrapFilter(ObservationFilterChainDecorator.java:240) ~[spring-security-web-6.4.2.jar:6.4.2]
	at org.springframework.security.web.ObservationFilterChainDecorator$ObservationFilter.doFilter(ObservationFilterChainDecorator.java:227) ~[spring-security-web-6.4.2.jar:6.4.2]
	at org.springframework.security.web.ObservationFilterChainDecorator$VirtualFilterChain.doFilter(ObservationFilterChainDecorator.java:137) ~[spring-security-web-6.4.2.jar:6.4.2]
	at org.springframework.security.web.authentication.AnonymousAuthenticationFilter.doFilter(AnonymousAuthenticationFilter.java:100) ~[spring-security-web-6.4.2.jar:6.4.2]
	at org.springframework.security.web.ObservationFilterChainDecorator$ObservationFilter.wrapFilter(ObservationFilterChainDecorator.java:240) ~[spring-security-web-6.4.2.jar:6.4.2]
	at org.springframework.security.web.ObservationFilterChainDecorator$ObservationFilter.doFilter(ObservationFilterChainDecorator.java:227) ~[spring-security-web-6.4.2.jar:6.4.2]
	at org.springframework.security.web.ObservationFilterChainDecorator$VirtualFilterChain.doFilter(ObservationFilterChainDecorator.java:137) ~[spring-security-web-6.4.2.jar:6.4.2]
	at org.springframework.security.web.servletapi.SecurityContextHolderAwareRequestFilter.doFilter(SecurityContextHolderAwareRequestFilter.java:179) ~[spring-security-web-6.4.2.jar:6.4.2]
	at org.springframework.security.web.ObservationFilterChainDecorator$ObservationFilter.wrapFilter(ObservationFilterChainDecorator.java:240) ~[spring-security-web-6.4.2.jar:6.4.2]
	at org.springframework.security.web.ObservationFilterChainDecorator$ObservationFilter.doFilter(ObservationFilterChainDecorator.java:227) ~[spring-security-web-6.4.2.jar:6.4.2]
	at org.springframework.security.web.ObservationFilterChainDecorator$VirtualFilterChain.doFilter(ObservationFilterChainDecorator.java:137) ~[spring-security-web-6.4.2.jar:6.4.2]
	at org.springframework.security.web.savedrequest.RequestCacheAwareFilter.doFilter(RequestCacheAwareFilter.java:63) ~[spring-security-web-6.4.2.jar:6.4.2]
	at org.springframework.security.web.ObservationFilterChainDecorator$ObservationFilter.wrapFilter(ObservationFilterChainDecorator.java:240) ~[spring-security-web-6.4.2.jar:6.4.2]
	at org.springframework.security.web.ObservationFilterChainDecorator$ObservationFilter.doFilter(ObservationFilterChainDecorator.java:227) ~[spring-security-web-6.4.2.jar:6.4.2]
	at org.springframework.security.web.ObservationFilterChainDecorator$VirtualFilterChain.doFilter(ObservationFilterChainDecorator.java:137) ~[spring-security-web-6.4.2.jar:6.4.2]
	at org.springframework.web.filter.OncePerRequestFilter.doFilter(OncePerRequestFilter.java:101) ~[spring-web-6.2.1.jar:6.2.1]
	at org.springframework.security.web.ObservationFilterChainDecorator$ObservationFilter.wrapFilter(ObservationFilterChainDecorator.java:240) ~[spring-security-web-6.4.2.jar:6.4.2]
	at org.springframework.security.web.ObservationFilterChainDecorator$ObservationFilter.doFilter(ObservationFilterChainDecorator.java:227) ~[spring-security-web-6.4.2.jar:6.4.2]
	at org.springframework.security.web.ObservationFilterChainDecorator$VirtualFilterChain.doFilter(ObservationFilterChainDecorator.java:137) ~[spring-security-web-6.4.2.jar:6.4.2]
	at org.springframework.security.web.authentication.logout.LogoutFilter.doFilter(LogoutFilter.java:107) ~[spring-security-web-6.4.2.jar:6.4.2]
	at org.springframework.security.web.authentication.logout.LogoutFilter.doFilter(LogoutFilter.java:93) ~[spring-security-web-6.4.2.jar:6.4.2]
	at org.springframework.security.web.ObservationFilterChainDecorator$ObservationFilter.wrapFilter(ObservationFilterChainDecorator.java:240) ~[spring-security-web-6.4.2.jar:6.4.2]
	at org.springframework.security.web.ObservationFilterChainDecorator$ObservationFilter.doFilter(ObservationFilterChainDecorator.java:227) ~[spring-security-web-6.4.2.jar:6.4.2]
	at org.springframework.security.web.ObservationFilterChainDecorator$VirtualFilterChain.doFilter(ObservationFilterChainDecorator.java:137) ~[spring-security-web-6.4.2.jar:6.4.2]
	at org.springframework.web.filter.OncePerRequestFilter.doFilter(OncePerRequestFilter.java:101) ~[spring-web-6.2.1.jar:6.2.1]
	at org.springframework.security.web.ObservationFilterChainDecorator$ObservationFilter.wrapFilter(ObservationFilterChainDecorator.java:240) ~[spring-security-web-6.4.2.jar:6.4.2]
	at org.springframework.security.web.ObservationFilterChainDecorator$ObservationFilter.doFilter(ObservationFilterChainDecorator.java:227) ~[spring-security-web-6.4.2.jar:6.4.2]
	at org.springframework.security.web.ObservationFilterChainDecorator$VirtualFilterChain.doFilter(ObservationFilterChainDecorator.java:137) ~[spring-security-web-6.4.2.jar:6.4.2]
	at org.springframework.web.filter.OncePerRequestFilter.doFilter(OncePerRequestFilter.java:101) ~[spring-web-6.2.1.jar:6.2.1]
	at org.springframework.security.web.ObservationFilterChainDecorator$ObservationFilter.wrapFilter(ObservationFilterChainDecorator.java:240) ~[spring-security-web-6.4.2.jar:6.4.2]
	at org.springframework.security.web.ObservationFilterChainDecorator$ObservationFilter.doFilter(ObservationFilterChainDecorator.java:227) ~[spring-security-web-6.4.2.jar:6.4.2]
	at org.springframework.security.web.ObservationFilterChainDecorator$VirtualFilterChain.doFilter(ObservationFilterChainDecorator.java:137) ~[spring-security-web-6.4.2.jar:6.4.2]
	at org.springframework.security.web.context.SecurityContextHolderFilter.doFilter(SecurityContextHolderFilter.java:82) ~[spring-security-web-6.4.2.jar:6.4.2]
	at org.springframework.security.web.context.SecurityContextHolderFilter.doFilter(SecurityContextHolderFilter.java:69) ~[spring-security-web-6.4.2.jar:6.4.2]
	at org.springframework.security.web.ObservationFilterChainDecorator$ObservationFilter.wrapFilter(ObservationFilterChainDecorator.java:240) ~[spring-security-web-6.4.2.jar:6.4.2]
	at org.springframework.security.web.ObservationFilterChainDecorator$ObservationFilter.doFilter(ObservationFilterChainDecorator.java:227) ~[spring-security-web-6.4.2.jar:6.4.2]
	at org.springframework.security.web.ObservationFilterChainDecorator$VirtualFilterChain.doFilter(ObservationFilterChainDecorator.java:137) ~[spring-security-web-6.4.2.jar:6.4.2]
	at org.springframework.web.filter.OncePerRequestFilter.doFilter(OncePerRequestFilter.java:101) ~[spring-web-6.2.1.jar:6.2.1]
	at org.springframework.security.web.ObservationFilterChainDecorator$ObservationFilter.wrapFilter(ObservationFilterChainDecorator.java:240) ~[spring-security-web-6.4.2.jar:6.4.2]
	at org.springframework.security.web.ObservationFilterChainDecorator$ObservationFilter.doFilter(ObservationFilterChainDecorator.java:227) ~[spring-security-web-6.4.2.jar:6.4.2]
	at org.springframework.security.web.ObservationFilterChainDecorator$VirtualFilterChain.doFilter(ObservationFilterChainDecorator.java:137) ~[spring-security-web-6.4.2.jar:6.4.2]
	at org.springframework.web.filter.OncePerRequestFilter.doFilter(OncePerRequestFilter.java:101) ~[spring-web-6.2.1.jar:6.2.1]
	at org.springframework.security.web.ObservationFilterChainDecorator$ObservationFilter.wrapFilter(ObservationFilterChainDecorator.java:240) ~[spring-security-web-6.4.2.jar:6.4.2]
	at org.springframework.security.web.ObservationFilterChainDecorator$AroundFilterObservation$SimpleAroundFilterObservation.lambda$wrap$0(ObservationFilterChainDecorator.java:323) ~[spring-security-web-6.4.2.jar:6.4.2]
	at org.springframework.security.web.ObservationFilterChainDecorator$ObservationFilter.doFilter(ObservationFilterChainDecorator.java:224) ~[spring-security-web-6.4.2.jar:6.4.2]
	at org.springframework.security.web.ObservationFilterChainDecorator$VirtualFilterChain.doFilter(ObservationFilterChainDecorator.java:137) ~[spring-security-web-6.4.2.jar:6.4.2]
	at org.springframework.security.web.FilterChainProxy.doFilterInternal(FilterChainProxy.java:233) ~[spring-security-web-6.4.2.jar:6.4.2]
	at org.springframework.security.web.FilterChainProxy.doFilter(FilterChainProxy.java:191) ~[spring-security-web-6.4.2.jar:6.4.2]
	at org.springframework.web.filter.CompositeFilter$VirtualFilterChain.doFilter(CompositeFilter.java:113) ~[spring-web-6.2.1.jar:6.2.1]
	at org.springframework.web.servlet.handler.HandlerMappingIntrospector.lambda$createCacheFilter$3(HandlerMappingIntrospector.java:243) ~[spring-webmvc-6.2.1.jar:6.2.1]
	at org.springframework.web.filter.CompositeFilter$VirtualFilterChain.doFilter(CompositeFilter.java:113) ~[spring-web-6.2.1.jar:6.2.1]
	at org.springframework.web.filter.CompositeFilter.doFilter(CompositeFilter.java:74) ~[spring-web-6.2.1.jar:6.2.1]
	at org.springframework.security.config.annotation.web.configuration.WebMvcSecurityConfiguration$CompositeFilterChainProxy.doFilter(WebMvcSecurityConfiguration.java:238) ~[spring-security-config-6.4.2.jar:6.4.2]
	at org.springframework.web.filter.DelegatingFilterProxy.invokeDelegate(DelegatingFilterProxy.java:362) ~[spring-web-6.2.1.jar:6.2.1]
	at org.springframework.web.filter.DelegatingFilterProxy.doFilter(DelegatingFilterProxy.java:278) ~[spring-web-6.2.1.jar:6.2.1]
	at org.apache.catalina.core.ApplicationFilterChain.internalDoFilter(ApplicationFilterChain.java:164) ~[tomcat-embed-core-10.1.34.jar:10.1.34]
	at org.apache.catalina.core.ApplicationFilterChain.doFilter(ApplicationFilterChain.java:140) ~[tomcat-embed-core-10.1.34.jar:10.1.34]
	at org.springframework.web.filter.RequestContextFilter.doFilterInternal(RequestContextFilter.java:100) ~[spring-web-6.2.1.jar:6.2.1]
	at org.springframework.web.filter.OncePerRequestFilter.doFilter(OncePerRequestFilter.java:116) ~[spring-web-6.2.1.jar:6.2.1]
	at org.apache.catalina.core.ApplicationFilterChain.internalDoFilter(ApplicationFilterChain.java:164) ~[tomcat-embed-core-10.1.34.jar:10.1.34]
	at org.apache.catalina.core.ApplicationFilterChain.doFilter(ApplicationFilterChain.java:140) ~[tomcat-embed-core-10.1.34.jar:10.1.34]
	at org.springframework.web.filter.OncePerRequestFilter.doFilter(OncePerRequestFilter.java:101) ~[spring-web-6.2.1.jar:6.2.1]
	at org.apache.catalina.core.ApplicationFilterChain.internalDoFilter(ApplicationFilterChain.java:164) ~[tomcat-embed-core-10.1.34.jar:10.1.34]
	at org.apache.catalina.core.ApplicationFilterChain.doFilter(ApplicationFilterChain.java:140) ~[tomcat-embed-core-10.1.34.jar:10.1.34]
	at org.springframework.web.filter.ServerHttpObservationFilter.doFilterInternal(ServerHttpObservationFilter.java:114) ~[spring-web-6.2.1.jar:6.2.1]
	at org.springframework.web.filter.OncePerRequestFilter.doFilter(OncePerRequestFilter.java:116) ~[spring-web-6.2.1.jar:6.2.1]
	at org.apache.catalina.core.ApplicationFilterChain.internalDoFilter(ApplicationFilterChain.java:164) ~[tomcat-embed-core-10.1.34.jar:10.1.34]
	at org.apache.catalina.core.ApplicationFilterChain.doFilter(ApplicationFilterChain.java:140) ~[tomcat-embed-core-10.1.34.jar:10.1.34]
	at org.springframework.web.filter.OncePerRequestFilter.doFilter(OncePerRequestFilter.java:101) ~[spring-web-6.2.1.jar:6.2.1]
	at org.apache.catalina.core.ApplicationFilterChain.internalDoFilter(ApplicationFilterChain.java:164) ~[tomcat-embed-core-10.1.34.jar:10.1.34]
	at org.apache.catalina.core.ApplicationFilterChain.doFilter(ApplicationFilterChain.java:140) ~[tomcat-embed-core-10.1.34.jar:10.1.34]
	at org.apache.catalina.core.ApplicationDispatcher.invoke(ApplicationDispatcher.java:633) ~[tomcat-embed-core-10.1.34.jar:10.1.34]
	at org.apache.catalina.core.ApplicationDispatcher.doDispatch(ApplicationDispatcher.java:561) ~[tomcat-embed-core-10.1.34.jar:10.1.34]
	at org.apache.catalina.core.ApplicationDispatcher.dispatch(ApplicationDispatcher.java:532) ~[tomcat-embed-core-10.1.34.jar:10.1.34]
	at org.apache.catalina.core.AsyncContextImpl$AsyncRunnable.run(AsyncContextImpl.java:601) ~[tomcat-embed-core-10.1.34.jar:10.1.34]
	at org.apache.catalina.core.AsyncContextImpl.doInternalDispatch(AsyncContextImpl.java:344) ~[tomcat-embed-core-10.1.34.jar:10.1.34]
	at org.apache.catalina.core.StandardWrapperValve.invoke(StandardWrapperValve.java:165) ~[tomcat-embed-core-10.1.34.jar:10.1.34]
	at org.apache.catalina.core.StandardContextValve.invoke(StandardContextValve.java:90) ~[tomcat-embed-core-10.1.34.jar:10.1.34]
	at org.apache.catalina.authenticator.AuthenticatorBase.invoke(AuthenticatorBase.java:483) ~[tomcat-embed-core-10.1.34.jar:10.1.34]
	at org.apache.catalina.core.StandardHostValve.invoke(StandardHostValve.java:115) ~[tomcat-embed-core-10.1.34.jar:10.1.34]
	at org.apache.catalina.valves.ErrorReportValve.invoke(ErrorReportValve.java:93) ~[tomcat-embed-core-10.1.34.jar:10.1.34]
	at org.apache.catalina.core.StandardEngineValve.invoke(StandardEngineValve.java:74) ~[tomcat-embed-core-10.1.34.jar:10.1.34]
	at org.apache.catalina.connector.CoyoteAdapter.asyncDispatch(CoyoteAdapter.java:239) ~[tomcat-embed-core-10.1.34.jar:10.1.34]
	at org.apache.coyote.AbstractProcessor.dispatch(AbstractProcessor.java:243) ~[tomcat-embed-core-10.1.34.jar:10.1.34]
	at org.apache.coyote.AbstractProcessorLight.process(AbstractProcessorLight.java:57) ~[tomcat-embed-core-10.1.34.jar:10.1.34]
	at org.apache.coyote.AbstractProtocol$ConnectionHandler.process(AbstractProtocol.java:905) ~[tomcat-embed-core-10.1.34.jar:10.1.34]
	at org.apache.tomcat.util.net.NioEndpoint$SocketProcessor.doRun(NioEndpoint.java:1741) ~[tomcat-embed-core-10.1.34.jar:10.1.34]
	at org.apache.tomcat.util.net.SocketProcessorBase.run(SocketProcessorBase.java:52) ~[tomcat-embed-core-10.1.34.jar:10.1.34]
	at org.apache.tomcat.util.threads.ThreadPoolExecutor.runWorker(ThreadPoolExecutor.java:1190) ~[tomcat-embed-core-10.1.34.jar:10.1.34]
	at org.apache.tomcat.util.threads.ThreadPoolExecutor$Worker.run(ThreadPoolExecutor.java:659) ~[tomcat-embed-core-10.1.34.jar:10.1.34]
	at org.apache.tomcat.util.threads.TaskThread$WrappingRunnable.run(TaskThread.java:63) ~[tomcat-embed-core-10.1.34.jar:10.1.34]
	at java.base/java.lang.Thread.run(Thread.java:1474) ~[na:na]

2026-04-14T15:45:02.842+01:00 ERROR 10697 --- [backend] [nio-8080-exec-3] o.a.c.c.C.[.[.[/].[dispatcherServlet]    : Servlet.service() for servlet [dispatcherServlet] in context with path [] threw exception [Unable to handle the Spring Security Exception because the response is already committed.] with root cause

org.springframework.security.authorization.AuthorizationDeniedException: Access Denied
	at org.springframework.security.web.access.intercept.AuthorizationFilter.doFilter(AuthorizationFilter.java:99) ~[spring-security-web-6.4.2.jar:6.4.2]
	at org.springframework.security.web.ObservationFilterChainDecorator$ObservationFilter.wrapFilter(ObservationFilterChainDecorator.java:240) ~[spring-security-web-6.4.2.jar:6.4.2]
	at org.springframework.security.web.ObservationFilterChainDecorator$ObservationFilter.doFilter(ObservationFilterChainDecorator.java:227) ~[spring-security-web-6.4.2.jar:6.4.2]
	at org.springframework.security.web.ObservationFilterChainDecorator$VirtualFilterChain.doFilter(ObservationFilterChainDecorator.java:137) ~[spring-security-web-6.4.2.jar:6.4.2]
	at org.springframework.security.web.access.ExceptionTranslationFilter.doFilter(ExceptionTranslationFilter.java:126) ~[spring-security-web-6.4.2.jar:6.4.2]
	at org.springframework.security.web.access.ExceptionTranslationFilter.doFilter(ExceptionTranslationFilter.java:120) ~[spring-security-web-6.4.2.jar:6.4.2]
	at org.springframework.security.web.ObservationFilterChainDecorator$ObservationFilter.wrapFilter(ObservationFilterChainDecorator.java:240) ~[spring-security-web-6.4.2.jar:6.4.2]
	at org.springframework.security.web.ObservationFilterChainDecorator$ObservationFilter.doFilter(ObservationFilterChainDecorator.java:227) ~[spring-security-web-6.4.2.jar:6.4.2]
	at org.springframework.security.web.ObservationFilterChainDecorator$VirtualFilterChain.doFilter(ObservationFilterChainDecorator.java:137) ~[spring-security-web-6.4.2.jar:6.4.2]
	at org.springframework.security.web.session.SessionManagementFilter.doFilter(SessionManagementFilter.java:91) ~[spring-security-web-6.4.2.jar:6.4.2]
	at org.springframework.security.web.session.SessionManagementFilter.doFilter(SessionManagementFilter.java:85) ~[spring-security-web-6.4.2.jar:6.4.2]
	at org.springframework.security.web.ObservationFilterChainDecorator$ObservationFilter.wrapFilter(ObservationFilterChainDecorator.java:240) ~[spring-security-web-6.4.2.jar:6.4.2]
	at org.springframework.security.web.ObservationFilterChainDecorator$ObservationFilter.doFilter(ObservationFilterChainDecorator.java:227) ~[spring-security-web-6.4.2.jar:6.4.2]
	at org.springframework.security.web.ObservationFilterChainDecorator$VirtualFilterChain.doFilter(ObservationFilterChainDecorator.java:137) ~[spring-security-web-6.4.2.jar:6.4.2]
	at org.springframework.security.web.authentication.AnonymousAuthenticationFilter.doFilter(AnonymousAuthenticationFilter.java:100) ~[spring-security-web-6.4.2.jar:6.4.2]
	at org.springframework.security.web.ObservationFilterChainDecorator$ObservationFilter.wrapFilter(ObservationFilterChainDecorator.java:240) ~[spring-security-web-6.4.2.jar:6.4.2]
	at org.springframework.security.web.ObservationFilterChainDecorator$ObservationFilter.doFilter(ObservationFilterChainDecorator.java:227) ~[spring-security-web-6.4.2.jar:6.4.2]
	at org.springframework.security.web.ObservationFilterChainDecorator$VirtualFilterChain.doFilter(ObservationFilterChainDecorator.java:137) ~[spring-security-web-6.4.2.jar:6.4.2]
	at org.springframework.security.web.servletapi.SecurityContextHolderAwareRequestFilter.doFilter(SecurityContextHolderAwareRequestFilter.java:179) ~[spring-security-web-6.4.2.jar:6.4.2]
	at org.springframework.security.web.ObservationFilterChainDecorator$ObservationFilter.wrapFilter(ObservationFilterChainDecorator.java:240) ~[spring-security-web-6.4.2.jar:6.4.2]
	at org.springframework.security.web.ObservationFilterChainDecorator$ObservationFilter.doFilter(ObservationFilterChainDecorator.java:227) ~[spring-security-web-6.4.2.jar:6.4.2]
	at org.springframework.security.web.ObservationFilterChainDecorator$VirtualFilterChain.doFilter(ObservationFilterChainDecorator.java:137) ~[spring-security-web-6.4.2.jar:6.4.2]
	at org.springframework.security.web.savedrequest.RequestCacheAwareFilter.doFilter(RequestCacheAwareFilter.java:63) ~[spring-security-web-6.4.2.jar:6.4.2]
	at org.springframework.security.web.ObservationFilterChainDecorator$ObservationFilter.wrapFilter(ObservationFilterChainDecorator.java:240) ~[spring-security-web-6.4.2.jar:6.4.2]
	at org.springframework.security.web.ObservationFilterChainDecorator$ObservationFilter.doFilter(ObservationFilterChainDecorator.java:227) ~[spring-security-web-6.4.2.jar:6.4.2]
	at org.springframework.security.web.ObservationFilterChainDecorator$VirtualFilterChain.doFilter(ObservationFilterChainDecorator.java:137) ~[spring-security-web-6.4.2.jar:6.4.2]
	at org.springframework.web.filter.OncePerRequestFilter.doFilter(OncePerRequestFilter.java:101) ~[spring-web-6.2.1.jar:6.2.1]
	at org.springframework.security.web.ObservationFilterChainDecorator$ObservationFilter.wrapFilter(ObservationFilterChainDecorator.java:240) ~[spring-security-web-6.4.2.jar:6.4.2]
	at org.springframework.security.web.ObservationFilterChainDecorator$ObservationFilter.doFilter(ObservationFilterChainDecorator.java:227) ~[spring-security-web-6.4.2.jar:6.4.2]
	at org.springframework.security.web.ObservationFilterChainDecorator$VirtualFilterChain.doFilter(ObservationFilterChainDecorator.java:137) ~[spring-security-web-6.4.2.jar:6.4.2]
	at org.springframework.security.web.authentication.logout.LogoutFilter.doFilter(LogoutFilter.java:107) ~[spring-security-web-6.4.2.jar:6.4.2]
	at org.springframework.security.web.authentication.logout.LogoutFilter.doFilter(LogoutFilter.java:93) ~[spring-security-web-6.4.2.jar:6.4.2]
	at org.springframework.security.web.ObservationFilterChainDecorator$ObservationFilter.wrapFilter(ObservationFilterChainDecorator.java:240) ~[spring-security-web-6.4.2.jar:6.4.2]
	at org.springframework.security.web.ObservationFilterChainDecorator$ObservationFilter.doFilter(ObservationFilterChainDecorator.java:227) ~[spring-security-web-6.4.2.jar:6.4.2]
	at org.springframework.security.web.ObservationFilterChainDecorator$VirtualFilterChain.doFilter(ObservationFilterChainDecorator.java:137) ~[spring-security-web-6.4.2.jar:6.4.2]
	at org.springframework.web.filter.OncePerRequestFilter.doFilter(OncePerRequestFilter.java:101) ~[spring-web-6.2.1.jar:6.2.1]
	at org.springframework.security.web.ObservationFilterChainDecorator$ObservationFilter.wrapFilter(ObservationFilterChainDecorator.java:240) ~[spring-security-web-6.4.2.jar:6.4.2]
	at org.springframework.security.web.ObservationFilterChainDecorator$ObservationFilter.doFilter(ObservationFilterChainDecorator.java:227) ~[spring-security-web-6.4.2.jar:6.4.2]
	at org.springframework.security.web.ObservationFilterChainDecorator$VirtualFilterChain.doFilter(ObservationFilterChainDecorator.java:137) ~[spring-security-web-6.4.2.jar:6.4.2]
	at org.springframework.web.filter.OncePerRequestFilter.doFilter(OncePerRequestFilter.java:101) ~[spring-web-6.2.1.jar:6.2.1]
	at org.springframework.security.web.ObservationFilterChainDecorator$ObservationFilter.wrapFilter(ObservationFilterChainDecorator.java:240) ~[spring-security-web-6.4.2.jar:6.4.2]
	at org.springframework.security.web.ObservationFilterChainDecorator$ObservationFilter.doFilter(ObservationFilterChainDecorator.java:227) ~[spring-security-web-6.4.2.jar:6.4.2]
	at org.springframework.security.web.ObservationFilterChainDecorator$VirtualFilterChain.doFilter(ObservationFilterChainDecorator.java:137) ~[spring-security-web-6.4.2.jar:6.4.2]
	at org.springframework.security.web.context.SecurityContextHolderFilter.doFilter(SecurityContextHolderFilter.java:82) ~[spring-security-web-6.4.2.jar:6.4.2]
	at org.springframework.security.web.context.SecurityContextHolderFilter.doFilter(SecurityContextHolderFilter.java:69) ~[spring-security-web-6.4.2.jar:6.4.2]
	at org.springframework.security.web.ObservationFilterChainDecorator$ObservationFilter.wrapFilter(ObservationFilterChainDecorator.java:240) ~[spring-security-web-6.4.2.jar:6.4.2]
	at org.springframework.security.web.ObservationFilterChainDecorator$ObservationFilter.doFilter(ObservationFilterChainDecorator.java:227) ~[spring-security-web-6.4.2.jar:6.4.2]
	at org.springframework.security.web.ObservationFilterChainDecorator$VirtualFilterChain.doFilter(ObservationFilterChainDecorator.java:137) ~[spring-security-web-6.4.2.jar:6.4.2]
	at org.springframework.web.filter.OncePerRequestFilter.doFilter(OncePerRequestFilter.java:101) ~[spring-web-6.2.1.jar:6.2.1]
	at org.springframework.security.web.ObservationFilterChainDecorator$ObservationFilter.wrapFilter(ObservationFilterChainDecorator.java:240) ~[spring-security-web-6.4.2.jar:6.4.2]
	at org.springframework.security.web.ObservationFilterChainDecorator$ObservationFilter.doFilter(ObservationFilterChainDecorator.java:227) ~[spring-security-web-6.4.2.jar:6.4.2]
	at org.springframework.security.web.ObservationFilterChainDecorator$VirtualFilterChain.doFilter(ObservationFilterChainDecorator.java:137) ~[spring-security-web-6.4.2.jar:6.4.2]
	at org.springframework.web.filter.OncePerRequestFilter.doFilter(OncePerRequestFilter.java:101) ~[spring-web-6.2.1.jar:6.2.1]
	at org.springframework.security.web.ObservationFilterChainDecorator$ObservationFilter.wrapFilter(ObservationFilterChainDecorator.java:240) ~[spring-security-web-6.4.2.jar:6.4.2]
	at org.springframework.security.web.ObservationFilterChainDecorator$AroundFilterObservation$SimpleAroundFilterObservation.lambda$wrap$0(ObservationFilterChainDecorator.java:323) ~[spring-security-web-6.4.2.jar:6.4.2]
	at org.springframework.security.web.ObservationFilterChainDecorator$ObservationFilter.doFilter(ObservationFilterChainDecorator.java:224) ~[spring-security-web-6.4.2.jar:6.4.2]
	at org.springframework.security.web.ObservationFilterChainDecorator$VirtualFilterChain.doFilter(ObservationFilterChainDecorator.java:137) ~[spring-security-web-6.4.2.jar:6.4.2]
	at org.springframework.security.web.FilterChainProxy.doFilterInternal(FilterChainProxy.java:233) ~[spring-security-web-6.4.2.jar:6.4.2]
	at org.springframework.security.web.FilterChainProxy.doFilter(FilterChainProxy.java:191) ~[spring-security-web-6.4.2.jar:6.4.2]
	at org.springframework.web.filter.CompositeFilter$VirtualFilterChain.doFilter(CompositeFilter.java:113) ~[spring-web-6.2.1.jar:6.2.1]
	at org.springframework.web.servlet.handler.HandlerMappingIntrospector.lambda$createCacheFilter$3(HandlerMappingIntrospector.java:243) ~[spring-webmvc-6.2.1.jar:6.2.1]
	at org.springframework.web.filter.CompositeFilter$VirtualFilterChain.doFilter(CompositeFilter.java:113) ~[spring-web-6.2.1.jar:6.2.1]
	at org.springframework.web.filter.CompositeFilter.doFilter(CompositeFilter.java:74) ~[spring-web-6.2.1.jar:6.2.1]
	at org.springframework.security.config.annotation.web.configuration.WebMvcSecurityConfiguration$CompositeFilterChainProxy.doFilter(WebMvcSecurityConfiguration.java:238) ~[spring-security-config-6.4.2.jar:6.4.2]
	at org.springframework.web.filter.DelegatingFilterProxy.invokeDelegate(DelegatingFilterProxy.java:362) ~[spring-web-6.2.1.jar:6.2.1]
	at org.springframework.web.filter.DelegatingFilterProxy.doFilter(DelegatingFilterProxy.java:278) ~[spring-web-6.2.1.jar:6.2.1]
	at org.apache.catalina.core.ApplicationFilterChain.internalDoFilter(ApplicationFilterChain.java:164) ~[tomcat-embed-core-10.1.34.jar:10.1.34]
	at org.apache.catalina.core.ApplicationFilterChain.doFilter(ApplicationFilterChain.java:140) ~[tomcat-embed-core-10.1.34.jar:10.1.34]
	at org.springframework.web.filter.RequestContextFilter.doFilterInternal(RequestContextFilter.java:100) ~[spring-web-6.2.1.jar:6.2.1]
	at org.springframework.web.filter.OncePerRequestFilter.doFilter(OncePerRequestFilter.java:116) ~[spring-web-6.2.1.jar:6.2.1]
	at org.apache.catalina.core.ApplicationFilterChain.internalDoFilter(ApplicationFilterChain.java:164) ~[tomcat-embed-core-10.1.34.jar:10.1.34]
	at org.apache.catalina.core.ApplicationFilterChain.doFilter(ApplicationFilterChain.java:140) ~[tomcat-embed-core-10.1.34.jar:10.1.34]
	at org.springframework.web.filter.OncePerRequestFilter.doFilter(OncePerRequestFilter.java:101) ~[spring-web-6.2.1.jar:6.2.1]
	at org.apache.catalina.core.ApplicationFilterChain.internalDoFilter(ApplicationFilterChain.java:164) ~[tomcat-embed-core-10.1.34.jar:10.1.34]
	at org.apache.catalina.core.ApplicationFilterChain.doFilter(ApplicationFilterChain.java:140) ~[tomcat-embed-core-10.1.34.jar:10.1.34]
	at org.springframework.web.filter.ServerHttpObservationFilter.doFilterInternal(ServerHttpObservationFilter.java:114) ~[spring-web-6.2.1.jar:6.2.1]
	at org.springframework.web.filter.OncePerRequestFilter.doFilter(OncePerRequestFilter.java:116) ~[spring-web-6.2.1.jar:6.2.1]
	at org.apache.catalina.core.ApplicationFilterChain.internalDoFilter(ApplicationFilterChain.java:164) ~[tomcat-embed-core-10.1.34.jar:10.1.34]
	at org.apache.catalina.core.ApplicationFilterChain.doFilter(ApplicationFilterChain.java:140) ~[tomcat-embed-core-10.1.34.jar:10.1.34]
	at org.springframework.web.filter.OncePerRequestFilter.doFilter(OncePerRequestFilter.java:101) ~[spring-web-6.2.1.jar:6.2.1]
	at org.apache.catalina.core.ApplicationFilterChain.internalDoFilter(ApplicationFilterChain.java:164) ~[tomcat-embed-core-10.1.34.jar:10.1.34]
	at org.apache.catalina.core.ApplicationFilterChain.doFilter(ApplicationFilterChain.java:140) ~[tomcat-embed-core-10.1.34.jar:10.1.34]
	at org.apache.catalina.core.ApplicationDispatcher.invoke(ApplicationDispatcher.java:633) ~[tomcat-embed-core-10.1.34.jar:10.1.34]
	at org.apache.catalina.core.ApplicationDispatcher.doDispatch(ApplicationDispatcher.java:561) ~[tomcat-embed-core-10.1.34.jar:10.1.34]
	at org.apache.catalina.core.ApplicationDispatcher.dispatch(ApplicationDispatcher.java:532) ~[tomcat-embed-core-10.1.34.jar:10.1.34]
	at org.apache.catalina.core.AsyncContextImpl$AsyncRunnable.run(AsyncContextImpl.java:601) ~[tomcat-embed-core-10.1.34.jar:10.1.34]
	at org.apache.catalina.core.AsyncContextImpl.doInternalDispatch(AsyncContextImpl.java:344) ~[tomcat-embed-core-10.1.34.jar:10.1.34]
	at org.apache.catalina.core.StandardWrapperValve.invoke(StandardWrapperValve.java:165) ~[tomcat-embed-core-10.1.34.jar:10.1.34]
	at org.apache.catalina.core.StandardContextValve.invoke(StandardContextValve.java:90) ~[tomcat-embed-core-10.1.34.jar:10.1.34]
	at org.apache.catalina.authenticator.AuthenticatorBase.invoke(AuthenticatorBase.java:483) ~[tomcat-embed-core-10.1.34.jar:10.1.34]
	at org.apache.catalina.core.StandardHostValve.invoke(StandardHostValve.java:115) ~[tomcat-embed-core-10.1.34.jar:10.1.34]
	at org.apache.catalina.valves.ErrorReportValve.invoke(ErrorReportValve.java:93) ~[tomcat-embed-core-10.1.34.jar:10.1.34]
	at org.apache.catalina.core.StandardEngineValve.invoke(StandardEngineValve.java:74) ~[tomcat-embed-core-10.1.34.jar:10.1.34]
	at org.apache.catalina.connector.CoyoteAdapter.asyncDispatch(CoyoteAdapter.java:239) ~[tomcat-embed-core-10.1.34.jar:10.1.34]
	at org.apache.coyote.AbstractProcessor.dispatch(AbstractProcessor.java:243) ~[tomcat-embed-core-10.1.34.jar:10.1.34]
	at org.apache.coyote.AbstractProcessorLight.process(AbstractProcessorLight.java:57) ~[tomcat-embed-core-10.1.34.jar:10.1.34]
	at org.apache.coyote.AbstractProtocol$ConnectionHandler.process(AbstractProtocol.java:905) ~[tomcat-embed-core-10.1.34.jar:10.1.34]
	at org.apache.tomcat.util.net.NioEndpoint$SocketProcessor.doRun(NioEndpoint.java:1741) ~[tomcat-embed-core-10.1.34.jar:10.1.34]
	at org.apache.tomcat.util.net.SocketProcessorBase.run(SocketProcessorBase.java:52) ~[tomcat-embed-core-10.1.34.jar:10.1.34]
	at org.apache.tomcat.util.threads.ThreadPoolExecutor.runWorker(ThreadPoolExecutor.java:1190) ~[tomcat-embed-core-10.1.34.jar:10.1.34]
	at org.apache.tomcat.util.threads.ThreadPoolExecutor$Worker.run(ThreadPoolExecutor.java:659) ~[tomcat-embed-core-10.1.34.jar:10.1.34]
	at org.apache.tomcat.util.threads.TaskThread$WrappingRunnable.run(TaskThread.java:63) ~[tomcat-embed-core-10.1.34.jar:10.1.34]
	at java.base/java.lang.Thread.run(Thread.java:1474) ~[na:na]

2026-04-14T15:45:02.844+01:00 ERROR 10697 --- [backend] [nio-8080-exec-3] o.a.c.c.C.[.[.[/].[dispatcherServlet]    : Servlet.service() for servlet [dispatcherServlet] threw exception

org.springframework.security.authorization.AuthorizationDeniedException: Access Denied
	at org.springframework.security.web.access.intercept.AuthorizationFilter.doFilter(AuthorizationFilter.java:99) ~[spring-security-web-6.4.2.jar:6.4.2]
	at org.springframework.security.web.ObservationFilterChainDecorator$ObservationFilter.wrapFilter(ObservationFilterChainDecorator.java:240) ~[spring-security-web-6.4.2.jar:6.4.2]
	at org.springframework.security.web.ObservationFilterChainDecorator$ObservationFilter.doFilter(ObservationFilterChainDecorator.java:227) ~[spring-security-web-6.4.2.jar:6.4.2]
	at org.springframework.security.web.ObservationFilterChainDecorator$VirtualFilterChain.doFilter(ObservationFilterChainDecorator.java:137) ~[spring-security-web-6.4.2.jar:6.4.2]
	at org.springframework.security.web.access.ExceptionTranslationFilter.doFilter(ExceptionTranslationFilter.java:126) ~[spring-security-web-6.4.2.jar:6.4.2]
	at org.springframework.security.web.access.ExceptionTranslationFilter.doFilter(ExceptionTranslationFilter.java:120) ~[spring-security-web-6.4.2.jar:6.4.2]
	at org.springframework.security.web.ObservationFilterChainDecorator$ObservationFilter.wrapFilter(ObservationFilterChainDecorator.java:240) ~[spring-security-web-6.4.2.jar:6.4.2]
	at org.springframework.security.web.ObservationFilterChainDecorator$ObservationFilter.doFilter(ObservationFilterChainDecorator.java:227) ~[spring-security-web-6.4.2.jar:6.4.2]
	at org.springframework.security.web.ObservationFilterChainDecorator$VirtualFilterChain.doFilter(ObservationFilterChainDecorator.java:137) ~[spring-security-web-6.4.2.jar:6.4.2]
	at org.springframework.security.web.session.SessionManagementFilter.doFilter(SessionManagementFilter.java:91) ~[spring-security-web-6.4.2.jar:6.4.2]
	at org.springframework.security.web.session.SessionManagementFilter.doFilter(SessionManagementFilter.java:85) ~[spring-security-web-6.4.2.jar:6.4.2]
	at org.springframework.security.web.ObservationFilterChainDecorator$ObservationFilter.wrapFilter(ObservationFilterChainDecorator.java:240) ~[spring-security-web-6.4.2.jar:6.4.2]
	at org.springframework.security.web.ObservationFilterChainDecorator$ObservationFilter.doFilter(ObservationFilterChainDecorator.java:227) ~[spring-security-web-6.4.2.jar:6.4.2]
	at org.springframework.security.web.ObservationFilterChainDecorator$VirtualFilterChain.doFilter(ObservationFilterChainDecorator.java:137) ~[spring-security-web-6.4.2.jar:6.4.2]
	at org.springframework.security.web.authentication.AnonymousAuthenticationFilter.doFilter(AnonymousAuthenticationFilter.java:100) ~[spring-security-web-6.4.2.jar:6.4.2]
	at org.springframework.security.web.ObservationFilterChainDecorator$ObservationFilter.wrapFilter(ObservationFilterChainDecorator.java:240) ~[spring-security-web-6.4.2.jar:6.4.2]
	at org.springframework.security.web.ObservationFilterChainDecorator$ObservationFilter.doFilter(ObservationFilterChainDecorator.java:227) ~[spring-security-web-6.4.2.jar:6.4.2]
	at org.springframework.security.web.ObservationFilterChainDecorator$VirtualFilterChain.doFilter(ObservationFilterChainDecorator.java:137) ~[spring-security-web-6.4.2.jar:6.4.2]
	at org.springframework.security.web.servletapi.SecurityContextHolderAwareRequestFilter.doFilter(SecurityContextHolderAwareRequestFilter.java:179) ~[spring-security-web-6.4.2.jar:6.4.2]
	at org.springframework.security.web.ObservationFilterChainDecorator$ObservationFilter.wrapFilter(ObservationFilterChainDecorator.java:240) ~[spring-security-web-6.4.2.jar:6.4.2]
	at org.springframework.security.web.ObservationFilterChainDecorator$ObservationFilter.doFilter(ObservationFilterChainDecorator.java:227) ~[spring-security-web-6.4.2.jar:6.4.2]
	at org.springframework.security.web.ObservationFilterChainDecorator$VirtualFilterChain.doFilter(ObservationFilterChainDecorator.java:137) ~[spring-security-web-6.4.2.jar:6.4.2]
	at org.springframework.security.web.savedrequest.RequestCacheAwareFilter.doFilter(RequestCacheAwareFilter.java:63) ~[spring-security-web-6.4.2.jar:6.4.2]
	at org.springframework.security.web.ObservationFilterChainDecorator$ObservationFilter.wrapFilter(ObservationFilterChainDecorator.java:240) ~[spring-security-web-6.4.2.jar:6.4.2]
	at org.springframework.security.web.ObservationFilterChainDecorator$ObservationFilter.doFilter(ObservationFilterChainDecorator.java:227) ~[spring-security-web-6.4.2.jar:6.4.2]
	at org.springframework.security.web.ObservationFilterChainDecorator$VirtualFilterChain.doFilter(ObservationFilterChainDecorator.java:137) ~[spring-security-web-6.4.2.jar:6.4.2]
	at org.springframework.web.filter.OncePerRequestFilter.doFilter(OncePerRequestFilter.java:101) ~[spring-web-6.2.1.jar:6.2.1]
	at org.springframework.security.web.ObservationFilterChainDecorator$ObservationFilter.wrapFilter(ObservationFilterChainDecorator.java:240) ~[spring-security-web-6.4.2.jar:6.4.2]
	at org.springframework.security.web.ObservationFilterChainDecorator$ObservationFilter.doFilter(ObservationFilterChainDecorator.java:227) ~[spring-security-web-6.4.2.jar:6.4.2]
	at org.springframework.security.web.ObservationFilterChainDecorator$VirtualFilterChain.doFilter(ObservationFilterChainDecorator.java:137) ~[spring-security-web-6.4.2.jar:6.4.2]
	at org.springframework.security.web.authentication.logout.LogoutFilter.doFilter(LogoutFilter.java:107) ~[spring-security-web-6.4.2.jar:6.4.2]
	at org.springframework.security.web.authentication.logout.LogoutFilter.doFilter(LogoutFilter.java:93) ~[spring-security-web-6.4.2.jar:6.4.2]
	at org.springframework.security.web.ObservationFilterChainDecorator$ObservationFilter.wrapFilter(ObservationFilterChainDecorator.java:240) ~[spring-security-web-6.4.2.jar:6.4.2]
	at org.springframework.security.web.ObservationFilterChainDecorator$ObservationFilter.doFilter(ObservationFilterChainDecorator.java:227) ~[spring-security-web-6.4.2.jar:6.4.2]
	at org.springframework.security.web.ObservationFilterChainDecorator$VirtualFilterChain.doFilter(ObservationFilterChainDecorator.java:137) ~[spring-security-web-6.4.2.jar:6.4.2]
	at org.springframework.web.filter.OncePerRequestFilter.doFilter(OncePerRequestFilter.java:101) ~[spring-web-6.2.1.jar:6.2.1]
	at org.springframework.security.web.ObservationFilterChainDecorator$ObservationFilter.wrapFilter(ObservationFilterChainDecorator.java:240) ~[spring-security-web-6.4.2.jar:6.4.2]
	at org.springframework.security.web.ObservationFilterChainDecorator$ObservationFilter.doFilter(ObservationFilterChainDecorator.java:227) ~[spring-security-web-6.4.2.jar:6.4.2]
	at org.springframework.security.web.ObservationFilterChainDecorator$VirtualFilterChain.doFilter(ObservationFilterChainDecorator.java:137) ~[spring-security-web-6.4.2.jar:6.4.2]
	at org.springframework.web.filter.OncePerRequestFilter.doFilter(OncePerRequestFilter.java:101) ~[spring-web-6.2.1.jar:6.2.1]
	at org.springframework.security.web.ObservationFilterChainDecorator$ObservationFilter.wrapFilter(ObservationFilterChainDecorator.java:240) ~[spring-security-web-6.4.2.jar:6.4.2]
	at org.springframework.security.web.ObservationFilterChainDecorator$ObservationFilter.doFilter(ObservationFilterChainDecorator.java:227) ~[spring-security-web-6.4.2.jar:6.4.2]
	at org.springframework.security.web.ObservationFilterChainDecorator$VirtualFilterChain.doFilter(ObservationFilterChainDecorator.java:137) ~[spring-security-web-6.4.2.jar:6.4.2]
	at org.springframework.security.web.context.SecurityContextHolderFilter.doFilter(SecurityContextHolderFilter.java:82) ~[spring-security-web-6.4.2.jar:6.4.2]
	at org.springframework.security.web.context.SecurityContextHolderFilter.doFilter(SecurityContextHolderFilter.java:69) ~[spring-security-web-6.4.2.jar:6.4.2]
	at org.springframework.security.web.ObservationFilterChainDecorator$ObservationFilter.wrapFilter(ObservationFilterChainDecorator.java:240) ~[spring-security-web-6.4.2.jar:6.4.2]
	at org.springframework.security.web.ObservationFilterChainDecorator$ObservationFilter.doFilter(ObservationFilterChainDecorator.java:227) ~[spring-security-web-6.4.2.jar:6.4.2]
	at org.springframework.security.web.ObservationFilterChainDecorator$VirtualFilterChain.doFilter(ObservationFilterChainDecorator.java:137) ~[spring-security-web-6.4.2.jar:6.4.2]
	at org.springframework.web.filter.OncePerRequestFilter.doFilter(OncePerRequestFilter.java:101) ~[spring-web-6.2.1.jar:6.2.1]
	at org.springframework.security.web.ObservationFilterChainDecorator$ObservationFilter.wrapFilter(ObservationFilterChainDecorator.java:240) ~[spring-security-web-6.4.2.jar:6.4.2]
	at org.springframework.security.web.ObservationFilterChainDecorator$ObservationFilter.doFilter(ObservationFilterChainDecorator.java:227) ~[spring-security-web-6.4.2.jar:6.4.2]
	at org.springframework.security.web.ObservationFilterChainDecorator$VirtualFilterChain.doFilter(ObservationFilterChainDecorator.java:137) ~[spring-security-web-6.4.2.jar:6.4.2]
	at org.springframework.web.filter.OncePerRequestFilter.doFilter(OncePerRequestFilter.java:101) ~[spring-web-6.2.1.jar:6.2.1]
	at org.springframework.security.web.ObservationFilterChainDecorator$ObservationFilter.wrapFilter(ObservationFilterChainDecorator.java:240) ~[spring-security-web-6.4.2.jar:6.4.2]
	at org.springframework.security.web.ObservationFilterChainDecorator$AroundFilterObservation$SimpleAroundFilterObservation.lambda$wrap$0(ObservationFilterChainDecorator.java:323) ~[spring-security-web-6.4.2.jar:6.4.2]
	at org.springframework.security.web.ObservationFilterChainDecorator$ObservationFilter.doFilter(ObservationFilterChainDecorator.java:224) ~[spring-security-web-6.4.2.jar:6.4.2]
	at org.springframework.security.web.ObservationFilterChainDecorator$VirtualFilterChain.doFilter(ObservationFilterChainDecorator.java:137) ~[spring-security-web-6.4.2.jar:6.4.2]
	at org.springframework.security.web.FilterChainProxy.doFilterInternal(FilterChainProxy.java:233) ~[spring-security-web-6.4.2.jar:6.4.2]
	at org.springframework.security.web.FilterChainProxy.doFilter(FilterChainProxy.java:191) ~[spring-security-web-6.4.2.jar:6.4.2]
	at org.springframework.web.filter.CompositeFilter$VirtualFilterChain.doFilter(CompositeFilter.java:113) ~[spring-web-6.2.1.jar:6.2.1]
	at org.springframework.web.servlet.handler.HandlerMappingIntrospector.lambda$createCacheFilter$3(HandlerMappingIntrospector.java:243) ~[spring-webmvc-6.2.1.jar:6.2.1]
	at org.springframework.web.filter.CompositeFilter$VirtualFilterChain.doFilter(CompositeFilter.java:113) ~[spring-web-6.2.1.jar:6.2.1]
	at org.springframework.web.filter.CompositeFilter.doFilter(CompositeFilter.java:74) ~[spring-web-6.2.1.jar:6.2.1]
	at org.springframework.security.config.annotation.web.configuration.WebMvcSecurityConfiguration$CompositeFilterChainProxy.doFilter(WebMvcSecurityConfiguration.java:238) ~[spring-security-config-6.4.2.jar:6.4.2]
	at org.springframework.web.filter.DelegatingFilterProxy.invokeDelegate(DelegatingFilterProxy.java:362) ~[spring-web-6.2.1.jar:6.2.1]
	at org.springframework.web.filter.DelegatingFilterProxy.doFilter(DelegatingFilterProxy.java:278) ~[spring-web-6.2.1.jar:6.2.1]
	at org.apache.catalina.core.ApplicationFilterChain.internalDoFilter(ApplicationFilterChain.java:164) ~[tomcat-embed-core-10.1.34.jar:10.1.34]
	at org.apache.catalina.core.ApplicationFilterChain.doFilter(ApplicationFilterChain.java:140) ~[tomcat-embed-core-10.1.34.jar:10.1.34]
	at org.springframework.web.filter.RequestContextFilter.doFilterInternal(RequestContextFilter.java:100) ~[spring-web-6.2.1.jar:6.2.1]
	at org.springframework.web.filter.OncePerRequestFilter.doFilter(OncePerRequestFilter.java:116) ~[spring-web-6.2.1.jar:6.2.1]
	at org.apache.catalina.core.ApplicationFilterChain.internalDoFilter(ApplicationFilterChain.java:164) ~[tomcat-embed-core-10.1.34.jar:10.1.34]
	at org.apache.catalina.core.ApplicationFilterChain.doFilter(ApplicationFilterChain.java:140) ~[tomcat-embed-core-10.1.34.jar:10.1.34]
	at org.springframework.web.filter.OncePerRequestFilter.doFilter(OncePerRequestFilter.java:101) ~[spring-web-6.2.1.jar:6.2.1]
	at org.apache.catalina.core.ApplicationFilterChain.internalDoFilter(ApplicationFilterChain.java:164) ~[tomcat-embed-core-10.1.34.jar:10.1.34]
	at org.apache.catalina.core.ApplicationFilterChain.doFilter(ApplicationFilterChain.java:140) ~[tomcat-embed-core-10.1.34.jar:10.1.34]
	at org.springframework.web.filter.OncePerRequestFilter.doFilter(OncePerRequestFilter.java:101) ~[spring-web-6.2.1.jar:6.2.1]
	at org.apache.catalina.core.ApplicationFilterChain.internalDoFilter(ApplicationFilterChain.java:164) ~[tomcat-embed-core-10.1.34.jar:10.1.34]
	at org.apache.catalina.core.ApplicationFilterChain.doFilter(ApplicationFilterChain.java:140) ~[tomcat-embed-core-10.1.34.jar:10.1.34]
	at org.apache.catalina.core.ApplicationDispatcher.invoke(ApplicationDispatcher.java:633) ~[tomcat-embed-core-10.1.34.jar:10.1.34]
	at org.apache.catalina.core.ApplicationDispatcher.doInclude(ApplicationDispatcher.java:511) ~[tomcat-embed-core-10.1.34.jar:10.1.34]
	at org.apache.catalina.core.ApplicationDispatcher.include(ApplicationDispatcher.java:454) ~[tomcat-embed-core-10.1.34.jar:10.1.34]
	at org.apache.catalina.core.StandardHostValve.custom(StandardHostValve.java:361) ~[tomcat-embed-core-10.1.34.jar:10.1.34]
	at org.apache.catalina.core.StandardHostValve.status(StandardHostValve.java:208) ~[tomcat-embed-core-10.1.34.jar:10.1.34]
	at org.apache.catalina.core.StandardHostValve.throwable(StandardHostValve.java:285) ~[tomcat-embed-core-10.1.34.jar:10.1.34]
	at org.apache.catalina.core.StandardHostValve.invoke(StandardHostValve.java:149) ~[tomcat-embed-core-10.1.34.jar:10.1.34]
	at org.apache.catalina.valves.ErrorReportValve.invoke(ErrorReportValve.java:93) ~[tomcat-embed-core-10.1.34.jar:10.1.34]
	at org.apache.catalina.core.StandardEngineValve.invoke(StandardEngineValve.java:74) ~[tomcat-embed-core-10.1.34.jar:10.1.34]
	at org.apache.catalina.connector.CoyoteAdapter.asyncDispatch(CoyoteAdapter.java:239) ~[tomcat-embed-core-10.1.34.jar:10.1.34]
	at org.apache.coyote.AbstractProcessor.dispatch(AbstractProcessor.java:243) ~[tomcat-embed-core-10.1.34.jar:10.1.34]
	at org.apache.coyote.AbstractProcessorLight.process(AbstractProcessorLight.java:57) ~[tomcat-embed-core-10.1.34.jar:10.1.34]
	at org.apache.coyote.AbstractProtocol$ConnectionHandler.process(AbstractProtocol.java:905) ~[tomcat-embed-core-10.1.34.jar:10.1.34]
	at org.apache.tomcat.util.net.NioEndpoint$SocketProcessor.doRun(NioEndpoint.java:1741) ~[tomcat-embed-core-10.1.34.jar:10.1.34]
	at org.apache.tomcat.util.net.SocketProcessorBase.run(SocketProcessorBase.java:52) ~[tomcat-embed-core-10.1.34.jar:10.1.34]
	at org.apache.tomcat.util.threads.ThreadPoolExecutor.runWorker(ThreadPoolExecutor.java:1190) ~[tomcat-embed-core-10.1.34.jar:10.1.34]
	at org.apache.tomcat.util.threads.ThreadPoolExecutor$Worker.run(ThreadPoolExecutor.java:659) ~[tomcat-embed-core-10.1.34.jar:10.1.34]
	at org.apache.tomcat.util.threads.TaskThread$WrappingRunnable.run(TaskThread.java:63) ~[tomcat-embed-core-10.1.34.jar:10.1.34]
	at java.base/java.lang.Thread.run(Thread.java:1474) ~[na:na]

2026-04-14T15:45:02.846+01:00 ERROR 10697 --- [backend] [nio-8080-exec-3] o.a.c.c.C.[Tomcat].[localhost]           : Exception Processing [ErrorPage[errorCode=0, location=/error]]

jakarta.servlet.ServletException: Unable to handle the Spring Security Exception because the response is already committed.
	at org.springframework.security.web.access.ExceptionTranslationFilter.doFilter(ExceptionTranslationFilter.java:144) ~[spring-security-web-6.4.2.jar:6.4.2]
	at org.springframework.security.web.access.ExceptionTranslationFilter.doFilter(ExceptionTranslationFilter.java:120) ~[spring-security-web-6.4.2.jar:6.4.2]
	at org.springframework.security.web.ObservationFilterChainDecorator$ObservationFilter.wrapFilter(ObservationFilterChainDecorator.java:240) ~[spring-security-web-6.4.2.jar:6.4.2]
	at org.springframework.security.web.ObservationFilterChainDecorator$ObservationFilter.doFilter(ObservationFilterChainDecorator.java:227) ~[spring-security-web-6.4.2.jar:6.4.2]
	at org.springframework.security.web.ObservationFilterChainDecorator$VirtualFilterChain.doFilter(ObservationFilterChainDecorator.java:137) ~[spring-security-web-6.4.2.jar:6.4.2]
	at org.springframework.security.web.session.SessionManagementFilter.doFilter(SessionManagementFilter.java:91) ~[spring-security-web-6.4.2.jar:6.4.2]
	at org.springframework.security.web.session.SessionManagementFilter.doFilter(SessionManagementFilter.java:85) ~[spring-security-web-6.4.2.jar:6.4.2]
	at org.springframework.security.web.ObservationFilterChainDecorator$ObservationFilter.wrapFilter(ObservationFilterChainDecorator.java:240) ~[spring-security-web-6.4.2.jar:6.4.2]
	at org.springframework.security.web.ObservationFilterChainDecorator$ObservationFilter.doFilter(ObservationFilterChainDecorator.java:227) ~[spring-security-web-6.4.2.jar:6.4.2]
	at org.springframework.security.web.ObservationFilterChainDecorator$VirtualFilterChain.doFilter(ObservationFilterChainDecorator.java:137) ~[spring-security-web-6.4.2.jar:6.4.2]
	at org.springframework.security.web.authentication.AnonymousAuthenticationFilter.doFilter(AnonymousAuthenticationFilter.java:100) ~[spring-security-web-6.4.2.jar:6.4.2]
	at org.springframework.security.web.ObservationFilterChainDecorator$ObservationFilter.wrapFilter(ObservationFilterChainDecorator.java:240) ~[spring-security-web-6.4.2.jar:6.4.2]
	at org.springframework.security.web.ObservationFilterChainDecorator$ObservationFilter.doFilter(ObservationFilterChainDecorator.java:227) ~[spring-security-web-6.4.2.jar:6.4.2]
	at org.springframework.security.web.ObservationFilterChainDecorator$VirtualFilterChain.doFilter(ObservationFilterChainDecorator.java:137) ~[spring-security-web-6.4.2.jar:6.4.2]
	at org.springframework.security.web.servletapi.SecurityContextHolderAwareRequestFilter.doFilter(SecurityContextHolderAwareRequestFilter.java:179) ~[spring-security-web-6.4.2.jar:6.4.2]
	at org.springframework.security.web.ObservationFilterChainDecorator$ObservationFilter.wrapFilter(ObservationFilterChainDecorator.java:240) ~[spring-security-web-6.4.2.jar:6.4.2]
	at org.springframework.security.web.ObservationFilterChainDecorator$ObservationFilter.doFilter(ObservationFilterChainDecorator.java:227) ~[spring-security-web-6.4.2.jar:6.4.2]
	at org.springframework.security.web.ObservationFilterChainDecorator$VirtualFilterChain.doFilter(ObservationFilterChainDecorator.java:137) ~[spring-security-web-6.4.2.jar:6.4.2]
	at org.springframework.security.web.savedrequest.RequestCacheAwareFilter.doFilter(RequestCacheAwareFilter.java:63) ~[spring-security-web-6.4.2.jar:6.4.2]
	at org.springframework.security.web.ObservationFilterChainDecorator$ObservationFilter.wrapFilter(ObservationFilterChainDecorator.java:240) ~[spring-security-web-6.4.2.jar:6.4.2]
	at org.springframework.security.web.ObservationFilterChainDecorator$ObservationFilter.doFilter(ObservationFilterChainDecorator.java:227) ~[spring-security-web-6.4.2.jar:6.4.2]
	at org.springframework.security.web.ObservationFilterChainDecorator$VirtualFilterChain.doFilter(ObservationFilterChainDecorator.java:137) ~[spring-security-web-6.4.2.jar:6.4.2]
	at org.springframework.web.filter.OncePerRequestFilter.doFilter(OncePerRequestFilter.java:101) ~[spring-web-6.2.1.jar:6.2.1]
	at org.springframework.security.web.ObservationFilterChainDecorator$ObservationFilter.wrapFilter(ObservationFilterChainDecorator.java:240) ~[spring-security-web-6.4.2.jar:6.4.2]
	at org.springframework.security.web.ObservationFilterChainDecorator$ObservationFilter.doFilter(ObservationFilterChainDecorator.java:227) ~[spring-security-web-6.4.2.jar:6.4.2]
	at org.springframework.security.web.ObservationFilterChainDecorator$VirtualFilterChain.doFilter(ObservationFilterChainDecorator.java:137) ~[spring-security-web-6.4.2.jar:6.4.2]
	at org.springframework.security.web.authentication.logout.LogoutFilter.doFilter(LogoutFilter.java:107) ~[spring-security-web-6.4.2.jar:6.4.2]
	at org.springframework.security.web.authentication.logout.LogoutFilter.doFilter(LogoutFilter.java:93) ~[spring-security-web-6.4.2.jar:6.4.2]
	at org.springframework.security.web.ObservationFilterChainDecorator$ObservationFilter.wrapFilter(ObservationFilterChainDecorator.java:240) ~[spring-security-web-6.4.2.jar:6.4.2]
	at org.springframework.security.web.ObservationFilterChainDecorator$ObservationFilter.doFilter(ObservationFilterChainDecorator.java:227) ~[spring-security-web-6.4.2.jar:6.4.2]
	at org.springframework.security.web.ObservationFilterChainDecorator$VirtualFilterChain.doFilter(ObservationFilterChainDecorator.java:137) ~[spring-security-web-6.4.2.jar:6.4.2]
	at org.springframework.web.filter.OncePerRequestFilter.doFilter(OncePerRequestFilter.java:101) ~[spring-web-6.2.1.jar:6.2.1]
	at org.springframework.security.web.ObservationFilterChainDecorator$ObservationFilter.wrapFilter(ObservationFilterChainDecorator.java:240) ~[spring-security-web-6.4.2.jar:6.4.2]
	at org.springframework.security.web.ObservationFilterChainDecorator$ObservationFilter.doFilter(ObservationFilterChainDecorator.java:227) ~[spring-security-web-6.4.2.jar:6.4.2]
	at org.springframework.security.web.ObservationFilterChainDecorator$VirtualFilterChain.doFilter(ObservationFilterChainDecorator.java:137) ~[spring-security-web-6.4.2.jar:6.4.2]
	at org.springframework.web.filter.OncePerRequestFilter.doFilter(OncePerRequestFilter.java:101) ~[spring-web-6.2.1.jar:6.2.1]
	at org.springframework.security.web.ObservationFilterChainDecorator$ObservationFilter.wrapFilter(ObservationFilterChainDecorator.java:240) ~[spring-security-web-6.4.2.jar:6.4.2]
	at org.springframework.security.web.ObservationFilterChainDecorator$ObservationFilter.doFilter(ObservationFilterChainDecorator.java:227) ~[spring-security-web-6.4.2.jar:6.4.2]
	at org.springframework.security.web.ObservationFilterChainDecorator$VirtualFilterChain.doFilter(ObservationFilterChainDecorator.java:137) ~[spring-security-web-6.4.2.jar:6.4.2]
	at org.springframework.security.web.context.SecurityContextHolderFilter.doFilter(SecurityContextHolderFilter.java:82) ~[spring-security-web-6.4.2.jar:6.4.2]
	at org.springframework.security.web.context.SecurityContextHolderFilter.doFilter(SecurityContextHolderFilter.java:69) ~[spring-security-web-6.4.2.jar:6.4.2]
	at org.springframework.security.web.ObservationFilterChainDecorator$ObservationFilter.wrapFilter(ObservationFilterChainDecorator.java:240) ~[spring-security-web-6.4.2.jar:6.4.2]
	at org.springframework.security.web.ObservationFilterChainDecorator$ObservationFilter.doFilter(ObservationFilterChainDecorator.java:227) ~[spring-security-web-6.4.2.jar:6.4.2]
	at org.springframework.security.web.ObservationFilterChainDecorator$VirtualFilterChain.doFilter(ObservationFilterChainDecorator.java:137) ~[spring-security-web-6.4.2.jar:6.4.2]
	at org.springframework.web.filter.OncePerRequestFilter.doFilter(OncePerRequestFilter.java:101) ~[spring-web-6.2.1.jar:6.2.1]
	at org.springframework.security.web.ObservationFilterChainDecorator$ObservationFilter.wrapFilter(ObservationFilterChainDecorator.java:240) ~[spring-security-web-6.4.2.jar:6.4.2]
	at org.springframework.security.web.ObservationFilterChainDecorator$ObservationFilter.doFilter(ObservationFilterChainDecorator.java:227) ~[spring-security-web-6.4.2.jar:6.4.2]
	at org.springframework.security.web.ObservationFilterChainDecorator$VirtualFilterChain.doFilter(ObservationFilterChainDecorator.java:137) ~[spring-security-web-6.4.2.jar:6.4.2]
	at org.springframework.web.filter.OncePerRequestFilter.doFilter(OncePerRequestFilter.java:101) ~[spring-web-6.2.1.jar:6.2.1]
	at org.springframework.security.web.ObservationFilterChainDecorator$ObservationFilter.wrapFilter(ObservationFilterChainDecorator.java:240) ~[spring-security-web-6.4.2.jar:6.4.2]
	at org.springframework.security.web.ObservationFilterChainDecorator$AroundFilterObservation$SimpleAroundFilterObservation.lambda$wrap$0(ObservationFilterChainDecorator.java:323) ~[spring-security-web-6.4.2.jar:6.4.2]
	at org.springframework.security.web.ObservationFilterChainDecorator$ObservationFilter.doFilter(ObservationFilterChainDecorator.java:224) ~[spring-security-web-6.4.2.jar:6.4.2]
	at org.springframework.security.web.ObservationFilterChainDecorator$VirtualFilterChain.doFilter(ObservationFilterChainDecorator.java:137) ~[spring-security-web-6.4.2.jar:6.4.2]
	at org.springframework.security.web.FilterChainProxy.doFilterInternal(FilterChainProxy.java:233) ~[spring-security-web-6.4.2.jar:6.4.2]
	at org.springframework.security.web.FilterChainProxy.doFilter(FilterChainProxy.java:191) ~[spring-security-web-6.4.2.jar:6.4.2]
	at org.springframework.web.filter.CompositeFilter$VirtualFilterChain.doFilter(CompositeFilter.java:113) ~[spring-web-6.2.1.jar:6.2.1]
	at org.springframework.web.servlet.handler.HandlerMappingIntrospector.lambda$createCacheFilter$3(HandlerMappingIntrospector.java:243) ~[spring-webmvc-6.2.1.jar:6.2.1]
	at org.springframework.web.filter.CompositeFilter$VirtualFilterChain.doFilter(CompositeFilter.java:113) ~[spring-web-6.2.1.jar:6.2.1]
	at org.springframework.web.filter.CompositeFilter.doFilter(CompositeFilter.java:74) ~[spring-web-6.2.1.jar:6.2.1]
	at org.springframework.security.config.annotation.web.configuration.WebMvcSecurityConfiguration$CompositeFilterChainProxy.doFilter(WebMvcSecurityConfiguration.java:238) ~[spring-security-config-6.4.2.jar:6.4.2]
	at org.springframework.web.filter.DelegatingFilterProxy.invokeDelegate(DelegatingFilterProxy.java:362) ~[spring-web-6.2.1.jar:6.2.1]
	at org.springframework.web.filter.DelegatingFilterProxy.doFilter(DelegatingFilterProxy.java:278) ~[spring-web-6.2.1.jar:6.2.1]
	at org.apache.catalina.core.ApplicationFilterChain.internalDoFilter(ApplicationFilterChain.java:164) ~[tomcat-embed-core-10.1.34.jar:10.1.34]
	at org.apache.catalina.core.ApplicationFilterChain.doFilter(ApplicationFilterChain.java:140) ~[tomcat-embed-core-10.1.34.jar:10.1.34]
	at org.springframework.web.filter.RequestContextFilter.doFilterInternal(RequestContextFilter.java:100) ~[spring-web-6.2.1.jar:6.2.1]
	at org.springframework.web.filter.OncePerRequestFilter.doFilter(OncePerRequestFilter.java:116) ~[spring-web-6.2.1.jar:6.2.1]
	at org.apache.catalina.core.ApplicationFilterChain.internalDoFilter(ApplicationFilterChain.java:164) ~[tomcat-embed-core-10.1.34.jar:10.1.34]
	at org.apache.catalina.core.ApplicationFilterChain.doFilter(ApplicationFilterChain.java:140) ~[tomcat-embed-core-10.1.34.jar:10.1.34]
	at org.springframework.web.filter.OncePerRequestFilter.doFilter(OncePerRequestFilter.java:101) ~[spring-web-6.2.1.jar:6.2.1]
	at org.apache.catalina.core.ApplicationFilterChain.internalDoFilter(ApplicationFilterChain.java:164) ~[tomcat-embed-core-10.1.34.jar:10.1.34]
	at org.apache.catalina.core.ApplicationFilterChain.doFilter(ApplicationFilterChain.java:140) ~[tomcat-embed-core-10.1.34.jar:10.1.34]
	at org.springframework.web.filter.OncePerRequestFilter.doFilter(OncePerRequestFilter.java:101) ~[spring-web-6.2.1.jar:6.2.1]
	at org.apache.catalina.core.ApplicationFilterChain.internalDoFilter(ApplicationFilterChain.java:164) ~[tomcat-embed-core-10.1.34.jar:10.1.34]
	at org.apache.catalina.core.ApplicationFilterChain.doFilter(ApplicationFilterChain.java:140) ~[tomcat-embed-core-10.1.34.jar:10.1.34]
	at org.apache.catalina.core.ApplicationDispatcher.invoke(ApplicationDispatcher.java:633) ~[tomcat-embed-core-10.1.34.jar:10.1.34]
	at org.apache.catalina.core.ApplicationDispatcher.doInclude(ApplicationDispatcher.java:511) ~[tomcat-embed-core-10.1.34.jar:10.1.34]
	at org.apache.catalina.core.ApplicationDispatcher.include(ApplicationDispatcher.java:454) ~[tomcat-embed-core-10.1.34.jar:10.1.34]
	at org.apache.catalina.core.StandardHostValve.custom(StandardHostValve.java:361) ~[tomcat-embed-core-10.1.34.jar:10.1.34]
	at org.apache.catalina.core.StandardHostValve.status(StandardHostValve.java:208) ~[tomcat-embed-core-10.1.34.jar:10.1.34]
	at org.apache.catalina.core.StandardHostValve.throwable(StandardHostValve.java:285) ~[tomcat-embed-core-10.1.34.jar:10.1.34]
	at org.apache.catalina.core.StandardHostValve.invoke(StandardHostValve.java:149) ~[tomcat-embed-core-10.1.34.jar:10.1.34]
	at org.apache.catalina.valves.ErrorReportValve.invoke(ErrorReportValve.java:93) ~[tomcat-embed-core-10.1.34.jar:10.1.34]
	at org.apache.catalina.core.StandardEngineValve.invoke(StandardEngineValve.java:74) ~[tomcat-embed-core-10.1.34.jar:10.1.34]
	at org.apache.catalina.connector.CoyoteAdapter.asyncDispatch(CoyoteAdapter.java:239) ~[tomcat-embed-core-10.1.34.jar:10.1.34]
	at org.apache.coyote.AbstractProcessor.dispatch(AbstractProcessor.java:243) ~[tomcat-embed-core-10.1.34.jar:10.1.34]
	at org.apache.coyote.AbstractProcessorLight.process(AbstractProcessorLight.java:57) ~[tomcat-embed-core-10.1.34.jar:10.1.34]
	at org.apache.coyote.AbstractProtocol$ConnectionHandler.process(AbstractProtocol.java:905) ~[tomcat-embed-core-10.1.34.jar:10.1.34]
	at org.apache.tomcat.util.net.NioEndpoint$SocketProcessor.doRun(NioEndpoint.java:1741) ~[tomcat-embed-core-10.1.34.jar:10.1.34]
	at org.apache.tomcat.util.net.SocketProcessorBase.run(SocketProcessorBase.java:52) ~[tomcat-embed-core-10.1.34.jar:10.1.34]
	at org.apache.tomcat.util.threads.ThreadPoolExecutor.runWorker(ThreadPoolExecutor.java:1190) ~[tomcat-embed-core-10.1.34.jar:10.1.34]
	at org.apache.tomcat.util.threads.ThreadPoolExecutor$Worker.run(ThreadPoolExecutor.java:659) ~[tomcat-embed-core-10.1.34.jar:10.1.34]
	at org.apache.tomcat.util.threads.TaskThread$WrappingRunnable.run(TaskThread.java:63) ~[tomcat-embed-core-10.1.34.jar:10.1.34]
	at java.base/java.lang.Thread.run(Thread.java:1474) ~[na:na]
Caused by: org.springframework.security.authorization.AuthorizationDeniedException: Access Denied
	at org.springframework.security.web.access.intercept.AuthorizationFilter.doFilter(AuthorizationFilter.java:99) ~[spring-security-web-6.4.2.jar:6.4.2]
	at org.springframework.security.web.ObservationFilterChainDecorator$ObservationFilter.wrapFilter(ObservationFilterChainDecorator.java:240) ~[spring-security-web-6.4.2.jar:6.4.2]
	at org.springframework.security.web.ObservationFilterChainDecorator$ObservationFilter.doFilter(ObservationFilterChainDecorator.java:227) ~[spring-security-web-6.4.2.jar:6.4.2]
	at org.springframework.security.web.ObservationFilterChainDecorator$VirtualFilterChain.doFilter(ObservationFilterChainDecorator.java:137) ~[spring-security-web-6.4.2.jar:6.4.2]
	at org.springframework.security.web.access.ExceptionTranslationFilter.doFilter(ExceptionTranslationFilter.java:126) ~[spring-security-web-6.4.2.jar:6.4.2]
	... 92 common frames omitted

2026-04-14T15:45:02.848+01:00  INFO 10697 --- [backend] [nio-8080-exec-3] c.m.b.n.sse.SseEmitterRegistry           : SSE connexion terminée pour userId=18
Hibernate: 
    select
        u1_0.id,
        u1_0.bio,
        u1_0.created_at,
        u1_0.is_deleted,
        u1_0.email,
        u1_0.first_name,
        u1_0.last_name,
        u1_0.password,
        u1_0.phone_number,
        u1_0.photo_url,
        u1_0.role,
        u1_0.status,
        u1_0.updated_at,
        u1_0.user_code 
    from
        users u1_0 
    where
        u1_0.email=? 
        and not(u1_0.is_deleted)
Hibernate: 
    select
        u1_0.id,
        u1_0.bio,
        u1_0.created_at,
        u1_0.is_deleted,
        u1_0.email,
        u1_0.first_name,
        u1_0.last_name,
        u1_0.password,
        u1_0.phone_number,
        u1_0.photo_url,
        u1_0.role,
        u1_0.status,
        u1_0.updated_at,
        u1_0.user_code 
    from
        users u1_0 
    where
        u1_0.email=? 
        and not(u1_0.is_deleted)
Hibernate: 
    select
        n1_0.id,
        n1_0.created_at,
        n1_0.is_read,
        n1_0.message,
        n1_0.title,
        n1_0.notification_type,
        n1_0.user_id 
    from
        notifications n1_0 
    where
        n1_0.user_id=? 
    order by
        n1_0.created_at desc 
    limit
        ?
Hibernate: 
    select
        count(n1_0.id) 
    from
        notifications n1_0 
    where
        n1_0.user_id=? 
        and not(n1_0.is_read)
Hibernate: 
    select
        u1_0.id,
        u1_0.bio,
        u1_0.created_at,
        u1_0.is_deleted,
        u1_0.email,
        u1_0.first_name,
        u1_0.last_name,
        u1_0.password,
        u1_0.phone_number,
        u1_0.photo_url,
        u1_0.role,
        u1_0.status,
        u1_0.updated_at,
        u1_0.user_code 
    from
        users u1_0 
    where
        u1_0.email=? 
        and not(u1_0.is_deleted)
Hibernate: 
    select
        count(m1_0.id) 
    from
        messages m1_0 
    where
        m1_0.recipient_id=? 
        and not(m1_0.is_read) 
        and not(m1_0.archived)
Hibernate: 
    select
        u1_0.id,
        u1_0.bio,
        u1_0.created_at,
        u1_0.is_deleted,
        u1_0.email,
        u1_0.first_name,
        u1_0.last_name,
        u1_0.password,
        u1_0.phone_number,
        u1_0.photo_url,
        u1_0.role,
        u1_0.status,
        u1_0.updated_at,
        u1_0.user_code 
    from
        users u1_0 
    where
        u1_0.email=? 
        and not(u1_0.is_deleted)
Hibernate: 
    select
        u1_0.id,
        u1_0.bio,
        u1_0.created_at,
        u1_0.is_deleted,
        u1_0.email,
        u1_0.first_name,
        u1_0.last_name,
        u1_0.password,
        u1_0.phone_number,
        u1_0.photo_url,
        u1_0.role,
        u1_0.status,
        u1_0.updated_at,
        u1_0.user_code 
    from
        users u1_0 
    where
        u1_0.email=? 
        and not(u1_0.is_deleted)
Hibernate: 
    select
        u1_0.id,
        u1_0.bio,
        u1_0.created_at,
        u1_0.is_deleted,
        u1_0.email,
        u1_0.first_name,
        u1_0.last_name,
        u1_0.password,
        u1_0.phone_number,
        u1_0.photo_url,
        u1_0.role,
        u1_0.status,
        u1_0.updated_at,
        u1_0.user_code 
    from
        users u1_0 
    where
        u1_0.email=? 
        and not(u1_0.is_deleted)
Hibernate: 
    select
        count(n1_0.id) 
    from
        notifications n1_0 
    where
        n1_0.user_id=? 
        and not(n1_0.is_read)
Hibernate: 
    select
        n1_0.id,
        n1_0.created_at,
        n1_0.is_read,
        n1_0.message,
        n1_0.title,
        n1_0.notification_type,
        n1_0.user_id 
    from
        notifications n1_0 
    where
        n1_0.user_id=? 
    order by
        n1_0.created_at desc 
    limit
        ?
Hibernate: 
    select
        count(m1_0.id) 
    from
        messages m1_0 
    where
        m1_0.recipient_id=? 
        and not(m1_0.is_read) 
        and not(m1_0.archived)
Hibernate: 
    select
        u1_0.id,
        u1_0.bio,
        u1_0.created_at,
        u1_0.is_deleted,
        u1_0.email,
        u1_0.first_name,
        u1_0.last_name,
        u1_0.password,
        u1_0.phone_number,
        u1_0.photo_url,
        u1_0.role,
        u1_0.status,
        u1_0.updated_at,
        u1_0.user_code 
    from
        users u1_0 
    where
        u1_0.email=? 
        and not(u1_0.is_deleted)
Hibernate: 
    select
        b1_0.id,
        b1_0.academic_year_id,
        b1_0.archived,
        b1_0.class_average,
        b1_0.cohort_id,
        b1_0.council_decision,
        b1_0.created_at,
        b1_0.created_by,
        b1_0.general_average,
        b1_0.head_teacher_comment,
        b1_0.highest_average,
        b1_0.lowest_average,
        b1_0.published_at,
        b1_0.rank_in_cohort,
        b1_0.semester,
        b1_0.status,
        b1_0.student_id,
        b1_0.total_credits_acquired,
        b1_0.total_credits_possible,
        b1_0.total_students_in_cohort,
        b1_0.updated_at,
        b1_0.updated_by 
    from
        bulletins b1_0 
    join
        students s1_0 
            on s1_0.id=b1_0.student_id 
    join
        academic_years ay1_0 
            on ay1_0.id=b1_0.academic_year_id 
    where
        s1_0.id=? 
        and b1_0.semester=? 
        and ay1_0.id=? 
        and not(b1_0.archived)
2026-04-14T15:47:13.126+01:00  WARN 10697 --- [backend] [nio-8080-exec-1] .m.m.a.ExceptionHandlerExceptionResolver : Resolved [com.mydbs.backend.common.exception.ResourceNotFoundException: Bulletin introuvable pour cet étudiant]
Hibernate: 
    select
        u1_0.id,
        u1_0.bio,
        u1_0.created_at,
        u1_0.is_deleted,
        u1_0.email,
        u1_0.first_name,
        u1_0.last_name,
        u1_0.password,
        u1_0.phone_number,
        u1_0.photo_url,
        u1_0.role,
        u1_0.status,
        u1_0.updated_at,
        u1_0.user_code 
    from
        users u1_0 
    where
        u1_0.email=? 
        and not(u1_0.is_deleted)
2026-04-14T15:47:13.144+01:00  WARN 10697 --- [backend] [nio-8080-exec-6] .m.m.a.ExceptionHandlerExceptionResolver : Resolved [org.springframework.web.servlet.resource.NoResourceFoundException: No static resource v1/grades/bulletins/students/13.]
Hibernate: 
    select
        u1_0.id,
        u1_0.bio,
        u1_0.created_at,
        u1_0.is_deleted,
        u1_0.email,
        u1_0.first_name,
        u1_0.last_name,
        u1_0.password,
        u1_0.phone_number,
        u1_0.photo_url,
        u1_0.role,
        u1_0.status,
        u1_0.updated_at,
        u1_0.user_code 
    from
        users u1_0 
    where
        u1_0.email=? 
        and not(u1_0.is_deleted)
Hibernate: 
    select
        b1_0.id,
        b1_0.academic_year_id,
        b1_0.archived,
        b1_0.class_average,
        b1_0.cohort_id,
        b1_0.council_decision,
        b1_0.created_at,
        b1_0.created_by,
        b1_0.general_average,
        b1_0.head_teacher_comment,
        b1_0.highest_average,
        b1_0.lowest_average,
        b1_0.published_at,
        b1_0.rank_in_cohort,
        b1_0.semester,
        b1_0.status,
        b1_0.student_id,
        b1_0.total_credits_acquired,
        b1_0.total_credits_possible,
        b1_0.total_students_in_cohort,
        b1_0.updated_at,
        b1_0.updated_by 
    from
        bulletins b1_0 
    join
        students s1_0 
            on s1_0.id=b1_0.student_id 
    join
        academic_years ay1_0 
            on ay1_0.id=b1_0.academic_year_id 
    where
        s1_0.id=? 
        and b1_0.semester=? 
        and ay1_0.id=? 
        and not(b1_0.archived)
2026-04-14T15:47:14.008+01:00  WARN 10697 --- [backend] [nio-8080-exec-4] .m.m.a.ExceptionHandlerExceptionResolver : Resolved [com.mydbs.backend.common.exception.ResourceNotFoundException: Bulletin introuvable pour cet étudiant]
Hibernate: 
    select
        u1_0.id,
        u1_0.bio,
        u1_0.created_at,
        u1_0.is_deleted,
        u1_0.email,
        u1_0.first_name,
        u1_0.last_name,
        u1_0.password,
        u1_0.phone_number,
        u1_0.photo_url,
        u1_0.role,
        u1_0.status,
        u1_0.updated_at,
        u1_0.user_code 
    from
        users u1_0 
    where
        u1_0.email=? 
        and not(u1_0.is_deleted)
2026-04-14T15:47:14.026+01:00  WARN 10697 --- [backend] [nio-8080-exec-2] .m.m.a.ExceptionHandlerExceptionResolver : Resolved [org.springframework.web.servlet.resource.NoResourceFoundException: No static resource v1/grades/bulletins/students/13.]
Hibernate: 
    select
        u1_0.id,
        u1_0.bio,
        u1_0.created_at,
        u1_0.is_deleted,
        u1_0.email,
        u1_0.first_name,
        u1_0.last_name,
        u1_0.password,
        u1_0.phone_number,
        u1_0.photo_url,
        u1_0.role,
        u1_0.status,
        u1_0.updated_at,
        u1_0.user_code 
    from
        users u1_0 
    where
        u1_0.email=? 
        and not(u1_0.is_deleted)
Hibernate: 
    select
        b1_0.id,
        b1_0.academic_year_id,
        b1_0.archived,
        b1_0.class_average,
        b1_0.cohort_id,
        b1_0.council_decision,
        b1_0.created_at,
        b1_0.created_by,
        b1_0.general_average,
        b1_0.head_teacher_comment,
        b1_0.highest_average,
        b1_0.lowest_average,
        b1_0.published_at,
        b1_0.rank_in_cohort,
        b1_0.semester,
        b1_0.status,
        b1_0.student_id,
        b1_0.total_credits_acquired,
        b1_0.total_credits_possible,
        b1_0.total_students_in_cohort,
        b1_0.updated_at,
        b1_0.updated_by 
    from
        bulletins b1_0 
    join
        students s1_0 
            on s1_0.id=b1_0.student_id 
    join
        academic_years ay1_0 
            on ay1_0.id=b1_0.academic_year_id 
    where
        s1_0.id=? 
        and b1_0.semester=? 
        and ay1_0.id=? 
        and not(b1_0.archived)
2026-04-14T15:47:15.954+01:00  WARN 10697 --- [backend] [nio-8080-exec-7] .m.m.a.ExceptionHandlerExceptionResolver : Resolved [com.mydbs.backend.common.exception.ResourceNotFoundException: Bulletin introuvable pour cet étudiant]
Hibernate: 
    select
        u1_0.id,
        u1_0.bio,
        u1_0.created_at,
        u1_0.is_deleted,
        u1_0.email,
        u1_0.first_name,
        u1_0.last_name,
        u1_0.password,
        u1_0.phone_number,
        u1_0.photo_url,
        u1_0.role,
        u1_0.status,
        u1_0.updated_at,
        u1_0.user_code 
    from
        users u1_0 
    where
        u1_0.email=? 
        and not(u1_0.is_deleted)
2026-04-14T15:47:15.975+01:00  WARN 10697 --- [backend] [nio-8080-exec-9] .m.m.a.ExceptionHandlerExceptionResolver : Resolved [org.springframework.web.servlet.resource.NoResourceFoundException: No static resource v1/grades/bulletins/students/13.]
Hibernate: 
    select
        u1_0.id,
        u1_0.bio,
        u1_0.created_at,
        u1_0.is_deleted,
        u1_0.email,
        u1_0.first_name,
        u1_0.last_name,
        u1_0.password,
        u1_0.phone_number,
        u1_0.photo_url,
        u1_0.role,
        u1_0.status,
        u1_0.updated_at,
        u1_0.user_code 
    from
        users u1_0 
    where
        u1_0.email=? 
        and not(u1_0.is_deleted)
Hibernate: 
    select
        u1_0.id,
        u1_0.bio,
        u1_0.created_at,
        u1_0.is_deleted,
        u1_0.email,
        u1_0.first_name,
        u1_0.last_name,
        u1_0.password,
        u1_0.phone_number,
        u1_0.photo_url,
        u1_0.role,
        u1_0.status,
        u1_0.updated_at,
        u1_0.user_code 
    from
        users u1_0 
    where
        u1_0.email=? 
        and not(u1_0.is_deleted)
Hibernate: 
    select
        u1_0.id,
        u1_0.bio,
        u1_0.created_at,
        u1_0.is_deleted,
        u1_0.email,
        u1_0.first_name,
        u1_0.last_name,
        u1_0.password,
        u1_0.phone_number,
        u1_0.photo_url,
        u1_0.role,
        u1_0.status,
        u1_0.updated_at,
        u1_0.user_code 
    from
        users u1_0 
    where
        u1_0.email=? 
        and not(u1_0.is_deleted)
Hibernate: 
    select
        u1_0.id,
        u1_0.bio,
        u1_0.created_at,
        u1_0.is_deleted,
        u1_0.email,
        u1_0.first_name,
        u1_0.last_name,
        u1_0.password,
        u1_0.phone_number,
        u1_0.photo_url,
        u1_0.role,
        u1_0.status,
        u1_0.updated_at,
        u1_0.user_code 
    from
        users u1_0 
    where
        u1_0.email=? 
        and not(u1_0.is_deleted)
Hibernate: 
    select
        count(m1_0.id) 
    from
        messages m1_0 
    where
        m1_0.recipient_id=? 
        and not(m1_0.is_read) 
        and not(m1_0.archived)
Hibernate: 
    select
        count(n1_0.id) 
    from
        notifications n1_0 
    where
        n1_0.user_id=? 
        and not(n1_0.is_read)
Hibernate: 
    select
        n1_0.id,
        n1_0.created_at,
        n1_0.is_read,
        n1_0.message,
        n1_0.title,
        n1_0.notification_type,
        n1_0.user_id 
    from
        notifications n1_0 
    where
        n1_0.user_id=? 
    order by
        n1_0.created_at desc 
    limit
        ?
Hibernate: 
    select
        u1_0.id,
        u1_0.bio,
        u1_0.created_at,
        u1_0.is_deleted,
        u1_0.email,
        u1_0.first_name,
        u1_0.last_name,
        u1_0.password,
        u1_0.phone_number,
        u1_0.photo_url,
        u1_0.role,
        u1_0.status,
        u1_0.updated_at,
        u1_0.user_code 
    from
        users u1_0 
    where
        u1_0.email=?
Hibernate: 
    select
        s1_0.id,
        s1_0.academic_year_id,
        s1_0.address_line,
        s1_0.admission_date,
        s1_0.admission_number,
        s1_0.archived,
        s1_0.city,
        s1_0.city_of_birth,
        s1_0.class_id,
        s1_0.cohort_id,
        s1_0.country,
        s1_0.country_of_birth,
        s1_0.created_at,
        s1_0.created_by,
        s1_0.date_of_birth,
        s1_0.email,
        s1_0.enrollment_type,
        s1_0.expected_graduation_date,
        s1_0.first_name,
        s1_0.gender,
        s1_0.international_student,
        s1_0.last_name,
        s1_0.medical_notes,
        s1_0.middle_name,
        s1_0.national_id_number,
        s1_0.nationality,
        s1_0.passport_number,
        s1_0.phone_number,
        s1_0.photo_url,
        s1_0.postal_code,
        s1_0.program_id,
        s1_0.registration_date,
        s1_0.registration_number,
        s1_0.scholarship_holder,
        s1_0.secondary_phone_number,
        s1_0.special_needs_notes,
        s1_0.status,
        s1_0.student_number,
        s1_0.updated_at,
        s1_0.updated_by,
        s1_0.user_id,
        s1_0.working_student 
    from
        students s1_0 
    left join
        users u1_0 
            on u1_0.id=s1_0.user_id 
    where
        u1_0.id=?
Hibernate: 
    select
        gc1_0.id,
        gc1_0.address_line,
        gc1_0.archived,
        gc1_0.city,
        gc1_0.country,
        gc1_0.created_at,
        gc1_0.created_by,
        gc1_0.email,
        gc1_0.full_name,
        gc1_0.phone_number,
        gc1_0.primary_contact,
        gc1_0.relationship_label,
        gc1_0.secondary_phone_number,
        gc1_0.student_id,
        gc1_0.updated_at,
        gc1_0.updated_by 
    from
        guardian_contacts gc1_0 
    join
        students s1_0 
            on s1_0.id=gc1_0.student_id 
    where
        s1_0.id=? 
        and not(gc1_0.archived) 
    order by
        gc1_0.primary_contact desc,
        gc1_0.created_at
Hibernate: 
    select
        ec1_0.id,
        ec1_0.address_line,
        ec1_0.archived,
        ec1_0.created_at,
        ec1_0.created_by,
        ec1_0.email,
        ec1_0.full_name,
        ec1_0.phone_number,
        ec1_0.priority_order,
        ec1_0.relationship_label,
        ec1_0.secondary_phone_number,
        ec1_0.student_id,
        ec1_0.updated_at,
        ec1_0.updated_by 
    from
        emergency_contacts ec1_0 
    join
        students s1_0 
            on s1_0.id=ec1_0.student_id 
    where
        s1_0.id=? 
        and not(ec1_0.archived) 
    order by
        ec1_0.priority_order
Hibernate: 
    select
        ssh1_0.id,
        ssh1_0.archived,
        ssh1_0.context_label,
        ssh1_0.created_at,
        ssh1_0.created_by,
        ssh1_0.new_status,
        ssh1_0.old_status,
        ssh1_0.reason,
        ssh1_0.student_id,
        ssh1_0.updated_at,
        ssh1_0.updated_by 
    from
        student_status_history ssh1_0 
    join
        students s1_0 
            on s1_0.id=ssh1_0.student_id 
    where
        s1_0.id=? 
    order by
        ssh1_0.created_at desc
Hibernate: 
    select
        ay1_0.id,
        ay1_0.archived,
        ay1_0.code,
        ay1_0.created_at,
        ay1_0.created_by,
        ay1_0.current_year,
        ay1_0.description,
        ay1_0.end_date,
        ay1_0.name,
        ay1_0.start_date,
        ay1_0.status,
        ay1_0.updated_at,
        ay1_0.updated_by 
    from
        academic_years ay1_0 
    where
        ay1_0.id=?
Hibernate: 
    select
        p1_0.id,
        p1_0.archived,
        p1_0.code,
        p1_0.created_at,
        p1_0.created_by,
        p1_0.credits_required,
        p1_0.department_name,
        p1_0.description,
        p1_0.duration_in_months,
        p1_0.faculty_name,
        p1_0.level,
        p1_0.name,
        p1_0.status,
        p1_0.updated_at,
        p1_0.updated_by 
    from
        programs p1_0 
    where
        p1_0.id=?
Hibernate: 
    select
        cr1_0.id,
        cr1_0.academic_year_id,
        cr1_0.archived,
        cr1_0.capacity,
        cr1_0.code,
        cr1_0.cohort_id,
        cr1_0.created_at,
        cr1_0.created_by,
        cr1_0.delivery_mode,
        cr1_0.description,
        cr1_0.name,
        cr1_0.program_id,
        cr1_0.room_label,
        cr1_0.status,
        cr1_0.updated_at,
        cr1_0.updated_by 
    from
        classes cr1_0 
    where
        cr1_0.id=?
Hibernate: 
    select
        u1_0.id,
        u1_0.bio,
        u1_0.created_at,
        u1_0.is_deleted,
        u1_0.email,
        u1_0.first_name,
        u1_0.last_name,
        u1_0.password,
        u1_0.phone_number,
        u1_0.photo_url,
        u1_0.role,
        u1_0.status,
        u1_0.updated_at,
        u1_0.user_code 
    from
        users u1_0 
    where
        u1_0.email=? 
        and not(u1_0.is_deleted)
2026-04-14T15:47:21.889+01:00  INFO 10697 --- [backend] [nio-8080-exec-1] c.m.b.n.sse.SseEmitterRegistry           : SSE connexion ouverte pour userId=18
Hibernate: 
    select
        u1_0.id,
        u1_0.bio,
        u1_0.created_at,
        u1_0.is_deleted,
        u1_0.email,
        u1_0.first_name,
        u1_0.last_name,
        u1_0.password,
        u1_0.phone_number,
        u1_0.photo_url,
        u1_0.role,
        u1_0.status,
        u1_0.updated_at,
        u1_0.user_code 
    from
        users u1_0 
    where
        u1_0.email=? 
        and not(u1_0.is_deleted)
Hibernate: 
    select
        u1_0.id,
        u1_0.bio,
        u1_0.created_at,
        u1_0.is_deleted,
        u1_0.email,
        u1_0.first_name,
        u1_0.last_name,
        u1_0.password,
        u1_0.phone_number,
        u1_0.photo_url,
        u1_0.role,
        u1_0.status,
        u1_0.updated_at,
        u1_0.user_code 
    from
        users u1_0 
    where
        u1_0.email=? 
        and not(u1_0.is_deleted)
Hibernate: 
    select
        s1_0.id,
        s1_0.academic_year_id,
        s1_0.address_line,
        s1_0.admission_date,
        s1_0.admission_number,
        s1_0.archived,
        s1_0.city,
        s1_0.city_of_birth,
        s1_0.class_id,
        s1_0.cohort_id,
        s1_0.country,
        s1_0.country_of_birth,
        s1_0.created_at,
        s1_0.created_by,
        s1_0.date_of_birth,
        s1_0.email,
        s1_0.enrollment_type,
        s1_0.expected_graduation_date,
        s1_0.first_name,
        s1_0.gender,
        s1_0.international_student,
        s1_0.last_name,
        s1_0.medical_notes,
        s1_0.middle_name,
        s1_0.national_id_number,
        s1_0.nationality,
        s1_0.passport_number,
        s1_0.phone_number,
        s1_0.photo_url,
        s1_0.postal_code,
        s1_0.program_id,
        s1_0.registration_date,
        s1_0.registration_number,
        s1_0.scholarship_holder,
        s1_0.secondary_phone_number,
        s1_0.special_needs_notes,
        s1_0.status,
        s1_0.student_number,
        s1_0.updated_at,
        s1_0.updated_by,
        s1_0.user_id,
        s1_0.working_student 
    from
        students s1_0 
    where
        s1_0.id=?
Hibernate: 
    select
        ar1_0.id,
        ar1_0.archived,
        ar1_0.arrival_time,
        ar1_0.created_at,
        ar1_0.created_by,
        ar1_0.late_minutes,
        ar1_0.session_id,
        ar1_0.status,
        ar1_0.student_id,
        ar1_0.teacher_note,
        ar1_0.updated_at,
        ar1_0.updated_by 
    from
        attendance_records ar1_0 
    join
        students s1_0 
            on s1_0.id=ar1_0.student_id 
    where
        s1_0.id=? 
        and not(ar1_0.archived) 
    order by
        ar1_0.created_at desc
Hibernate: 
    select
        s1_0.id,
        s1_0.academic_year_id,
        s1_0.address_line,
        s1_0.admission_date,
        s1_0.admission_number,
        s1_0.archived,
        s1_0.city,
        s1_0.city_of_birth,
        s1_0.class_id,
        s1_0.cohort_id,
        s1_0.country,
        s1_0.country_of_birth,
        s1_0.created_at,
        s1_0.created_by,
        s1_0.date_of_birth,
        s1_0.email,
        s1_0.enrollment_type,
        s1_0.expected_graduation_date,
        s1_0.first_name,
        s1_0.gender,
        s1_0.international_student,
        s1_0.last_name,
        s1_0.medical_notes,
        s1_0.middle_name,
        s1_0.national_id_number,
        s1_0.nationality,
        s1_0.passport_number,
        s1_0.phone_number,
        s1_0.photo_url,
        s1_0.postal_code,
        s1_0.program_id,
        s1_0.registration_date,
        s1_0.registration_number,
        s1_0.scholarship_holder,
        s1_0.secondary_phone_number,
        s1_0.special_needs_notes,
        s1_0.status,
        s1_0.student_number,
        s1_0.updated_at,
        s1_0.updated_by,
        s1_0.user_id,
        s1_0.working_student 
    from
        students s1_0 
    where
        s1_0.id=?
Hibernate: 
    select
        count(ar1_0.id) 
    from
        attendance_records ar1_0 
    where
        ar1_0.student_id=? 
        and ar1_0.archived=0
Hibernate: 
    select
        count(ar1_0.id) 
    from
        attendance_records ar1_0 
    where
        ar1_0.student_id=? 
        and ar1_0.status in ('PRESENT', 'LATE', 'REMOTE', 'EXCUSED') 
        and ar1_0.archived=0
Hibernate: 
    select
        u1_0.id,
        u1_0.bio,
        u1_0.created_at,
        u1_0.is_deleted,
        u1_0.email,
        u1_0.first_name,
        u1_0.last_name,
        u1_0.password,
        u1_0.phone_number,
        u1_0.photo_url,
        u1_0.role,
        u1_0.status,
        u1_0.updated_at,
        u1_0.user_code 
    from
        users u1_0 
    where
        u1_0.email=? 
        and not(u1_0.is_deleted)
Hibernate: 
    select
        b1_0.id,
        b1_0.academic_year_id,
        b1_0.archived,
        b1_0.class_average,
        b1_0.cohort_id,
        b1_0.council_decision,
        b1_0.created_at,
        b1_0.created_by,
        b1_0.general_average,
        b1_0.head_teacher_comment,
        b1_0.highest_average,
        b1_0.lowest_average,
        b1_0.published_at,
        b1_0.rank_in_cohort,
        b1_0.semester,
        b1_0.status,
        b1_0.student_id,
        b1_0.total_credits_acquired,
        b1_0.total_credits_possible,
        b1_0.total_students_in_cohort,
        b1_0.updated_at,
        b1_0.updated_by 
    from
        bulletins b1_0 
    join
        students s1_0 
            on s1_0.id=b1_0.student_id 
    join
        academic_years ay1_0 
            on ay1_0.id=b1_0.academic_year_id 
    where
        s1_0.id=? 
        and b1_0.semester=? 
        and ay1_0.id=? 
        and not(b1_0.archived)
2026-04-14T15:47:31.004+01:00  WARN 10697 --- [backend] [nio-8080-exec-2] .m.m.a.ExceptionHandlerExceptionResolver : Resolved [com.mydbs.backend.common.exception.ResourceNotFoundException: Bulletin introuvable pour cet étudiant]
Hibernate: 
    select
        u1_0.id,
        u1_0.bio,
        u1_0.created_at,
        u1_0.is_deleted,
        u1_0.email,
        u1_0.first_name,
        u1_0.last_name,
        u1_0.password,
        u1_0.phone_number,
        u1_0.photo_url,
        u1_0.role,
        u1_0.status,
        u1_0.updated_at,
        u1_0.user_code 
    from
        users u1_0 
    where
        u1_0.email=? 
        and not(u1_0.is_deleted)
2026-04-14T15:47:31.023+01:00  WARN 10697 --- [backend] [nio-8080-exec-7] .m.m.a.ExceptionHandlerExceptionResolver : Resolved [org.springframework.web.servlet.resource.NoResourceFoundException: No static resource v1/grades/bulletins/students/13.]
Hibernate: 
    select
        u1_0.id,
        u1_0.bio,
        u1_0.created_at,
        u1_0.is_deleted,
        u1_0.email,
        u1_0.first_name,
        u1_0.last_name,
        u1_0.password,
        u1_0.phone_number,
        u1_0.photo_url,
        u1_0.role,
        u1_0.status,
        u1_0.updated_at,
        u1_0.user_code 
    from
        users u1_0 
    where
        u1_0.email=? 
        and not(u1_0.is_deleted)
Hibernate: 
    select
        n1_0.id,
        n1_0.created_at,
        n1_0.is_read,
        n1_0.message,
        n1_0.title,
        n1_0.notification_type,
        n1_0.user_id 
    from
        notifications n1_0 
    where
        n1_0.user_id=? 
    order by
        n1_0.created_at desc 
    limit
        ?
Hibernate: 
    select
        u1_0.id,
        u1_0.bio,
        u1_0.created_at,
        u1_0.is_deleted,
        u1_0.email,
        u1_0.first_name,
        u1_0.last_name,
        u1_0.password,
        u1_0.phone_number,
        u1_0.photo_url,
        u1_0.role,
        u1_0.status,
        u1_0.updated_at,
        u1_0.user_code 
    from
        users u1_0 
    where
        u1_0.email=? 
        and not(u1_0.is_deleted)
Hibernate: 
    select
        u1_0.id,
        u1_0.bio,
        u1_0.created_at,
        u1_0.is_deleted,
        u1_0.email,
        u1_0.first_name,
        u1_0.last_name,
        u1_0.password,
        u1_0.phone_number,
        u1_0.photo_url,
        u1_0.role,
        u1_0.status,
        u1_0.updated_at,
        u1_0.user_code 
    from
        users u1_0 
    where
        u1_0.email=? 
        and not(u1_0.is_deleted)
Hibernate: 
    select
        count(n1_0.id) 
    from
        notifications n1_0 
    where
        n1_0.user_id=? 
        and not(n1_0.is_read)
Hibernate: 
    select
        count(m1_0.id) 
    from
        messages m1_0 
    where
        m1_0.recipient_id=? 
        and not(m1_0.is_read) 
        and not(m1_0.archived)
2026-04-14T15:48:31.722+01:00  INFO 10697 --- [backend] [   File Watcher] rtingClassPathChangeChangedEventListener : Restarting due to 2 class path changes (1 addition, 0 deletions, 1 modification)
2026-04-14T15:48:31.765+01:00  INFO 10697 --- [backend] [       Thread-5] o.s.b.w.e.tomcat.GracefulShutdown        : Commencing graceful shutdown. Waiting for active requests to complete
2026-04-14T15:49:01.832+01:00  INFO 10697 --- [backend] [       Thread-5] o.s.c.support.DefaultLifecycleProcessor  : Shutdown phase 2147482623 ends with 1 bean still running after timeout of 30000ms: [webServerGracefulShutdown]
2026-04-14T15:49:01.858+01:00  INFO 10697 --- [backend] [tomcat-shutdown] o.s.b.w.e.tomcat.GracefulShutdown        : Graceful shutdown aborted with one or more requests still active
2026-04-14T15:49:01.950+01:00  INFO 10697 --- [backend] [       Thread-5] j.LocalContainerEntityManagerFactoryBean : Closing JPA EntityManagerFactory for persistence unit 'default'
2026-04-14T15:49:02.087+01:00  INFO 10697 --- [backend] [       Thread-5] com.zaxxer.hikari.HikariDataSource       : HikariPool-1 - Shutdown initiated...
2026-04-14T15:49:02.098+01:00  INFO 10697 --- [backend] [       Thread-5] com.zaxxer.hikari.HikariDataSource       : HikariPool-1 - Shutdown completed.

  .   ____          _            __ _ _
 /\\ / ___'_ __ _ _(_)_ __  __ _ \ \ \ \
( ( )\___ | '_ | '_| | '_ \/ _` | \ \ \ \
 \\/  ___)| |_)| | | | | || (_| |  ) ) ) )
  '  |____| .__|_| |_|_| |_\__, | / / / /
 =========|_|==============|___/=/_/_/_/

 :: Spring Boot ::                (v3.4.1)

2026-04-14T15:49:05.058+01:00  INFO 10697 --- [backend] [  restartedMain] com.mydbs.backend.BackendApplication     : Starting BackendApplication using Java 25.0.2 with PID 10697 (/Volumes/Lenovo PS8/DBS/my-dbs-master/my-school-main (2)/backend/target/classes started by JEaLiFe in /Volumes/Lenovo PS8/DBS/my-dbs-master/my-school-main (2)/backend)
2026-04-14T15:49:05.060+01:00  INFO 10697 --- [backend] [  restartedMain] com.mydbs.backend.BackendApplication     : The following 1 profile is active: "local"
2026-04-14T15:49:07.046+01:00  INFO 10697 --- [backend] [  restartedMain] .s.d.r.c.RepositoryConfigurationDelegate : Bootstrapping Spring Data JPA repositories in DEFAULT mode.
2026-04-14T15:49:07.596+01:00  INFO 10697 --- [backend] [  restartedMain] .s.d.r.c.RepositoryConfigurationDelegate : Finished Spring Data repository scanning in 547 ms. Found 65 JPA repository interfaces.
2026-04-14T15:49:08.234+01:00  INFO 10697 --- [backend] [  restartedMain] o.s.b.w.embedded.tomcat.TomcatWebServer  : Tomcat initialized with port 8080 (http)
2026-04-14T15:49:08.239+01:00  INFO 10697 --- [backend] [  restartedMain] o.apache.catalina.core.StandardService   : Starting service [Tomcat]
2026-04-14T15:49:08.240+01:00  INFO 10697 --- [backend] [  restartedMain] o.apache.catalina.core.StandardEngine    : Starting Servlet engine: [Apache Tomcat/10.1.34]
2026-04-14T15:49:08.267+01:00  INFO 10697 --- [backend] [  restartedMain] o.a.c.c.C.[Tomcat].[localhost].[/]       : Initializing Spring embedded WebApplicationContext
2026-04-14T15:49:08.268+01:00  INFO 10697 --- [backend] [  restartedMain] w.s.c.ServletWebServerApplicationContext : Root WebApplicationContext: initialization completed in 3197 ms
2026-04-14T15:49:08.634+01:00  INFO 10697 --- [backend] [  restartedMain] com.zaxxer.hikari.HikariDataSource       : HikariPool-2 - Starting...
2026-04-14T15:49:08.643+01:00  INFO 10697 --- [backend] [  restartedMain] com.zaxxer.hikari.pool.HikariPool        : HikariPool-2 - Added connection com.mysql.cj.jdbc.ConnectionImpl@ba9b1c4
2026-04-14T15:49:08.644+01:00  INFO 10697 --- [backend] [  restartedMain] com.zaxxer.hikari.HikariDataSource       : HikariPool-2 - Start completed.
2026-04-14T15:49:08.648+01:00  INFO 10697 --- [backend] [  restartedMain] o.f.c.i.resource.ResourceNameValidator   : 28 SQL migrations were detected but not run because they did not follow the filename convention.
2026-04-14T15:49:08.648+01:00  INFO 10697 --- [backend] [  restartedMain] o.f.c.i.resource.ResourceNameValidator   : Set 'validateMigrationNaming' to true to fail fast and see a list of the invalid file names.
2026-04-14T15:49:08.658+01:00  INFO 10697 --- [backend] [  restartedMain] org.flywaydb.core.FlywayExecutor         : Database: jdbc:mysql://localhost:3306/mydbs_dbb?createDatabaseIfNotExist=true&useSSL=false&serverTimezone=UTC (MySQL 12.2)
2026-04-14T15:49:08.669+01:00  WARN 10697 --- [backend] [  restartedMain] o.f.c.internal.database.base.Database    : Flyway upgrade recommended: MariaDB 12.2 is newer than this version of Flyway and support has not been tested. The latest supported version of MariaDB is 11.2.
2026-04-14T15:49:08.726+01:00  INFO 10697 --- [backend] [  restartedMain] o.f.core.internal.command.DbValidate     : Successfully validated 28 migrations (execution time 00:00.049s)
2026-04-14T15:49:08.736+01:00  INFO 10697 --- [backend] [  restartedMain] o.f.core.internal.command.DbMigrate      : Current version of schema `mydbs_dbb`: 1.0.27
2026-04-14T15:49:08.737+01:00  INFO 10697 --- [backend] [  restartedMain] o.f.core.internal.command.DbMigrate      : Schema `mydbs_dbb` is up to date. No migration necessary.
2026-04-14T15:49:09.009+01:00  INFO 10697 --- [backend] [  restartedMain] o.hibernate.jpa.internal.util.LogHelper  : HHH000204: Processing PersistenceUnitInfo [name: default]
2026-04-14T15:49:09.014+01:00  INFO 10697 --- [backend] [  restartedMain] o.h.c.internal.RegionFactoryInitiator    : HHH000026: Second-level cache disabled
2026-04-14T15:49:09.047+01:00  INFO 10697 --- [backend] [  restartedMain] o.s.o.j.p.SpringPersistenceUnitInfo      : No LoadTimeWeaver setup: ignoring JPA class transformer
2026-04-14T15:49:09.053+01:00  WARN 10697 --- [backend] [  restartedMain] o.h.e.j.e.i.JdbcEnvironmentInitiator     : HHH000339: Could not obtain connection metadata: java.sql.SQLSyntaxErrorException: Unknown column 'RESERVED' in 'WHERE'
2026-04-14T15:49:09.055+01:00  WARN 10697 --- [backend] [  restartedMain] org.hibernate.orm.deprecation            : HHH90000025: MySQLDialect does not need to be specified explicitly using 'hibernate.dialect' (remove the property setting and it will be selected by default)
2026-04-14T15:49:09.056+01:00  INFO 10697 --- [backend] [  restartedMain] org.hibernate.orm.connections.pooling    : HHH10001005: Database info:
	Database JDBC URL [Connecting through datasource 'HikariDataSource (HikariPool-2)']
	Database driver: undefined/unknown
	Database version: 8.0
	Autocommit mode: undefined/unknown
	Isolation level: undefined/unknown
	Minimum pool size: undefined/unknown
	Maximum pool size: undefined/unknown
2026-04-14T15:49:11.076+01:00  INFO 10697 --- [backend] [  restartedMain] o.h.e.t.j.p.i.JtaPlatformInitiator       : HHH000489: No JTA platform available (set 'hibernate.transaction.jta.platform' to enable JTA platform integration)
2026-04-14T15:49:11.413+01:00  INFO 10697 --- [backend] [  restartedMain] j.LocalContainerEntityManagerFactoryBean : Initialized JPA EntityManagerFactory for persistence unit 'default'
2026-04-14T15:49:13.117+01:00  INFO 10697 --- [backend] [  restartedMain] eAuthenticationProviderManagerConfigurer : Global AuthenticationManager configured with AuthenticationProvider bean with name authenticationProvider
2026-04-14T15:49:13.118+01:00  WARN 10697 --- [backend] [  restartedMain] r$InitializeUserDetailsManagerConfigurer : Global AuthenticationManager configured with an AuthenticationProvider bean. UserDetailsService beans will not be used by Spring Security for automatically configuring username/password login. Consider removing the AuthenticationProvider bean. Alternatively, consider using the UserDetailsService in a manually instantiated DaoAuthenticationProvider. If the current configuration is intentional, to turn off this warning, increase the logging level of 'org.springframework.security.config.annotation.authentication.configuration.InitializeUserDetailsBeanManagerConfigurer' to ERROR
2026-04-14T15:49:16.183+01:00  INFO 10697 --- [backend] [  restartedMain] o.s.b.a.e.web.EndpointLinksResolver      : Exposing 3 endpoints beneath base path '/actuator'
2026-04-14T15:49:17.604+01:00  INFO 10697 --- [backend] [  restartedMain] o.s.b.d.a.OptionalLiveReloadServer       : LiveReload server is running on port 35729
2026-04-14T15:49:17.932+01:00  INFO 10697 --- [backend] [  restartedMain] o.s.b.w.embedded.tomcat.TomcatWebServer  : Tomcat started on port 8080 (http) with context path '/'
2026-04-14T15:49:17.975+01:00  INFO 10697 --- [backend] [  restartedMain] com.mydbs.backend.BackendApplication     : Started BackendApplication in 13.081 seconds (process running for 2236.05)
Hibernate: 
    select
        u1_0.id,
        u1_0.bio,
        u1_0.created_at,
        u1_0.is_deleted,
        u1_0.email,
        u1_0.first_name,
        u1_0.last_name,
        u1_0.password,
        u1_0.phone_number,
        u1_0.photo_url,
        u1_0.role,
        u1_0.status,
        u1_0.updated_at,
        u1_0.user_code 
    from
        users u1_0 
    where
        u1_0.email=?
Hibernate: 
    select
        u1_0.id,
        u1_0.bio,
        u1_0.created_at,
        u1_0.is_deleted,
        u1_0.email,
        u1_0.first_name,
        u1_0.last_name,
        u1_0.password,
        u1_0.phone_number,
        u1_0.photo_url,
        u1_0.role,
        u1_0.status,
        u1_0.updated_at,
        u1_0.user_code 
    from
        users u1_0 
    where
        u1_0.id=?
Hibernate: 
    update
        users 
    set
        bio=?,
        is_deleted=?,
        email=?,
        first_name=?,
        last_name=?,
        password=?,
        phone_number=?,
        photo_url=?,
        role=?,
        status=?,
        updated_at=?,
        user_code=? 
    where
        id=?
2026-04-14T15:49:18.224+01:00  INFO 10697 --- [backend] [  restartedMain] .ConditionEvaluationDeltaLoggingListener : Condition evaluation unchanged
2026-04-14T15:50:03.907+01:00  INFO 10697 --- [backend] [nio-8080-exec-1] o.a.c.c.C.[Tomcat].[localhost].[/]       : Initializing Spring DispatcherServlet 'dispatcherServlet'
2026-04-14T15:50:03.911+01:00  INFO 10697 --- [backend] [nio-8080-exec-1] o.s.web.servlet.DispatcherServlet        : Initializing Servlet 'dispatcherServlet'
2026-04-14T15:50:03.913+01:00  INFO 10697 --- [backend] [nio-8080-exec-1] o.s.web.servlet.DispatcherServlet        : Completed initialization in 2 ms
Hibernate: 
    select
        u1_0.id,
        u1_0.bio,
        u1_0.created_at,
        u1_0.is_deleted,
        u1_0.email,
        u1_0.first_name,
        u1_0.last_name,
        u1_0.password,
        u1_0.phone_number,
        u1_0.photo_url,
        u1_0.role,
        u1_0.status,
        u1_0.updated_at,
        u1_0.user_code 
    from
        users u1_0 
    where
        u1_0.email=? 
        and not(u1_0.is_deleted)
Hibernate: 
    select
        u1_0.id,
        u1_0.bio,
        u1_0.created_at,
        u1_0.is_deleted,
        u1_0.email,
        u1_0.first_name,
        u1_0.last_name,
        u1_0.password,
        u1_0.phone_number,
        u1_0.photo_url,
        u1_0.role,
        u1_0.status,
        u1_0.updated_at,
        u1_0.user_code 
    from
        users u1_0 
    where
        u1_0.email=? 
        and not(u1_0.is_deleted)
Hibernate: 
    select
        u1_0.id,
        u1_0.bio,
        u1_0.created_at,
        u1_0.is_deleted,
        u1_0.email,
        u1_0.first_name,
        u1_0.last_name,
        u1_0.password,
        u1_0.phone_number,
        u1_0.photo_url,
        u1_0.role,
        u1_0.status,
        u1_0.updated_at,
        u1_0.user_code 
    from
        users u1_0 
    where
        u1_0.email=? 
        and not(u1_0.is_deleted)
Hibernate: 
    select
        n1_0.id,
        n1_0.created_at,
        n1_0.is_read,
        n1_0.message,
        n1_0.title,
        n1_0.notification_type,
        n1_0.user_id 
    from
        notifications n1_0 
    where
        n1_0.user_id=? 
    order by
        n1_0.created_at desc 
    limit
        ?
Hibernate: 
    select
        count(n1_0.id) 
    from
        notifications n1_0 
    where
        n1_0.user_id=? 
        and not(n1_0.is_read)
Hibernate: 
    select
        count(m1_0.id) 
    from
        messages m1_0 
    where
        m1_0.recipient_id=? 
        and not(m1_0.is_read) 
        and not(m1_0.archived)
2026-04-14T15:50:03.951+01:00  WARN 10697 --- [backend] [nio-8080-exec-1] ration$PageModule$WarningLoggingModifier : Serializing PageImpl instances as-is is not supported, meaning that there is no guarantee about the stability of the resulting JSON structure!
	For a stable JSON structure, please use Spring Data's PagedModel (globally via @EnableSpringDataWebSupport(pageSerializationMode = VIA_DTO))
	or Spring HATEOAS and Spring Data's PagedResourcesAssembler as documented in https://docs.spring.io/spring-data/commons/reference/repositories/core-extensions.html#core.web.pageables.

Hibernate: 
    select
        u1_0.id,
        u1_0.bio,
        u1_0.created_at,
        u1_0.is_deleted,
        u1_0.email,
        u1_0.first_name,
        u1_0.last_name,
        u1_0.password,
        u1_0.phone_number,
        u1_0.photo_url,
        u1_0.role,
        u1_0.status,
        u1_0.updated_at,
        u1_0.user_code 
    from
        users u1_0 
    where
        u1_0.email=? 
        and not(u1_0.is_deleted)
Hibernate: 
    select
        u1_0.id,
        u1_0.bio,
        u1_0.created_at,
        u1_0.is_deleted,
        u1_0.email,
        u1_0.first_name,
        u1_0.last_name,
        u1_0.password,
        u1_0.phone_number,
        u1_0.photo_url,
        u1_0.role,
        u1_0.status,
        u1_0.updated_at,
        u1_0.user_code 
    from
        users u1_0 
    where
        u1_0.email=? 
        and not(u1_0.is_deleted)
Hibernate: 
    select
        u1_0.id,
        u1_0.bio,
        u1_0.created_at,
        u1_0.is_deleted,
        u1_0.email,
        u1_0.first_name,
        u1_0.last_name,
        u1_0.password,
        u1_0.phone_number,
        u1_0.photo_url,
        u1_0.role,
        u1_0.status,
        u1_0.updated_at,
        u1_0.user_code 
    from
        users u1_0 
    where
        u1_0.email=? 
        and not(u1_0.is_deleted)
Hibernate: 
    select
        count(m1_0.id) 
    from
        messages m1_0 
    where
        m1_0.recipient_id=? 
        and not(m1_0.is_read) 
        and not(m1_0.archived)
Hibernate: 
    select
        n1_0.id,
        n1_0.created_at,
        n1_0.is_read,
        n1_0.message,
        n1_0.title,
        n1_0.notification_type,
        n1_0.user_id 
    from
        notifications n1_0 
    where
        n1_0.user_id=? 
    order by
        n1_0.created_at desc 
    limit
        ?
Hibernate: 
    select
        count(n1_0.id) 
    from
        notifications n1_0 
    where
        n1_0.user_id=? 
        and not(n1_0.is_read)
Hibernate: 
    select
        u1_0.id,
        u1_0.bio,
        u1_0.created_at,
        u1_0.is_deleted,
        u1_0.email,
        u1_0.first_name,
        u1_0.last_name,
        u1_0.password,
        u1_0.phone_number,
        u1_0.photo_url,
        u1_0.role,
        u1_0.status,
        u1_0.updated_at,
        u1_0.user_code 
    from
        users u1_0 
    where
        u1_0.email=? 
        and not(u1_0.is_deleted)
Hibernate: 
    select
        u1_0.id,
        u1_0.bio,
        u1_0.created_at,
        u1_0.is_deleted,
        u1_0.email,
        u1_0.first_name,
        u1_0.last_name,
        u1_0.password,
        u1_0.phone_number,
        u1_0.photo_url,
        u1_0.role,
        u1_0.status,
        u1_0.updated_at,
        u1_0.user_code 
    from
        users u1_0 
    where
        u1_0.email=?
Hibernate: 
    select
        s1_0.id,
        s1_0.academic_year_id,
        s1_0.address_line,
        s1_0.admission_date,
        s1_0.admission_number,
        s1_0.archived,
        s1_0.city,
        s1_0.city_of_birth,
        s1_0.class_id,
        s1_0.cohort_id,
        s1_0.country,
        s1_0.country_of_birth,
        s1_0.created_at,
        s1_0.created_by,
        s1_0.date_of_birth,
        s1_0.email,
        s1_0.enrollment_type,
        s1_0.expected_graduation_date,
        s1_0.first_name,
        s1_0.gender,
        s1_0.international_student,
        s1_0.last_name,
        s1_0.medical_notes,
        s1_0.middle_name,
        s1_0.national_id_number,
        s1_0.nationality,
        s1_0.passport_number,
        s1_0.phone_number,
        s1_0.photo_url,
        s1_0.postal_code,
        s1_0.program_id,
        s1_0.registration_date,
        s1_0.registration_number,
        s1_0.scholarship_holder,
        s1_0.secondary_phone_number,
        s1_0.special_needs_notes,
        s1_0.status,
        s1_0.student_number,
        s1_0.updated_at,
        s1_0.updated_by,
        s1_0.user_id,
        s1_0.working_student 
    from
        students s1_0 
    left join
        users u1_0 
            on u1_0.id=s1_0.user_id 
    where
        u1_0.id=?
Hibernate: 
    select
        gc1_0.id,
        gc1_0.address_line,
        gc1_0.archived,
        gc1_0.city,
        gc1_0.country,
        gc1_0.created_at,
        gc1_0.created_by,
        gc1_0.email,
        gc1_0.full_name,
        gc1_0.phone_number,
        gc1_0.primary_contact,
        gc1_0.relationship_label,
        gc1_0.secondary_phone_number,
        gc1_0.student_id,
        gc1_0.updated_at,
        gc1_0.updated_by 
    from
        guardian_contacts gc1_0 
    join
        students s1_0 
            on s1_0.id=gc1_0.student_id 
    where
        s1_0.id=? 
        and not(gc1_0.archived) 
    order by
        gc1_0.primary_contact desc,
        gc1_0.created_at
Hibernate: 
    select
        ec1_0.id,
        ec1_0.address_line,
        ec1_0.archived,
        ec1_0.created_at,
        ec1_0.created_by,
        ec1_0.email,
        ec1_0.full_name,
        ec1_0.phone_number,
        ec1_0.priority_order,
        ec1_0.relationship_label,
        ec1_0.secondary_phone_number,
        ec1_0.student_id,
        ec1_0.updated_at,
        ec1_0.updated_by 
    from
        emergency_contacts ec1_0 
    join
        students s1_0 
            on s1_0.id=ec1_0.student_id 
    where
        s1_0.id=? 
        and not(ec1_0.archived) 
    order by
        ec1_0.priority_order
Hibernate: 
    select
        ssh1_0.id,
        ssh1_0.archived,
        ssh1_0.context_label,
        ssh1_0.created_at,
        ssh1_0.created_by,
        ssh1_0.new_status,
        ssh1_0.old_status,
        ssh1_0.reason,
        ssh1_0.student_id,
        ssh1_0.updated_at,
        ssh1_0.updated_by 
    from
        student_status_history ssh1_0 
    join
        students s1_0 
            on s1_0.id=ssh1_0.student_id 
    where
        s1_0.id=? 
    order by
        ssh1_0.created_at desc
Hibernate: 
    select
        ay1_0.id,
        ay1_0.archived,
        ay1_0.code,
        ay1_0.created_at,
        ay1_0.created_by,
        ay1_0.current_year,
        ay1_0.description,
        ay1_0.end_date,
        ay1_0.name,
        ay1_0.start_date,
        ay1_0.status,
        ay1_0.updated_at,
        ay1_0.updated_by 
    from
        academic_years ay1_0 
    where
        ay1_0.id=?
Hibernate: 
    select
        p1_0.id,
        p1_0.archived,
        p1_0.code,
        p1_0.created_at,
        p1_0.created_by,
        p1_0.credits_required,
        p1_0.department_name,
        p1_0.description,
        p1_0.duration_in_months,
        p1_0.faculty_name,
        p1_0.level,
        p1_0.name,
        p1_0.status,
        p1_0.updated_at,
        p1_0.updated_by 
    from
        programs p1_0 
    where
        p1_0.id=?
Hibernate: 
    select
        cr1_0.id,
        cr1_0.academic_year_id,
        cr1_0.archived,
        cr1_0.capacity,
        cr1_0.code,
        cr1_0.cohort_id,
        cr1_0.created_at,
        cr1_0.created_by,
        cr1_0.delivery_mode,
        cr1_0.description,
        cr1_0.name,
        cr1_0.program_id,
        cr1_0.room_label,
        cr1_0.status,
        cr1_0.updated_at,
        cr1_0.updated_by 
    from
        classes cr1_0 
    where
        cr1_0.id=?
Hibernate: 
    select
        u1_0.id,
        u1_0.bio,
        u1_0.created_at,
        u1_0.is_deleted,
        u1_0.email,
        u1_0.first_name,
        u1_0.last_name,
        u1_0.password,
        u1_0.phone_number,
        u1_0.photo_url,
        u1_0.role,
        u1_0.status,
        u1_0.updated_at,
        u1_0.user_code 
    from
        users u1_0 
    where
        u1_0.email=? 
        and not(u1_0.is_deleted)
Hibernate: 
    select
        s1_0.id,
        s1_0.academic_year_id,
        s1_0.address_line,
        s1_0.admission_date,
        s1_0.admission_number,
        s1_0.archived,
        s1_0.city,
        s1_0.city_of_birth,
        s1_0.class_id,
        s1_0.cohort_id,
        s1_0.country,
        s1_0.country_of_birth,
        s1_0.created_at,
        s1_0.created_by,
        s1_0.date_of_birth,
        s1_0.email,
        s1_0.enrollment_type,
        s1_0.expected_graduation_date,
        s1_0.first_name,
        s1_0.gender,
        s1_0.international_student,
        s1_0.last_name,
        s1_0.medical_notes,
        s1_0.middle_name,
        s1_0.national_id_number,
        s1_0.nationality,
        s1_0.passport_number,
        s1_0.phone_number,
        s1_0.photo_url,
        s1_0.postal_code,
        s1_0.program_id,
        s1_0.registration_date,
        s1_0.registration_number,
        s1_0.scholarship_holder,
        s1_0.secondary_phone_number,
        s1_0.special_needs_notes,
        s1_0.status,
        s1_0.student_number,
        s1_0.updated_at,
        s1_0.updated_by,
        s1_0.user_id,
        s1_0.working_student 
    from
        students s1_0 
    where
        s1_0.id=?
Hibernate: 
    select
        u1_0.id,
        u1_0.bio,
        u1_0.created_at,
        u1_0.is_deleted,
        u1_0.email,
        u1_0.first_name,
        u1_0.last_name,
        u1_0.password,
        u1_0.phone_number,
        u1_0.photo_url,
        u1_0.role,
        u1_0.status,
        u1_0.updated_at,
        u1_0.user_code 
    from
        users u1_0 
    where
        u1_0.email=? 
        and not(u1_0.is_deleted)
Hibernate: 
    select
        ar1_0.id,
        ar1_0.archived,
        ar1_0.arrival_time,
        ar1_0.created_at,
        ar1_0.created_by,
        ar1_0.late_minutes,
        ar1_0.session_id,
        ar1_0.status,
        ar1_0.student_id,
        ar1_0.teacher_note,
        ar1_0.updated_at,
        ar1_0.updated_by 
    from
        attendance_records ar1_0 
    join
        students s1_0 
            on s1_0.id=ar1_0.student_id 
    where
        s1_0.id=? 
        and not(ar1_0.archived) 
    order by
        ar1_0.created_at desc
Hibernate: 
    select
        s1_0.id,
        s1_0.academic_year_id,
        s1_0.address_line,
        s1_0.admission_date,
        s1_0.admission_number,
        s1_0.archived,
        s1_0.city,
        s1_0.city_of_birth,
        s1_0.class_id,
        s1_0.cohort_id,
        s1_0.country,
        s1_0.country_of_birth,
        s1_0.created_at,
        s1_0.created_by,
        s1_0.date_of_birth,
        s1_0.email,
        s1_0.enrollment_type,
        s1_0.expected_graduation_date,
        s1_0.first_name,
        s1_0.gender,
        s1_0.international_student,
        s1_0.last_name,
        s1_0.medical_notes,
        s1_0.middle_name,
        s1_0.national_id_number,
        s1_0.nationality,
        s1_0.passport_number,
        s1_0.phone_number,
        s1_0.photo_url,
        s1_0.postal_code,
        s1_0.program_id,
        s1_0.registration_date,
        s1_0.registration_number,
        s1_0.scholarship_holder,
        s1_0.secondary_phone_number,
        s1_0.special_needs_notes,
        s1_0.status,
        s1_0.student_number,
        s1_0.updated_at,
        s1_0.updated_by,
        s1_0.user_id,
        s1_0.working_student 
    from
        students s1_0 
    where
        s1_0.id=?
Hibernate: 
    select
        count(ar1_0.id) 
    from
        attendance_records ar1_0 
    where
        ar1_0.student_id=? 
        and ar1_0.archived=0
Hibernate: 
    select
        count(ar1_0.id) 
    from
        attendance_records ar1_0 
    where
        ar1_0.student_id=? 
        and ar1_0.status in ('PRESENT', 'LATE', 'REMOTE', 'EXCUSED') 
        and ar1_0.archived=0
Hibernate: 
    select
        u1_0.id,
        u1_0.bio,
        u1_0.created_at,
        u1_0.is_deleted,
        u1_0.email,
        u1_0.first_name,
        u1_0.last_name,
        u1_0.password,
        u1_0.phone_number,
        u1_0.photo_url,
        u1_0.role,
        u1_0.status,
        u1_0.updated_at,
        u1_0.user_code 
    from
        users u1_0 
    where
        u1_0.email=? 
        and not(u1_0.is_deleted)
Hibernate: 
    select
        n1_0.id,
        n1_0.created_at,
        n1_0.is_read,
        n1_0.message,
        n1_0.title,
        n1_0.notification_type,
        n1_0.user_id 
    from
        notifications n1_0 
    where
        n1_0.user_id=? 
    order by
        n1_0.created_at desc 
    limit
        ?
Hibernate: 
    select
        u1_0.id,
        u1_0.bio,
        u1_0.created_at,
        u1_0.is_deleted,
        u1_0.email,
        u1_0.first_name,
        u1_0.last_name,
        u1_0.password,
        u1_0.phone_number,
        u1_0.photo_url,
        u1_0.role,
        u1_0.status,
        u1_0.updated_at,
        u1_0.user_code 
    from
        users u1_0 
    where
        u1_0.email=? 
        and not(u1_0.is_deleted)
Hibernate: 
    select
        u1_0.id,
        u1_0.bio,
        u1_0.created_at,
        u1_0.is_deleted,
        u1_0.email,
        u1_0.first_name,
        u1_0.last_name,
        u1_0.password,
        u1_0.phone_number,
        u1_0.photo_url,
        u1_0.role,
        u1_0.status,
        u1_0.updated_at,
        u1_0.user_code 
    from
        users u1_0 
    where
        u1_0.email=? 
        and not(u1_0.is_deleted)
Hibernate: 
    select
        count(m1_0.id) 
    from
        messages m1_0 
    where
        m1_0.recipient_id=? 
        and not(m1_0.is_read) 
        and not(m1_0.archived)
Hibernate: 
    select
        count(n1_0.id) 
    from
        notifications n1_0 
    where
        n1_0.user_id=? 
        and not(n1_0.is_read)
Hibernate: 
    select
        u1_0.id,
        u1_0.bio,
        u1_0.created_at,
        u1_0.is_deleted,
        u1_0.email,
        u1_0.first_name,
        u1_0.last_name,
        u1_0.password,
        u1_0.phone_number,
        u1_0.photo_url,
        u1_0.role,
        u1_0.status,
        u1_0.updated_at,
        u1_0.user_code 
    from
        users u1_0 
    where
        u1_0.email=? 
        and not(u1_0.is_deleted)
Hibernate: 
    select
        u1_0.id,
        u1_0.bio,
        u1_0.created_at,
        u1_0.is_deleted,
        u1_0.email,
        u1_0.first_name,
        u1_0.last_name,
        u1_0.password,
        u1_0.phone_number,
        u1_0.photo_url,
        u1_0.role,
        u1_0.status,
        u1_0.updated_at,
        u1_0.user_code 
    from
        users u1_0 
    where
        u1_0.email=? 
        and not(u1_0.is_deleted)
Hibernate: 
    select
        count(n1_0.id) 
    from
        notifications n1_0 
    where
        n1_0.user_id=? 
        and not(n1_0.is_read)
Hibernate: 
    select
        n1_0.id,
        n1_0.created_at,
        n1_0.is_read,
        n1_0.message,
        n1_0.title,
        n1_0.notification_type,
        n1_0.user_id 
    from
        notifications n1_0 
    where
        n1_0.user_id=? 
    order by
        n1_0.created_at desc 
    limit
        ?
Hibernate: 
    select
        u1_0.id,
        u1_0.bio,
        u1_0.created_at,
        u1_0.is_deleted,
        u1_0.email,
        u1_0.first_name,
        u1_0.last_name,
        u1_0.password,
        u1_0.phone_number,
        u1_0.photo_url,
        u1_0.role,
        u1_0.status,
        u1_0.updated_at,
        u1_0.user_code 
    from
        users u1_0 
    where
        u1_0.email=? 
        and not(u1_0.is_deleted)
Hibernate: 
    select
        count(m1_0.id) 
    from
        messages m1_0 
    where
        m1_0.recipient_id=? 
        and not(m1_0.is_read) 
        and not(m1_0.archived)
Hibernate: 
    select
        u1_0.id,
        u1_0.bio,
        u1_0.created_at,
        u1_0.is_deleted,
        u1_0.email,
        u1_0.first_name,
        u1_0.last_name,
        u1_0.password,
        u1_0.phone_number,
        u1_0.photo_url,
        u1_0.role,
        u1_0.status,
        u1_0.updated_at,
        u1_0.user_code 
    from
        users u1_0 
    where
        u1_0.email=? 
        and not(u1_0.is_deleted)
Hibernate: 
    select
        u1_0.id,
        u1_0.bio,
        u1_0.created_at,
        u1_0.is_deleted,
        u1_0.email,
        u1_0.first_name,
        u1_0.last_name,
        u1_0.password,
        u1_0.phone_number,
        u1_0.photo_url,
        u1_0.role,
        u1_0.status,
        u1_0.updated_at,
        u1_0.user_code 
    from
        users u1_0 
    where
        u1_0.email=?
Hibernate: 
    select
        s1_0.id,
        s1_0.academic_year_id,
        s1_0.address_line,
        s1_0.admission_date,
        s1_0.admission_number,
        s1_0.archived,
        s1_0.city,
        s1_0.city_of_birth,
        s1_0.class_id,
        s1_0.cohort_id,
        s1_0.country,
        s1_0.country_of_birth,
        s1_0.created_at,
        s1_0.created_by,
        s1_0.date_of_birth,
        s1_0.email,
        s1_0.enrollment_type,
        s1_0.expected_graduation_date,
        s1_0.first_name,
        s1_0.gender,
        s1_0.international_student,
        s1_0.last_name,
        s1_0.medical_notes,
        s1_0.middle_name,
        s1_0.national_id_number,
        s1_0.nationality,
        s1_0.passport_number,
        s1_0.phone_number,
        s1_0.photo_url,
        s1_0.postal_code,
        s1_0.program_id,
        s1_0.registration_date,
        s1_0.registration_number,
        s1_0.scholarship_holder,
        s1_0.secondary_phone_number,
        s1_0.special_needs_notes,
        s1_0.status,
        s1_0.student_number,
        s1_0.updated_at,
        s1_0.updated_by,
        s1_0.user_id,
        s1_0.working_student 
    from
        students s1_0 
    left join
        users u1_0 
            on u1_0.id=s1_0.user_id 
    where
        u1_0.id=?
Hibernate: 
    select
        gc1_0.id,
        gc1_0.address_line,
        gc1_0.archived,
        gc1_0.city,
        gc1_0.country,
        gc1_0.created_at,
        gc1_0.created_by,
        gc1_0.email,
        gc1_0.full_name,
        gc1_0.phone_number,
        gc1_0.primary_contact,
        gc1_0.relationship_label,
        gc1_0.secondary_phone_number,
        gc1_0.student_id,
        gc1_0.updated_at,
        gc1_0.updated_by 
    from
        guardian_contacts gc1_0 
    join
        students s1_0 
            on s1_0.id=gc1_0.student_id 
    where
        s1_0.id=? 
        and not(gc1_0.archived) 
    order by
        gc1_0.primary_contact desc,
        gc1_0.created_at
Hibernate: 
    select
        ec1_0.id,
        ec1_0.address_line,
        ec1_0.archived,
        ec1_0.created_at,
        ec1_0.created_by,
        ec1_0.email,
        ec1_0.full_name,
        ec1_0.phone_number,
        ec1_0.priority_order,
        ec1_0.relationship_label,
        ec1_0.secondary_phone_number,
        ec1_0.student_id,
        ec1_0.updated_at,
        ec1_0.updated_by 
    from
        emergency_contacts ec1_0 
    join
        students s1_0 
            on s1_0.id=ec1_0.student_id 
    where
        s1_0.id=? 
        and not(ec1_0.archived) 
    order by
        ec1_0.priority_order
Hibernate: 
    select
        ssh1_0.id,
        ssh1_0.archived,
        ssh1_0.context_label,
        ssh1_0.created_at,
        ssh1_0.created_by,
        ssh1_0.new_status,
        ssh1_0.old_status,
        ssh1_0.reason,
        ssh1_0.student_id,
        ssh1_0.updated_at,
        ssh1_0.updated_by 
    from
        student_status_history ssh1_0 
    join
        students s1_0 
            on s1_0.id=ssh1_0.student_id 
    where
        s1_0.id=? 
    order by
        ssh1_0.created_at desc
Hibernate: 
    select
        ay1_0.id,
        ay1_0.archived,
        ay1_0.code,
        ay1_0.created_at,
        ay1_0.created_by,
        ay1_0.current_year,
        ay1_0.description,
        ay1_0.end_date,
        ay1_0.name,
        ay1_0.start_date,
        ay1_0.status,
        ay1_0.updated_at,
        ay1_0.updated_by 
    from
        academic_years ay1_0 
    where
        ay1_0.id=?
Hibernate: 
    select
        p1_0.id,
        p1_0.archived,
        p1_0.code,
        p1_0.created_at,
        p1_0.created_by,
        p1_0.credits_required,
        p1_0.department_name,
        p1_0.description,
        p1_0.duration_in_months,
        p1_0.faculty_name,
        p1_0.level,
        p1_0.name,
        p1_0.status,
        p1_0.updated_at,
        p1_0.updated_by 
    from
        programs p1_0 
    where
        p1_0.id=?
Hibernate: 
    select
        cr1_0.id,
        cr1_0.academic_year_id,
        cr1_0.archived,
        cr1_0.capacity,
        cr1_0.code,
        cr1_0.cohort_id,
        cr1_0.created_at,
        cr1_0.created_by,
        cr1_0.delivery_mode,
        cr1_0.description,
        cr1_0.name,
        cr1_0.program_id,
        cr1_0.room_label,
        cr1_0.status,
        cr1_0.updated_at,
        cr1_0.updated_by 
    from
        classes cr1_0 
    where
        cr1_0.id=?
Hibernate: 
    select
        u1_0.id,
        u1_0.bio,
        u1_0.created_at,
        u1_0.is_deleted,
        u1_0.email,
        u1_0.first_name,
        u1_0.last_name,
        u1_0.password,
        u1_0.phone_number,
        u1_0.photo_url,
        u1_0.role,
        u1_0.status,
        u1_0.updated_at,
        u1_0.user_code 
    from
        users u1_0 
    where
        u1_0.email=? 
        and not(u1_0.is_deleted)
2026-04-14T15:52:17.014+01:00  INFO 10697 --- [backend] [nio-8080-exec-2] c.m.b.n.sse.SseEmitterRegistry           : SSE connexion ouverte pour userId=18
Hibernate: 
    select
        u1_0.id,
        u1_0.bio,
        u1_0.created_at,
        u1_0.is_deleted,
        u1_0.email,
        u1_0.first_name,
        u1_0.last_name,
        u1_0.password,
        u1_0.phone_number,
        u1_0.photo_url,
        u1_0.role,
        u1_0.status,
        u1_0.updated_at,
        u1_0.user_code 
    from
        users u1_0 
    where
        u1_0.email=? 
        and not(u1_0.is_deleted)
Hibernate: 
    select
        s1_0.id,
        s1_0.academic_year_id,
        s1_0.address_line,
        s1_0.admission_date,
        s1_0.admission_number,
        s1_0.archived,
        s1_0.city,
        s1_0.city_of_birth,
        s1_0.class_id,
        s1_0.cohort_id,
        s1_0.country,
        s1_0.country_of_birth,
        s1_0.created_at,
        s1_0.created_by,
        s1_0.date_of_birth,
        s1_0.email,
        s1_0.enrollment_type,
        s1_0.expected_graduation_date,
        s1_0.first_name,
        s1_0.gender,
        s1_0.international_student,
        s1_0.last_name,
        s1_0.medical_notes,
        s1_0.middle_name,
        s1_0.national_id_number,
        s1_0.nationality,
        s1_0.passport_number,
        s1_0.phone_number,
        s1_0.photo_url,
        s1_0.postal_code,
        s1_0.program_id,
        s1_0.registration_date,
        s1_0.registration_number,
        s1_0.scholarship_holder,
        s1_0.secondary_phone_number,
        s1_0.special_needs_notes,
        s1_0.status,
        s1_0.student_number,
        s1_0.updated_at,
        s1_0.updated_by,
        s1_0.user_id,
        s1_0.working_student 
    from
        students s1_0 
    where
        s1_0.id=?
Hibernate: 
    select
        ar1_0.id,
        ar1_0.archived,
        ar1_0.arrival_time,
        ar1_0.created_at,
        ar1_0.created_by,
        ar1_0.late_minutes,
        ar1_0.session_id,
        ar1_0.status,
        ar1_0.student_id,
        ar1_0.teacher_note,
        ar1_0.updated_at,
        ar1_0.updated_by 
    from
        attendance_records ar1_0 
    join
        students s1_0 
            on s1_0.id=ar1_0.student_id 
    where
        s1_0.id=? 
        and not(ar1_0.archived) 
    order by
        ar1_0.created_at desc
Hibernate: 
    select
        u1_0.id,
        u1_0.bio,
        u1_0.created_at,
        u1_0.is_deleted,
        u1_0.email,
        u1_0.first_name,
        u1_0.last_name,
        u1_0.password,
        u1_0.phone_number,
        u1_0.photo_url,
        u1_0.role,
        u1_0.status,
        u1_0.updated_at,
        u1_0.user_code 
    from
        users u1_0 
    where
        u1_0.email=? 
        and not(u1_0.is_deleted)
Hibernate: 
    select
        s1_0.id,
        s1_0.academic_year_id,
        s1_0.address_line,
        s1_0.admission_date,
        s1_0.admission_number,
        s1_0.archived,
        s1_0.city,
        s1_0.city_of_birth,
        s1_0.class_id,
        s1_0.cohort_id,
        s1_0.country,
        s1_0.country_of_birth,
        s1_0.created_at,
        s1_0.created_by,
        s1_0.date_of_birth,
        s1_0.email,
        s1_0.enrollment_type,
        s1_0.expected_graduation_date,
        s1_0.first_name,
        s1_0.gender,
        s1_0.international_student,
        s1_0.last_name,
        s1_0.medical_notes,
        s1_0.middle_name,
        s1_0.national_id_number,
        s1_0.nationality,
        s1_0.passport_number,
        s1_0.phone_number,
        s1_0.photo_url,
        s1_0.postal_code,
        s1_0.program_id,
        s1_0.registration_date,
        s1_0.registration_number,
        s1_0.scholarship_holder,
        s1_0.secondary_phone_number,
        s1_0.special_needs_notes,
        s1_0.status,
        s1_0.student_number,
        s1_0.updated_at,
        s1_0.updated_by,
        s1_0.user_id,
        s1_0.working_student 
    from
        students s1_0 
    where
        s1_0.id=?
Hibernate: 
    select
        count(ar1_0.id) 
    from
        attendance_records ar1_0 
    where
        ar1_0.student_id=? 
        and ar1_0.archived=0
Hibernate: 
    select
        count(ar1_0.id) 
    from
        attendance_records ar1_0 
    where
        ar1_0.student_id=? 
        and ar1_0.status in ('PRESENT', 'LATE', 'REMOTE', 'EXCUSED') 
        and ar1_0.archived=0
Hibernate: 
    select
        u1_0.id,
        u1_0.bio,
        u1_0.created_at,
        u1_0.is_deleted,
        u1_0.email,
        u1_0.first_name,
        u1_0.last_name,
        u1_0.password,
        u1_0.phone_number,
        u1_0.photo_url,
        u1_0.role,
        u1_0.status,
        u1_0.updated_at,
        u1_0.user_code 
    from
        users u1_0 
    where
        u1_0.email=? 
        and not(u1_0.is_deleted)
Hibernate: 
    select
        b1_0.id,
        b1_0.academic_year_id,
        b1_0.archived,
        b1_0.class_average,
        b1_0.cohort_id,
        b1_0.council_decision,
        b1_0.created_at,
        b1_0.created_by,
        b1_0.general_average,
        b1_0.head_teacher_comment,
        b1_0.highest_average,
        b1_0.lowest_average,
        b1_0.published_at,
        b1_0.rank_in_cohort,
        b1_0.semester,
        b1_0.status,
        b1_0.student_id,
        b1_0.total_credits_acquired,
        b1_0.total_credits_possible,
        b1_0.total_students_in_cohort,
        b1_0.updated_at,
        b1_0.updated_by 
    from
        bulletins b1_0 
    join
        students s1_0 
            on s1_0.id=b1_0.student_id 
    join
        academic_years ay1_0 
            on ay1_0.id=b1_0.academic_year_id 
    where
        s1_0.id=? 
        and b1_0.semester=? 
        and ay1_0.id=? 
        and not(b1_0.archived)
Hibernate: 
    select
        u1_0.id,
        u1_0.bio,
        u1_0.created_at,
        u1_0.is_deleted,
        u1_0.email,
        u1_0.first_name,
        u1_0.last_name,
        u1_0.password,
        u1_0.phone_number,
        u1_0.photo_url,
        u1_0.role,
        u1_0.status,
        u1_0.updated_at,
        u1_0.user_code 
    from
        users u1_0 
    where
        u1_0.email=? 
        and not(u1_0.is_deleted)
Hibernate: 
    select
        b1_0.id,
        b1_0.academic_year_id,
        b1_0.archived,
        b1_0.class_average,
        b1_0.cohort_id,
        b1_0.council_decision,
        b1_0.created_at,
        b1_0.created_by,
        b1_0.general_average,
        b1_0.head_teacher_comment,
        b1_0.highest_average,
        b1_0.lowest_average,
        b1_0.published_at,
        b1_0.rank_in_cohort,
        b1_0.semester,
        b1_0.status,
        b1_0.student_id,
        b1_0.total_credits_acquired,
        b1_0.total_credits_possible,
        b1_0.total_students_in_cohort,
        b1_0.updated_at,
        b1_0.updated_by 
    from
        bulletins b1_0 
    join
        students s1_0 
            on s1_0.id=b1_0.student_id 
    join
        academic_years ay1_0 
            on ay1_0.id=b1_0.academic_year_id 
    where
        s1_0.id=? 
        and b1_0.semester=? 
        and ay1_0.id=? 
        and not(b1_0.archived)
Hibernate: 
    select
        u1_0.id,
        u1_0.bio,
        u1_0.created_at,
        u1_0.is_deleted,
        u1_0.email,
        u1_0.first_name,
        u1_0.last_name,
        u1_0.password,
        u1_0.phone_number,
        u1_0.photo_url,
        u1_0.role,
        u1_0.status,
        u1_0.updated_at,
        u1_0.user_code 
    from
        users u1_0 
    where
        u1_0.email=? 
        and not(u1_0.is_deleted)
Hibernate: 
    select
        b1_0.id,
        b1_0.academic_year_id,
        b1_0.archived,
        b1_0.class_average,
        b1_0.cohort_id,
        b1_0.council_decision,
        b1_0.created_at,
        b1_0.created_by,
        b1_0.general_average,
        b1_0.head_teacher_comment,
        b1_0.highest_average,
        b1_0.lowest_average,
        b1_0.published_at,
        b1_0.rank_in_cohort,
        b1_0.semester,
        b1_0.status,
        b1_0.student_id,
        b1_0.total_credits_acquired,
        b1_0.total_credits_possible,
        b1_0.total_students_in_cohort,
        b1_0.updated_at,
        b1_0.updated_by 
    from
        bulletins b1_0 
    join
        students s1_0 
            on s1_0.id=b1_0.student_id 
    join
        academic_years ay1_0 
            on ay1_0.id=b1_0.academic_year_id 
    where
        s1_0.id=? 
        and b1_0.semester=? 
        and ay1_0.id=? 
        and not(b1_0.archived)
Hibernate: 
    select
        u1_0.id,
        u1_0.bio,
        u1_0.created_at,
        u1_0.is_deleted,
        u1_0.email,
        u1_0.first_name,
        u1_0.last_name,
        u1_0.password,
        u1_0.phone_number,
        u1_0.photo_url,
        u1_0.role,
        u1_0.status,
        u1_0.updated_at,
        u1_0.user_code 
    from
        users u1_0 
    where
        u1_0.email=? 
        and not(u1_0.is_deleted)
Hibernate: 
    select
        n1_0.id,
        n1_0.created_at,
        n1_0.is_read,
        n1_0.message,
        n1_0.title,
        n1_0.notification_type,
        n1_0.user_id 
    from
        notifications n1_0 
    where
        n1_0.user_id=? 
    order by
        n1_0.created_at desc 
    limit
        ?
Hibernate: 
    select
        u1_0.id,
        u1_0.bio,
        u1_0.created_at,
        u1_0.is_deleted,
        u1_0.email,
        u1_0.first_name,
        u1_0.last_name,
        u1_0.password,
        u1_0.phone_number,
        u1_0.photo_url,
        u1_0.role,
        u1_0.status,
        u1_0.updated_at,
        u1_0.user_code 
    from
        users u1_0 
    where
        u1_0.email=? 
        and not(u1_0.is_deleted)
Hibernate: 
    select
        u1_0.id,
        u1_0.bio,
        u1_0.created_at,
        u1_0.is_deleted,
        u1_0.email,
        u1_0.first_name,
        u1_0.last_name,
        u1_0.password,
        u1_0.phone_number,
        u1_0.photo_url,
        u1_0.role,
        u1_0.status,
        u1_0.updated_at,
        u1_0.user_code 
    from
        users u1_0 
    where
        u1_0.email=? 
        and not(u1_0.is_deleted)
Hibernate: 
    select
        count(m1_0.id) 
    from
        messages m1_0 
    where
        m1_0.recipient_id=? 
        and not(m1_0.is_read) 
        and not(m1_0.archived)
Hibernate: 
    select
        count(n1_0.id) 
    from
        notifications n1_0 
    where
        n1_0.user_id=? 
        and not(n1_0.is_read)
Hibernate: 
    select
        u1_0.id,
        u1_0.bio,
        u1_0.created_at,
        u1_0.is_deleted,
        u1_0.email,
        u1_0.first_name,
        u1_0.last_name,
        u1_0.password,
        u1_0.phone_number,
        u1_0.photo_url,
        u1_0.role,
        u1_0.status,
        u1_0.updated_at,
        u1_0.user_code 
    from
        users u1_0 
    where
        u1_0.email=? 
        and not(u1_0.is_deleted)
Hibernate: 
    select
        e1_0.id,
        e1_0.academic_year_id,
        e1_0.archived,
        e1_0.class_id,
        e1_0.cohort_id,
        e1_0.course_id,
        e1_0.created_at,
        e1_0.created_by,
        e1_0.created_by_user_id,
        e1_0.description,
        e1_0.duration_minutes,
        e1_0.evaluation_type,
        e1_0.instructions,
        e1_0.max_score,
        e1_0.passing_score,
        e1_0.results_published_at,
        e1_0.room_info,
        e1_0.scheduled_at,
        e1_0.semester,
        e1_0.status,
        e1_0.title,
        e1_0.updated_at,
        e1_0.updated_by,
        e1_0.weight_percentage 
    from
        evaluations e1_0 
    where
        e1_0.status=? 
        and not(e1_0.archived) 
    order by
        e1_0.scheduled_at desc,
        e1_0.scheduled_at 
    limit
        ?
Hibernate: 
    select
        u1_0.id,
        u1_0.bio,
        u1_0.created_at,
        u1_0.is_deleted,
        u1_0.email,
        u1_0.first_name,
        u1_0.last_name,
        u1_0.password,
        u1_0.phone_number,
        u1_0.photo_url,
        u1_0.role,
        u1_0.status,
        u1_0.updated_at,
        u1_0.user_code 
    from
        users u1_0 
    where
        u1_0.email=? 
        and not(u1_0.is_deleted)
Hibernate: 
    select
        u1_0.id,
        u1_0.bio,
        u1_0.created_at,
        u1_0.is_deleted,
        u1_0.email,
        u1_0.first_name,
        u1_0.last_name,
        u1_0.password,
        u1_0.phone_number,
        u1_0.photo_url,
        u1_0.role,
        u1_0.status,
        u1_0.updated_at,
        u1_0.user_code 
    from
        users u1_0 
    where
        u1_0.email=? 
        and not(u1_0.is_deleted)
Hibernate: 
    select
        e1_0.id,
        e1_0.academic_year_id,
        e1_0.archived,
        e1_0.class_id,
        e1_0.cohort_id,
        e1_0.course_id,
        e1_0.created_at,
        e1_0.created_by,
        e1_0.created_by_user_id,
        e1_0.description,
        e1_0.duration_minutes,
        e1_0.evaluation_type,
        e1_0.instructions,
        e1_0.max_score,
        e1_0.passing_score,
        e1_0.results_published_at,
        e1_0.room_info,
        e1_0.scheduled_at,
        e1_0.semester,
        e1_0.status,
        e1_0.title,
        e1_0.updated_at,
        e1_0.updated_by,
        e1_0.weight_percentage 
    from
        evaluations e1_0 
    where
        e1_0.status=? 
        and not(e1_0.archived) 
    order by
        e1_0.scheduled_at desc,
        e1_0.scheduled_at 
    limit
        ?
Hibernate: 
    select
        e1_0.id,
        e1_0.academic_year_id,
        e1_0.archived,
        e1_0.class_id,
        e1_0.cohort_id,
        e1_0.course_id,
        e1_0.created_at,
        e1_0.created_by,
        e1_0.created_by_user_id,
        e1_0.description,
        e1_0.duration_minutes,
        e1_0.evaluation_type,
        e1_0.instructions,
        e1_0.max_score,
        e1_0.passing_score,
        e1_0.results_published_at,
        e1_0.room_info,
        e1_0.scheduled_at,
        e1_0.semester,
        e1_0.status,
        e1_0.title,
        e1_0.updated_at,
        e1_0.updated_by,
        e1_0.weight_percentage 
    from
        evaluations e1_0 
    where
        e1_0.status=? 
        and not(e1_0.archived) 
    order by
        e1_0.scheduled_at desc,
        e1_0.scheduled_at 
    limit
        ?
Hibernate: 
    select
        u1_0.id,
        u1_0.bio,
        u1_0.created_at,
        u1_0.is_deleted,
        u1_0.email,
        u1_0.first_name,
        u1_0.last_name,
        u1_0.password,
        u1_0.phone_number,
        u1_0.photo_url,
        u1_0.role,
        u1_0.status,
        u1_0.updated_at,
        u1_0.user_code 
    from
        users u1_0 
    where
        u1_0.email=? 
        and not(u1_0.is_deleted)
Hibernate: 
    select
        se1_0.id,
        se1_0.all_day,
        se1_0.archived,
        se1_0.cancellation_reason,
        se1_0.cohort_id,
        se1_0.created_at,
        se1_0.created_by,
        se1_0.description,
        se1_0.end_at,
        se1_0.event_type,
        se1_0.location,
        se1_0.meeting_link,
        se1_0.recurrence_rule,
        se1_0.reference_id,
        se1_0.reference_type,
        se1_0.start_at,
        se1_0.status,
        se1_0.teacher_id,
        se1_0.title,
        se1_0.updated_at,
        se1_0.updated_by,
        se1_0.user_id 
    from
        schedule_events se1_0 
    where
        se1_0.archived=0 
        and se1_0.status<>'CANCELLED' 
        and (
            se1_0.user_id=? 
            or se1_0.teacher_id=?
        ) 
        and se1_0.start_at>=? 
        and se1_0.start_at<=? 
    order by
        se1_0.start_at
Hibernate: 
    select
        u1_0.id,
        u1_0.bio,
        u1_0.created_at,
        u1_0.is_deleted,
        u1_0.email,
        u1_0.first_name,
        u1_0.last_name,
        u1_0.password,
        u1_0.phone_number,
        u1_0.photo_url,
        u1_0.role,
        u1_0.status,
        u1_0.updated_at,
        u1_0.user_code 
    from
        users u1_0 
    where
        u1_0.email=? 
        and not(u1_0.is_deleted)
Hibernate: 
    select
        se1_0.id,
        se1_0.all_day,
        se1_0.archived,
        se1_0.cancellation_reason,
        se1_0.cohort_id,
        se1_0.created_at,
        se1_0.created_by,
        se1_0.description,
        se1_0.end_at,
        se1_0.event_type,
        se1_0.location,
        se1_0.meeting_link,
        se1_0.recurrence_rule,
        se1_0.reference_id,
        se1_0.reference_type,
        se1_0.start_at,
        se1_0.status,
        se1_0.teacher_id,
        se1_0.title,
        se1_0.updated_at,
        se1_0.updated_by,
        se1_0.user_id 
    from
        schedule_events se1_0 
    where
        se1_0.archived=0 
        and se1_0.status<>'CANCELLED' 
        and (
            se1_0.user_id=? 
            or se1_0.teacher_id=?
        ) 
        and se1_0.start_at>=? 
        and se1_0.start_at<=? 
    order by
        se1_0.start_at
Hibernate: 
    select
        u1_0.id,
        u1_0.bio,
        u1_0.created_at,
        u1_0.is_deleted,
        u1_0.email,
        u1_0.first_name,
        u1_0.last_name,
        u1_0.password,
        u1_0.phone_number,
        u1_0.photo_url,
        u1_0.role,
        u1_0.status,
        u1_0.updated_at,
        u1_0.user_code 
    from
        users u1_0 
    where
        u1_0.email=? 
        and not(u1_0.is_deleted)
Hibernate: 
    select
        s1_0.id,
        s1_0.academic_year_id,
        s1_0.address_line,
        s1_0.admission_date,
        s1_0.admission_number,
        s1_0.archived,
        s1_0.city,
        s1_0.city_of_birth,
        s1_0.class_id,
        s1_0.cohort_id,
        s1_0.country,
        s1_0.country_of_birth,
        s1_0.created_at,
        s1_0.created_by,
        s1_0.date_of_birth,
        s1_0.email,
        s1_0.enrollment_type,
        s1_0.expected_graduation_date,
        s1_0.first_name,
        s1_0.gender,
        s1_0.international_student,
        s1_0.last_name,
        s1_0.medical_notes,
        s1_0.middle_name,
        s1_0.national_id_number,
        s1_0.nationality,
        s1_0.passport_number,
        s1_0.phone_number,
        s1_0.photo_url,
        s1_0.postal_code,
        s1_0.program_id,
        s1_0.registration_date,
        s1_0.registration_number,
        s1_0.scholarship_holder,
        s1_0.secondary_phone_number,
        s1_0.special_needs_notes,
        s1_0.status,
        s1_0.student_number,
        s1_0.updated_at,
        s1_0.updated_by,
        s1_0.user_id,
        s1_0.working_student 
    from
        students s1_0 
    where
        s1_0.id=?
Hibernate: 
    select
        ar1_0.id,
        ar1_0.archived,
        ar1_0.arrival_time,
        ar1_0.created_at,
        ar1_0.created_by,
        ar1_0.late_minutes,
        ar1_0.session_id,
        ar1_0.status,
        ar1_0.student_id,
        ar1_0.teacher_note,
        ar1_0.updated_at,
        ar1_0.updated_by 
    from
        attendance_records ar1_0 
    join
        students s1_0 
            on s1_0.id=ar1_0.student_id 
    where
        s1_0.id=? 
        and not(ar1_0.archived) 
    order by
        ar1_0.created_at desc
Hibernate: 
    select
        u1_0.id,
        u1_0.bio,
        u1_0.created_at,
        u1_0.is_deleted,
        u1_0.email,
        u1_0.first_name,
        u1_0.last_name,
        u1_0.password,
        u1_0.phone_number,
        u1_0.photo_url,
        u1_0.role,
        u1_0.status,
        u1_0.updated_at,
        u1_0.user_code 
    from
        users u1_0 
    where
        u1_0.email=? 
        and not(u1_0.is_deleted)
Hibernate: 
    select
        s1_0.id,
        s1_0.academic_year_id,
        s1_0.address_line,
        s1_0.admission_date,
        s1_0.admission_number,
        s1_0.archived,
        s1_0.city,
        s1_0.city_of_birth,
        s1_0.class_id,
        s1_0.cohort_id,
        s1_0.country,
        s1_0.country_of_birth,
        s1_0.created_at,
        s1_0.created_by,
        s1_0.date_of_birth,
        s1_0.email,
        s1_0.enrollment_type,
        s1_0.expected_graduation_date,
        s1_0.first_name,
        s1_0.gender,
        s1_0.international_student,
        s1_0.last_name,
        s1_0.medical_notes,
        s1_0.middle_name,
        s1_0.national_id_number,
        s1_0.nationality,
        s1_0.passport_number,
        s1_0.phone_number,
        s1_0.photo_url,
        s1_0.postal_code,
        s1_0.program_id,
        s1_0.registration_date,
        s1_0.registration_number,
        s1_0.scholarship_holder,
        s1_0.secondary_phone_number,
        s1_0.special_needs_notes,
        s1_0.status,
        s1_0.student_number,
        s1_0.updated_at,
        s1_0.updated_by,
        s1_0.user_id,
        s1_0.working_student 
    from
        students s1_0 
    where
        s1_0.id=?
Hibernate: 
    select
        count(ar1_0.id) 
    from
        attendance_records ar1_0 
    where
        ar1_0.student_id=? 
        and ar1_0.archived=0
Hibernate: 
    select
        count(ar1_0.id) 
    from
        attendance_records ar1_0 
    where
        ar1_0.student_id=? 
        and ar1_0.status in ('PRESENT', 'LATE', 'REMOTE', 'EXCUSED') 
        and ar1_0.archived=0
Hibernate: 
    select
        u1_0.id,
        u1_0.bio,
        u1_0.created_at,
        u1_0.is_deleted,
        u1_0.email,
        u1_0.first_name,
        u1_0.last_name,
        u1_0.password,
        u1_0.phone_number,
        u1_0.photo_url,
        u1_0.role,
        u1_0.status,
        u1_0.updated_at,
        u1_0.user_code 
    from
        users u1_0 
    where
        u1_0.email=? 
        and not(u1_0.is_deleted)
Hibernate: 
    select
        s1_0.id,
        s1_0.academic_year_id,
        s1_0.address_line,
        s1_0.admission_date,
        s1_0.admission_number,
        s1_0.archived,
        s1_0.city,
        s1_0.city_of_birth,
        s1_0.class_id,
        s1_0.cohort_id,
        s1_0.country,
        s1_0.country_of_birth,
        s1_0.created_at,
        s1_0.created_by,
        s1_0.date_of_birth,
        s1_0.email,
        s1_0.enrollment_type,
        s1_0.expected_graduation_date,
        s1_0.first_name,
        s1_0.gender,
        s1_0.international_student,
        s1_0.last_name,
        s1_0.medical_notes,
        s1_0.middle_name,
        s1_0.national_id_number,
        s1_0.nationality,
        s1_0.passport_number,
        s1_0.phone_number,
        s1_0.photo_url,
        s1_0.postal_code,
        s1_0.program_id,
        s1_0.registration_date,
        s1_0.registration_number,
        s1_0.scholarship_holder,
        s1_0.secondary_phone_number,
        s1_0.special_needs_notes,
        s1_0.status,
        s1_0.student_number,
        s1_0.updated_at,
        s1_0.updated_by,
        s1_0.user_id,
        s1_0.working_student 
    from
        students s1_0 
    where
        s1_0.id=?
Hibernate: 
    select
        i1_0.id,
        i1_0.academic_year_id,
        i1_0.amount_paid,
        i1_0.amount_remaining,
        i1_0.archived,
        i1_0.created_at,
        i1_0.created_by,
        i1_0.currency,
        i1_0.due_date,
        i1_0.invoice_number,
        i1_0.issue_date,
        i1_0.label,
        i1_0.notes,
        i1_0.status,
        i1_0.student_id,
        i1_0.total_amount,
        i1_0.updated_at,
        i1_0.updated_by 
    from
        invoices i1_0 
    join
        students s1_0 
            on s1_0.id=i1_0.student_id 
    where
        s1_0.id=? 
        and not(i1_0.archived) 
    order by
        i1_0.created_at desc 
    limit
        ?
Hibernate: 
    select
        u1_0.id,
        u1_0.bio,
        u1_0.created_at,
        u1_0.is_deleted,
        u1_0.email,
        u1_0.first_name,
        u1_0.last_name,
        u1_0.password,
        u1_0.phone_number,
        u1_0.photo_url,
        u1_0.role,
        u1_0.status,
        u1_0.updated_at,
        u1_0.user_code 
    from
        users u1_0 
    where
        u1_0.email=? 
        and not(u1_0.is_deleted)
Hibernate: 
    select
        gb1_0.id,
        gb1_0.academic_year_id,
        gb1_0.archived,
        gb1_0.cohort_id,
        gb1_0.course_id,
        c1_0.id,
        c1_0.academic_year_id,
        c1_0.archived,
        c1_0.class_id,
        c1_0.code,
        c1_0.course_sheet,
        c1_0.created_at,
        c1_0.created_by,
        c1_0.credits,
        c1_0.current_version_number,
        c1_0.description,
        c1_0.instructor_user_id,
        c1_0.objectives,
        c1_0.prerequisites,
        c1_0.program_id,
        c1_0.published,
        c1_0.semester,
        c1_0.status,
        c1_0.syllabus,
        tu1_0.id,
        tu1_0.archived,
        tu1_0.code,
        tu1_0.created_at,
        tu1_0.created_by,
        tu1_0.description,
        tu1_0.name,
        tu1_0.order_index,
        tu1_0.program_id,
        tu1_0.semester,
        tu1_0.updated_at,
        tu1_0.updated_by,
        c1_0.title,
        c1_0.total_hours,
        c1_0.updated_at,
        c1_0.updated_by,
        c1_0.visibility,
        gb1_0.created_at,
        gb1_0.created_by,
        gb1_0.credits,
        gb1_0.passing_grade,
        gb1_0.semester,
        gb1_0.student_id,
        gb1_0.teacher_appreciation,
        gb1_0.updated_at,
        gb1_0.updated_by,
        gb1_0.validated,
        gb1_0.weighted_average 
    from
        grade_books gb1_0 
    left join
        courses c1_0 
            on c1_0.id=gb1_0.course_id 
    left join
        teaching_units tu1_0 
            on tu1_0.id=c1_0.teaching_unit_id 
    where
        gb1_0.student_id=? 
        and gb1_0.archived=0 
    order by
        c1_0.title
Hibernate: 
    select
        u1_0.id,
        u1_0.bio,
        u1_0.created_at,
        u1_0.is_deleted,
        u1_0.email,
        u1_0.first_name,
        u1_0.last_name,
        u1_0.password,
        u1_0.phone_number,
        u1_0.photo_url,
        u1_0.role,
        u1_0.status,
        u1_0.updated_at,
        u1_0.user_code 
    from
        users u1_0 
    where
        u1_0.email=? 
        and not(u1_0.is_deleted)
Hibernate: 
    select
        u1_0.id,
        u1_0.bio,
        u1_0.created_at,
        u1_0.is_deleted,
        u1_0.email,
        u1_0.first_name,
        u1_0.last_name,
        u1_0.password,
        u1_0.phone_number,
        u1_0.photo_url,
        u1_0.role,
        u1_0.status,
        u1_0.updated_at,
        u1_0.user_code 
    from
        users u1_0 
    where
        u1_0.email=? 
        and not(u1_0.is_deleted)
Hibernate: 
    select
        count(n1_0.id) 
    from
        notifications n1_0 
    where
        n1_0.user_id=? 
        and not(n1_0.is_read)
Hibernate: 
    select
        u1_0.id,
        u1_0.bio,
        u1_0.created_at,
        u1_0.is_deleted,
        u1_0.email,
        u1_0.first_name,
        u1_0.last_name,
        u1_0.password,
        u1_0.phone_number,
        u1_0.photo_url,
        u1_0.role,
        u1_0.status,
        u1_0.updated_at,
        u1_0.user_code 
    from
        users u1_0 
    where
        u1_0.email=? 
        and not(u1_0.is_deleted)
Hibernate: 
    select
        n1_0.id,
        n1_0.created_at,
        n1_0.is_read,
        n1_0.message,
        n1_0.title,
        n1_0.notification_type,
        n1_0.user_id 
    from
        notifications n1_0 
    where
        n1_0.user_id=? 
    order by
        n1_0.created_at desc 
    limit
        ?
Hibernate: 
    select
        count(m1_0.id) 
    from
        messages m1_0 
    where
        m1_0.recipient_id=? 
        and not(m1_0.is_read) 
        and not(m1_0.archived)
Hibernate: 
    select
        u1_0.id,
        u1_0.bio,
        u1_0.created_at,
        u1_0.is_deleted,
        u1_0.email,
        u1_0.first_name,
        u1_0.last_name,
        u1_0.password,
        u1_0.phone_number,
        u1_0.photo_url,
        u1_0.role,
        u1_0.status,
        u1_0.updated_at,
        u1_0.user_code 
    from
        users u1_0 
    where
        u1_0.email=? 
        and not(u1_0.is_deleted)
Hibernate: 
    select
        u1_0.id,
        u1_0.bio,
        u1_0.created_at,
        u1_0.is_deleted,
        u1_0.email,
        u1_0.first_name,
        u1_0.last_name,
        u1_0.password,
        u1_0.phone_number,
        u1_0.photo_url,
        u1_0.role,
        u1_0.status,
        u1_0.updated_at,
        u1_0.user_code 
    from
        users u1_0 
    where
        u1_0.email=? 
        and not(u1_0.is_deleted)
Hibernate: 
    select
        u1_0.id,
        u1_0.bio,
        u1_0.created_at,
        u1_0.is_deleted,
        u1_0.email,
        u1_0.first_name,
        u1_0.last_name,
        u1_0.password,
        u1_0.phone_number,
        u1_0.photo_url,
        u1_0.role,
        u1_0.status,
        u1_0.updated_at,
        u1_0.user_code 
    from
        users u1_0 
    where
        u1_0.email=? 
        and not(u1_0.is_deleted)
Hibernate: 
    select
        count(m1_0.id) 
    from
        messages m1_0 
    where
        m1_0.recipient_id=? 
        and not(m1_0.is_read) 
        and not(m1_0.archived)
Hibernate: 
    select
        n1_0.id,
        n1_0.created_at,
        n1_0.is_read,
        n1_0.message,
        n1_0.title,
        n1_0.notification_type,
        n1_0.user_id 
    from
        notifications n1_0 
    where
        n1_0.user_id=? 
    order by
        n1_0.created_at desc 
    limit
        ?
Hibernate: 
    select
        count(n1_0.id) 
    from
        notifications n1_0 
    where
        n1_0.user_id=? 
        and not(n1_0.is_read)
Hibernate: 
    select
        u1_0.id,
        u1_0.bio,
        u1_0.created_at,
        u1_0.is_deleted,
        u1_0.email,
        u1_0.first_name,
        u1_0.last_name,
        u1_0.password,
        u1_0.phone_number,
        u1_0.photo_url,
        u1_0.role,
        u1_0.status,
        u1_0.updated_at,
        u1_0.user_code 
    from
        users u1_0 
    where
        u1_0.email=? 
        and not(u1_0.is_deleted)
Hibernate: 
    select
        u1_0.id,
        u1_0.bio,
        u1_0.created_at,
        u1_0.is_deleted,
        u1_0.email,
        u1_0.first_name,
        u1_0.last_name,
        u1_0.password,
        u1_0.phone_number,
        u1_0.photo_url,
        u1_0.role,
        u1_0.status,
        u1_0.updated_at,
        u1_0.user_code 
    from
        users u1_0 
    where
        u1_0.email=? 
        and not(u1_0.is_deleted)
Hibernate: 
    select
        u1_0.id,
        u1_0.bio,
        u1_0.created_at,
        u1_0.is_deleted,
        u1_0.email,
        u1_0.first_name,
        u1_0.last_name,
        u1_0.password,
        u1_0.phone_number,
        u1_0.photo_url,
        u1_0.role,
        u1_0.status,
        u1_0.updated_at,
        u1_0.user_code 
    from
        users u1_0 
    where
        u1_0.email=? 
        and not(u1_0.is_deleted)
Hibernate: 
    select
        n1_0.id,
        n1_0.created_at,
        n1_0.is_read,
        n1_0.message,
        n1_0.title,
        n1_0.notification_type,
        n1_0.user_id 
    from
        notifications n1_0 
    where
        n1_0.user_id=? 
    order by
        n1_0.created_at desc 
    limit
        ?
Hibernate: 
    select
        count(m1_0.id) 
    from
        messages m1_0 
    where
        m1_0.recipient_id=? 
        and not(m1_0.is_read) 
        and not(m1_0.archived)
Hibernate: 
    select
        count(n1_0.id) 
    from
        notifications n1_0 
    where
        n1_0.user_id=? 
        and not(n1_0.is_read)
Hibernate: 
    select
        u1_0.id,
        u1_0.bio,
        u1_0.created_at,
        u1_0.is_deleted,
        u1_0.email,
        u1_0.first_name,
        u1_0.last_name,
        u1_0.password,
        u1_0.phone_number,
        u1_0.photo_url,
        u1_0.role,
        u1_0.status,
        u1_0.updated_at,
        u1_0.user_code 
    from
        users u1_0 
    where
        u1_0.email=? 
        and not(u1_0.is_deleted)
Hibernate: 
    select
        u1_0.id,
        u1_0.bio,
        u1_0.created_at,
        u1_0.is_deleted,
        u1_0.email,
        u1_0.first_name,
        u1_0.last_name,
        u1_0.password,
        u1_0.phone_number,
        u1_0.photo_url,
        u1_0.role,
        u1_0.status,
        u1_0.updated_at,
        u1_0.user_code 
    from
        users u1_0 
    where
        u1_0.email=? 
        and not(u1_0.is_deleted)
Hibernate: 
    select
        u1_0.id,
        u1_0.bio,
        u1_0.created_at,
        u1_0.is_deleted,
        u1_0.email,
        u1_0.first_name,
        u1_0.last_name,
        u1_0.password,
        u1_0.phone_number,
        u1_0.photo_url,
        u1_0.role,
        u1_0.status,
        u1_0.updated_at,
        u1_0.user_code 
    from
        users u1_0 
    where
        u1_0.email=? 
        and not(u1_0.is_deleted)
Hibernate: 
    select
        count(m1_0.id) 
    from
        messages m1_0 
    where
        m1_0.recipient_id=? 
        and not(m1_0.is_read) 
        and not(m1_0.archived)
Hibernate: 
    select
        n1_0.id,
        n1_0.created_at,
        n1_0.is_read,
        n1_0.message,
        n1_0.title,
        n1_0.notification_type,
        n1_0.user_id 
    from
        notifications n1_0 
    where
        n1_0.user_id=? 
    order by
        n1_0.created_at desc 
    limit
        ?
Hibernate: 
    select
        count(n1_0.id) 
    from
        notifications n1_0 
    where
        n1_0.user_id=? 
        and not(n1_0.is_read)
Hibernate: 
    select
        u1_0.id,
        u1_0.bio,
        u1_0.created_at,
        u1_0.is_deleted,
        u1_0.email,
        u1_0.first_name,
        u1_0.last_name,
        u1_0.password,
        u1_0.phone_number,
        u1_0.photo_url,
        u1_0.role,
        u1_0.status,
        u1_0.updated_at,
        u1_0.user_code 
    from
        users u1_0 
    where
        u1_0.email=? 
        and not(u1_0.is_deleted)
2026-04-14T15:57:20.824+01:00  INFO 10697 --- [backend] [nio-8080-exec-9] c.m.b.n.sse.SseEmitterRegistry           : SSE connexion ouverte pour userId=18
Hibernate: 
    select
        u1_0.id,
        u1_0.bio,
        u1_0.created_at,
        u1_0.is_deleted,
        u1_0.email,
        u1_0.first_name,
        u1_0.last_name,
        u1_0.password,
        u1_0.phone_number,
        u1_0.photo_url,
        u1_0.role,
        u1_0.status,
        u1_0.updated_at,
        u1_0.user_code 
    from
        users u1_0 
    where
        u1_0.email=? 
        and not(u1_0.is_deleted)
Hibernate: 
    select
        u1_0.id,
        u1_0.bio,
        u1_0.created_at,
        u1_0.is_deleted,
        u1_0.email,
        u1_0.first_name,
        u1_0.last_name,
        u1_0.password,
        u1_0.phone_number,
        u1_0.photo_url,
        u1_0.role,
        u1_0.status,
        u1_0.updated_at,
        u1_0.user_code 
    from
        users u1_0 
    where
        u1_0.email=? 
        and not(u1_0.is_deleted)
Hibernate: 
    select
        u1_0.id,
        u1_0.bio,
        u1_0.created_at,
        u1_0.is_deleted,
        u1_0.email,
        u1_0.first_name,
        u1_0.last_name,
        u1_0.password,
        u1_0.phone_number,
        u1_0.photo_url,
        u1_0.role,
        u1_0.status,
        u1_0.updated_at,
        u1_0.user_code 
    from
        users u1_0 
    where
        u1_0.email=? 
        and not(u1_0.is_deleted)
Hibernate: 
    select
        n1_0.id,
        n1_0.created_at,
        n1_0.is_read,
        n1_0.message,
        n1_0.title,
        n1_0.notification_type,
        n1_0.user_id 
    from
        notifications n1_0 
    where
        n1_0.user_id=? 
    order by
        n1_0.created_at desc 
    limit
        ?
Hibernate: 
    select
        count(n1_0.id) 
    from
        notifications n1_0 
    where
        n1_0.user_id=? 
        and not(n1_0.is_read)
Hibernate: 
    select
        count(m1_0.id) 
    from
        messages m1_0 
    where
        m1_0.recipient_id=? 
        and not(m1_0.is_read) 
        and not(m1_0.archived)
Hibernate: 
    select
        u1_0.id,
        u1_0.bio,
        u1_0.created_at,
        u1_0.is_deleted,
        u1_0.email,
        u1_0.first_name,
        u1_0.last_name,
        u1_0.password,
        u1_0.phone_number,
        u1_0.photo_url,
        u1_0.role,
        u1_0.status,
        u1_0.updated_at,
        u1_0.user_code 
    from
        users u1_0 
    where
        u1_0.email=? 
        and not(u1_0.is_deleted)
Hibernate: 
    select
        u1_0.id,
        u1_0.bio,
        u1_0.created_at,
        u1_0.is_deleted,
        u1_0.email,
        u1_0.first_name,
        u1_0.last_name,
        u1_0.password,
        u1_0.phone_number,
        u1_0.photo_url,
        u1_0.role,
        u1_0.status,
        u1_0.updated_at,
        u1_0.user_code 
    from
        users u1_0 
    where
        u1_0.email=? 
        and not(u1_0.is_deleted)
Hibernate: 
    select
        u1_0.id,
        u1_0.bio,
        u1_0.created_at,
        u1_0.is_deleted,
        u1_0.email,
        u1_0.first_name,
        u1_0.last_name,
        u1_0.password,
        u1_0.phone_number,
        u1_0.photo_url,
        u1_0.role,
        u1_0.status,
        u1_0.updated_at,
        u1_0.user_code 
    from
        users u1_0 
    where
        u1_0.email=? 
        and not(u1_0.is_deleted)
Hibernate: 
    select
        count(m1_0.id) 
    from
        messages m1_0 
    where
        m1_0.recipient_id=? 
        and not(m1_0.is_read) 
        and not(m1_0.archived)
Hibernate: 
    select
        n1_0.id,
        n1_0.created_at,
        n1_0.is_read,
        n1_0.message,
        n1_0.title,
        n1_0.notification_type,
        n1_0.user_id 
    from
        notifications n1_0 
    where
        n1_0.user_id=? 
    order by
        n1_0.created_at desc 
    limit
        ?
Hibernate: 
    select
        count(n1_0.id) 
    from
        notifications n1_0 
    where
        n1_0.user_id=? 
        and not(n1_0.is_read)
Hibernate: 
    select
        u1_0.id,
        u1_0.bio,
        u1_0.created_at,
        u1_0.is_deleted,
        u1_0.email,
        u1_0.first_name,
        u1_0.last_name,
        u1_0.password,
        u1_0.phone_number,
        u1_0.photo_url,
        u1_0.role,
        u1_0.status,
        u1_0.updated_at,
        u1_0.user_code 
    from
        users u1_0 
    where
        u1_0.email=? 
        and not(u1_0.is_deleted)
Hibernate: 
    select
        u1_0.id,
        u1_0.bio,
        u1_0.created_at,
        u1_0.is_deleted,
        u1_0.email,
        u1_0.first_name,
        u1_0.last_name,
        u1_0.password,
        u1_0.phone_number,
        u1_0.photo_url,
        u1_0.role,
        u1_0.status,
        u1_0.updated_at,
        u1_0.user_code 
    from
        users u1_0 
    where
        u1_0.email=? 
        and not(u1_0.is_deleted)
Hibernate: 
    select
        u1_0.id,
        u1_0.bio,
        u1_0.created_at,
        u1_0.is_deleted,
        u1_0.email,
        u1_0.first_name,
        u1_0.last_name,
        u1_0.password,
        u1_0.phone_number,
        u1_0.photo_url,
        u1_0.role,
        u1_0.status,
        u1_0.updated_at,
        u1_0.user_code 
    from
        users u1_0 
    where
        u1_0.email=? 
        and not(u1_0.is_deleted)
Hibernate: 
    select
        count(m1_0.id) 
    from
        messages m1_0 
    where
        m1_0.recipient_id=? 
        and not(m1_0.is_read) 
        and not(m1_0.archived)
Hibernate: 
    select
        count(n1_0.id) 
    from
        notifications n1_0 
    where
        n1_0.user_id=? 
        and not(n1_0.is_read)
Hibernate: 
    select
        n1_0.id,
        n1_0.created_at,
        n1_0.is_read,
        n1_0.message,
        n1_0.title,
        n1_0.notification_type,
        n1_0.user_id 
    from
        notifications n1_0 
    where
        n1_0.user_id=? 
    order by
        n1_0.created_at desc 
    limit
        ?
Hibernate: 
    select
        u1_0.id,
        u1_0.bio,
        u1_0.created_at,
        u1_0.is_deleted,
        u1_0.email,
        u1_0.first_name,
        u1_0.last_name,
        u1_0.password,
        u1_0.phone_number,
        u1_0.photo_url,
        u1_0.role,
        u1_0.status,
        u1_0.updated_at,
        u1_0.user_code 
    from
        users u1_0 
    where
        u1_0.email=? 
        and not(u1_0.is_deleted)
Hibernate: 
    select
        s1_0.id,
        s1_0.academic_year_id,
        s1_0.address_line,
        s1_0.admission_date,
        s1_0.admission_number,
        s1_0.archived,
        s1_0.city,
        s1_0.city_of_birth,
        s1_0.class_id,
        s1_0.cohort_id,
        s1_0.country,
        s1_0.country_of_birth,
        s1_0.created_at,
        s1_0.created_by,
        s1_0.date_of_birth,
        s1_0.email,
        s1_0.enrollment_type,
        s1_0.expected_graduation_date,
        s1_0.first_name,
        s1_0.gender,
        s1_0.international_student,
        s1_0.last_name,
        s1_0.medical_notes,
        s1_0.middle_name,
        s1_0.national_id_number,
        s1_0.nationality,
        s1_0.passport_number,
        s1_0.phone_number,
        s1_0.photo_url,
        s1_0.postal_code,
        s1_0.program_id,
        s1_0.registration_date,
        s1_0.registration_number,
        s1_0.scholarship_holder,
        s1_0.secondary_phone_number,
        s1_0.special_needs_notes,
        s1_0.status,
        s1_0.student_number,
        s1_0.updated_at,
        s1_0.updated_by,
        s1_0.user_id,
        s1_0.working_student 
    from
        students s1_0 
    where
        s1_0.id=?
Hibernate: 
    select
        i1_0.id,
        i1_0.academic_year_id,
        i1_0.amount_paid,
        i1_0.amount_remaining,
        i1_0.archived,
        i1_0.created_at,
        i1_0.created_by,
        i1_0.currency,
        i1_0.due_date,
        i1_0.invoice_number,
        i1_0.issue_date,
        i1_0.label,
        i1_0.notes,
        i1_0.status,
        i1_0.student_id,
        i1_0.total_amount,
        i1_0.updated_at,
        i1_0.updated_by 
    from
        invoices i1_0 
    join
        students s1_0 
            on s1_0.id=i1_0.student_id 
    where
        s1_0.id=? 
        and not(i1_0.archived) 
    order by
        i1_0.created_at desc 
    limit
        ?
Hibernate: 
    select
        u1_0.id,
        u1_0.bio,
        u1_0.created_at,
        u1_0.is_deleted,
        u1_0.email,
        u1_0.first_name,
        u1_0.last_name,
        u1_0.password,
        u1_0.phone_number,
        u1_0.photo_url,
        u1_0.role,
        u1_0.status,
        u1_0.updated_at,
        u1_0.user_code 
    from
        users u1_0 
    where
        u1_0.email=? 
        and not(u1_0.is_deleted)
Hibernate: 
    select
        n1_0.id,
        n1_0.created_at,
        n1_0.is_read,
        n1_0.message,
        n1_0.title,
        n1_0.notification_type,
        n1_0.user_id 
    from
        notifications n1_0 
    where
        n1_0.user_id=? 
    order by
        n1_0.created_at desc 
    limit
        ?
Hibernate: 
    select
        u1_0.id,
        u1_0.bio,
        u1_0.created_at,
        u1_0.is_deleted,
        u1_0.email,
        u1_0.first_name,
        u1_0.last_name,
        u1_0.password,
        u1_0.phone_number,
        u1_0.photo_url,
        u1_0.role,
        u1_0.status,
        u1_0.updated_at,
        u1_0.user_code 
    from
        users u1_0 
    where
        u1_0.email=? 
        and not(u1_0.is_deleted)
Hibernate: 
    select
        count(n1_0.id) 
    from
        notifications n1_0 
    where
        n1_0.user_id=? 
        and not(n1_0.is_read)
Hibernate: 
    select
        u1_0.id,
        u1_0.bio,
        u1_0.created_at,
        u1_0.is_deleted,
        u1_0.email,
        u1_0.first_name,
        u1_0.last_name,
        u1_0.password,
        u1_0.phone_number,
        u1_0.photo_url,
        u1_0.role,
        u1_0.status,
        u1_0.updated_at,
        u1_0.user_code 
    from
        users u1_0 
    where
        u1_0.email=? 
        and not(u1_0.is_deleted)
Hibernate: 
    select
        u1_0.id,
        u1_0.bio,
        u1_0.created_at,
        u1_0.is_deleted,
        u1_0.email,
        u1_0.first_name,
        u1_0.last_name,
        u1_0.password,
        u1_0.phone_number,
        u1_0.photo_url,
        u1_0.role,
        u1_0.status,
        u1_0.updated_at,
        u1_0.user_code 
    from
        users u1_0 
    where
        u1_0.email=? 
        and not(u1_0.is_deleted)
Hibernate: 
    select
        count(m1_0.id) 
    from
        messages m1_0 
    where
        m1_0.recipient_id=? 
        and not(m1_0.is_read) 
        and not(m1_0.archived)
Hibernate: 
    select
        u1_0.id,
        u1_0.bio,
        u1_0.created_at,
        u1_0.is_deleted,
        u1_0.email,
        u1_0.first_name,
        u1_0.last_name,
        u1_0.password,
        u1_0.phone_number,
        u1_0.photo_url,
        u1_0.role,
        u1_0.status,
        u1_0.updated_at,
        u1_0.user_code 
    from
        users u1_0 
    where
        u1_0.email=?
Hibernate: 
    select
        s1_0.id,
        s1_0.academic_year_id,
        s1_0.address_line,
        s1_0.admission_date,
        s1_0.admission_number,
        s1_0.archived,
        s1_0.city,
        s1_0.city_of_birth,
        s1_0.class_id,
        s1_0.cohort_id,
        s1_0.country,
        s1_0.country_of_birth,
        s1_0.created_at,
        s1_0.created_by,
        s1_0.date_of_birth,
        s1_0.email,
        s1_0.enrollment_type,
        s1_0.expected_graduation_date,
        s1_0.first_name,
        s1_0.gender,
        s1_0.international_student,
        s1_0.last_name,
        s1_0.medical_notes,
        s1_0.middle_name,
        s1_0.national_id_number,
        s1_0.nationality,
        s1_0.passport_number,
        s1_0.phone_number,
        s1_0.photo_url,
        s1_0.postal_code,
        s1_0.program_id,
        s1_0.registration_date,
        s1_0.registration_number,
        s1_0.scholarship_holder,
        s1_0.secondary_phone_number,
        s1_0.special_needs_notes,
        s1_0.status,
        s1_0.student_number,
        s1_0.updated_at,
        s1_0.updated_by,
        s1_0.user_id,
        s1_0.working_student 
    from
        students s1_0 
    left join
        users u1_0 
            on u1_0.id=s1_0.user_id 
    where
        u1_0.id=?
Hibernate: 
    select
        gc1_0.id,
        gc1_0.address_line,
        gc1_0.archived,
        gc1_0.city,
        gc1_0.country,
        gc1_0.created_at,
        gc1_0.created_by,
        gc1_0.email,
        gc1_0.full_name,
        gc1_0.phone_number,
        gc1_0.primary_contact,
        gc1_0.relationship_label,
        gc1_0.secondary_phone_number,
        gc1_0.student_id,
        gc1_0.updated_at,
        gc1_0.updated_by 
    from
        guardian_contacts gc1_0 
    join
        students s1_0 
            on s1_0.id=gc1_0.student_id 
    where
        s1_0.id=? 
        and not(gc1_0.archived) 
    order by
        gc1_0.primary_contact desc,
        gc1_0.created_at
Hibernate: 
    select
        ec1_0.id,
        ec1_0.address_line,
        ec1_0.archived,
        ec1_0.created_at,
        ec1_0.created_by,
        ec1_0.email,
        ec1_0.full_name,
        ec1_0.phone_number,
        ec1_0.priority_order,
        ec1_0.relationship_label,
        ec1_0.secondary_phone_number,
        ec1_0.student_id,
        ec1_0.updated_at,
        ec1_0.updated_by 
    from
        emergency_contacts ec1_0 
    join
        students s1_0 
            on s1_0.id=ec1_0.student_id 
    where
        s1_0.id=? 
        and not(ec1_0.archived) 
    order by
        ec1_0.priority_order
Hibernate: 
    select
        u1_0.id,
        u1_0.bio,
        u1_0.created_at,
        u1_0.is_deleted,
        u1_0.email,
        u1_0.first_name,
        u1_0.last_name,
        u1_0.password,
        u1_0.phone_number,
        u1_0.photo_url,
        u1_0.role,
        u1_0.status,
        u1_0.updated_at,
        u1_0.user_code 
    from
        users u1_0 
    where
        u1_0.email=? 
        and not(u1_0.is_deleted)
Hibernate: 
    select
        ssh1_0.id,
        ssh1_0.archived,
        ssh1_0.context_label,
        ssh1_0.created_at,
        ssh1_0.created_by,
        ssh1_0.new_status,
        ssh1_0.old_status,
        ssh1_0.reason,
        ssh1_0.student_id,
        ssh1_0.updated_at,
        ssh1_0.updated_by 
    from
        student_status_history ssh1_0 
    join
        students s1_0 
            on s1_0.id=ssh1_0.student_id 
    where
        s1_0.id=? 
    order by
        ssh1_0.created_at desc
2026-04-14T16:01:02.267+01:00  INFO 10697 --- [backend] [nio-8080-exec-8] c.m.b.n.sse.SseEmitterRegistry           : SSE connexion ouverte pour userId=18
Hibernate: 
    select
        ay1_0.id,
        ay1_0.archived,
        ay1_0.code,
        ay1_0.created_at,
        ay1_0.created_by,
        ay1_0.current_year,
        ay1_0.description,
        ay1_0.end_date,
        ay1_0.name,
        ay1_0.start_date,
        ay1_0.status,
        ay1_0.updated_at,
        ay1_0.updated_by 
    from
        academic_years ay1_0 
    where
        ay1_0.id=?
Hibernate: 
    select
        p1_0.id,
        p1_0.archived,
        p1_0.code,
        p1_0.created_at,
        p1_0.created_by,
        p1_0.credits_required,
        p1_0.department_name,
        p1_0.description,
        p1_0.duration_in_months,
        p1_0.faculty_name,
        p1_0.level,
        p1_0.name,
        p1_0.status,
        p1_0.updated_at,
        p1_0.updated_by 
    from
        programs p1_0 
    where
        p1_0.id=?
Hibernate: 
    select
        cr1_0.id,
        cr1_0.academic_year_id,
        cr1_0.archived,
        cr1_0.capacity,
        cr1_0.code,
        cr1_0.cohort_id,
        cr1_0.created_at,
        cr1_0.created_by,
        cr1_0.delivery_mode,
        cr1_0.description,
        cr1_0.name,
        cr1_0.program_id,
        cr1_0.room_label,
        cr1_0.status,
        cr1_0.updated_at,
        cr1_0.updated_by 
    from
        classes cr1_0 
    where
        cr1_0.id=?
Hibernate: 
    select
        u1_0.id,
        u1_0.bio,
        u1_0.created_at,
        u1_0.is_deleted,
        u1_0.email,
        u1_0.first_name,
        u1_0.last_name,
        u1_0.password,
        u1_0.phone_number,
        u1_0.photo_url,
        u1_0.role,
        u1_0.status,
        u1_0.updated_at,
        u1_0.user_code 
    from
        users u1_0 
    where
        u1_0.email=? 
        and not(u1_0.is_deleted)
Hibernate: 
    select
        s1_0.id,
        s1_0.academic_year_id,
        s1_0.address_line,
        s1_0.admission_date,
        s1_0.admission_number,
        s1_0.archived,
        s1_0.city,
        s1_0.city_of_birth,
        s1_0.class_id,
        s1_0.cohort_id,
        s1_0.country,
        s1_0.country_of_birth,
        s1_0.created_at,
        s1_0.created_by,
        s1_0.date_of_birth,
        s1_0.email,
        s1_0.enrollment_type,
        s1_0.expected_graduation_date,
        s1_0.first_name,
        s1_0.gender,
        s1_0.international_student,
        s1_0.last_name,
        s1_0.medical_notes,
        s1_0.middle_name,
        s1_0.national_id_number,
        s1_0.nationality,
        s1_0.passport_number,
        s1_0.phone_number,
        s1_0.photo_url,
        s1_0.postal_code,
        s1_0.program_id,
        s1_0.registration_date,
        s1_0.registration_number,
        s1_0.scholarship_holder,
        s1_0.secondary_phone_number,
        s1_0.special_needs_notes,
        s1_0.status,
        s1_0.student_number,
        s1_0.updated_at,
        s1_0.updated_by,
        s1_0.user_id,
        s1_0.working_student 
    from
        students s1_0 
    where
        s1_0.id=?
Hibernate: 
    select
        i1_0.id,
        i1_0.academic_year_id,
        i1_0.amount_paid,
        i1_0.amount_remaining,
        i1_0.archived,
        i1_0.created_at,
        i1_0.created_by,
        i1_0.currency,
        i1_0.due_date,
        i1_0.invoice_number,
        i1_0.issue_date,
        i1_0.label,
        i1_0.notes,
        i1_0.status,
        i1_0.student_id,
        i1_0.total_amount,
        i1_0.updated_at,
        i1_0.updated_by 
    from
        invoices i1_0 
    join
        students s1_0 
            on s1_0.id=i1_0.student_id 
    where
        s1_0.id=? 
        and not(i1_0.archived) 
    order by
        i1_0.created_at desc 
    limit
        ?
Hibernate: 
    select
        u1_0.id,
        u1_0.bio,
        u1_0.created_at,
        u1_0.is_deleted,
        u1_0.email,
        u1_0.first_name,
        u1_0.last_name,
        u1_0.password,
        u1_0.phone_number,
        u1_0.photo_url,
        u1_0.role,
        u1_0.status,
        u1_0.updated_at,
        u1_0.user_code 
    from
        users u1_0 
    where
        u1_0.email=? 
        and not(u1_0.is_deleted)
Hibernate: 
    select
        md1_0.id,
        md1_0.academic_year_id,
        md1_0.access_level,
        md1_0.archived,
        md1_0.created_at,
        md1_0.created_by,
        md1_0.current_version_id,
        md1_0.description,
        md1_0.document_type,
        md1_0.expiry_date,
        md1_0.owner_id,
        md1_0.reference_id,
        md1_0.reference_type,
        md1_0.tags,
        md1_0.title,
        md1_0.updated_at,
        md1_0.updated_by 
    from
        managed_documents md1_0 
    where
        md1_0.owner_id=? 
        and not(md1_0.archived) 
    order by
        md1_0.created_at desc 
    limit
        ?
Hibernate: 
    select
        u1_0.id,
        u1_0.bio,
        u1_0.created_at,
        u1_0.is_deleted,
        u1_0.email,
        u1_0.first_name,
        u1_0.last_name,
        u1_0.password,
        u1_0.phone_number,
        u1_0.photo_url,
        u1_0.role,
        u1_0.status,
        u1_0.updated_at,
        u1_0.user_code 
    from
        users u1_0 
    where
        u1_0.email=? 
        and not(u1_0.is_deleted)
Hibernate: 
    select
        m1_0.id,
        m1_0.archived,
        m1_0.body,
        m1_0.created_at,
        m1_0.created_by,
        m1_0.is_read,
        m1_0.parent_message_id,
        m1_0.read_at,
        m1_0.recipient_id,
        m1_0.sender_id,
        m1_0.subject,
        m1_0.thread_id,
        m1_0.updated_at,
        m1_0.updated_by 
    from
        messages m1_0 
    where
        m1_0.recipient_id=? 
        and not(m1_0.archived) 
    order by
        m1_0.created_at desc 
    limit
        ?
Hibernate: 
    select
        u1_0.id,
        u1_0.bio,
        u1_0.created_at,
        u1_0.is_deleted,
        u1_0.email,
        u1_0.first_name,
        u1_0.last_name,
        u1_0.password,
        u1_0.phone_number,
        u1_0.photo_url,
        u1_0.role,
        u1_0.status,
        u1_0.updated_at,
        u1_0.user_code 
    from
        users u1_0 
    where
        u1_0.email=? 
        and not(u1_0.is_deleted)
Hibernate: 
    select
        m1_0.id,
        m1_0.academic_year_id,
        m1_0.archived,
        m1_0.created_at,
        m1_0.created_by,
        m1_0.end_date,
        m1_0.goals,
        m1_0.mentee_id,
        m1_0.mentor_id,
        m1_0.start_date,
        m1_0.status,
        m1_0.updated_at,
        m1_0.updated_by 
    from
        mentorships m1_0 
    where
        m1_0.mentee_id=? 
        and not(m1_0.archived) 
    order by
        m1_0.created_at desc 
    limit
        ?
Hibernate: 
    select
        u1_0.id,
        u1_0.bio,
        u1_0.created_at,
        u1_0.is_deleted,
        u1_0.email,
        u1_0.first_name,
        u1_0.last_name,
        u1_0.password,
        u1_0.phone_number,
        u1_0.photo_url,
        u1_0.role,
        u1_0.status,
        u1_0.updated_at,
        u1_0.user_code 
    from
        users u1_0 
    where
        u1_0.email=? 
        and not(u1_0.is_deleted)
Hibernate: 
    select
        u1_0.id,
        u1_0.bio,
        u1_0.created_at,
        u1_0.is_deleted,
        u1_0.email,
        u1_0.first_name,
        u1_0.last_name,
        u1_0.password,
        u1_0.phone_number,
        u1_0.photo_url,
        u1_0.role,
        u1_0.status,
        u1_0.updated_at,
        u1_0.user_code 
    from
        users u1_0 
    where
        u1_0.email=? 
        and not(u1_0.is_deleted)
Hibernate: 
    select
        u1_0.id,
        u1_0.bio,
        u1_0.created_at,
        u1_0.is_deleted,
        u1_0.email,
        u1_0.first_name,
        u1_0.last_name,
        u1_0.password,
        u1_0.phone_number,
        u1_0.photo_url,
        u1_0.role,
        u1_0.status,
        u1_0.updated_at,
        u1_0.user_code 
    from
        users u1_0 
    where
        u1_0.email=? 
        and not(u1_0.is_deleted)
Hibernate: 
    select
        pp1_0.id,
        pp1_0.archived,
        pp1_0.course_id,
        pp1_0.created_at,
        pp1_0.created_by,
        pp1_0.description,
        pp1_0.end_date,
        pp1_0.project_url,
        pp1_0.publicly_visible,
        pp1_0.repository_url,
        pp1_0.start_date,
        pp1_0.student_id,
        pp1_0.technologies,
        pp1_0.title,
        pp1_0.updated_at,
        pp1_0.updated_by 
    from
        portfolio_projects pp1_0 
    where
        pp1_0.student_id=? 
        and not(pp1_0.archived) 
    order by
        pp1_0.start_date desc
Hibernate: 
    select
        ja1_0.id,
        ja1_0.applied_at,
        ja1_0.archived,
        ja1_0.cover_letter,
        ja1_0.created_at,
        ja1_0.created_by,
        ja1_0.cv_file_path,
        ja1_0.job_offer_id,
        ja1_0.recruiter_notes,
        ja1_0.status,
        ja1_0.student_id,
        ja1_0.updated_at,
        ja1_0.updated_by 
    from
        job_applications ja1_0 
    where
        ja1_0.student_id=? 
        and not(ja1_0.archived) 
    order by
        ja1_0.created_at desc 
    limit
        ?
Hibernate: 
    select
        jo1_0.id,
        jo1_0.application_deadline,
        jo1_0.archived,
        jo1_0.company_name,
        jo1_0.contact_email,
        jo1_0.created_at,
        jo1_0.created_by,
        jo1_0.description,
        jo1_0.duration_months,
        jo1_0.location,
        jo1_0.offer_type,
        jo1_0.posted_by_id,
        jo1_0.program_ids,
        jo1_0.remote_possible,
        jo1_0.start_date,
        jo1_0.status,
        jo1_0.title,
        jo1_0.updated_at,
        jo1_0.updated_by 
    from
        job_offers jo1_0 
    where
        jo1_0.archived=0 
        and jo1_0.status='OPEN' 
        and (
            jo1_0.application_deadline is null 
            or jo1_0.application_deadline>=?
        ) 
        and (
            ? is null 
            or jo1_0.offer_type=?
        ) 
        and (
            ? is null 
            or lower(jo1_0.title) like replace(lower(concat('%', ?, '%')), '\\', '\\\\') 
            or lower(jo1_0.company_name) like replace(lower(concat('%', ?, '%')), '\\', '\\\\')
        ) 
    limit
        ?
Hibernate: 
    select
        u1_0.id,
        u1_0.bio,
        u1_0.created_at,
        u1_0.is_deleted,
        u1_0.email,
        u1_0.first_name,
        u1_0.last_name,
        u1_0.password,
        u1_0.phone_number,
        u1_0.photo_url,
        u1_0.role,
        u1_0.status,
        u1_0.updated_at,
        u1_0.user_code 
    from
        users u1_0 
    where
        u1_0.email=? 
        and not(u1_0.is_deleted)
Hibernate: 
    select
        u1_0.id,
        u1_0.bio,
        u1_0.created_at,
        u1_0.is_deleted,
        u1_0.email,
        u1_0.first_name,
        u1_0.last_name,
        u1_0.password,
        u1_0.phone_number,
        u1_0.photo_url,
        u1_0.role,
        u1_0.status,
        u1_0.updated_at,
        u1_0.user_code 
    from
        users u1_0 
    where
        u1_0.email=? 
        and not(u1_0.is_deleted)
Hibernate: 
    select
        c1_0.id,
        c1_0.archived,
        c1_0.code,
        c1_0.created_at,
        c1_0.created_by,
        c1_0.description,
        c1_0.domain,
        c1_0.expected_level,
        c1_0.program_id,
        c1_0.title,
        c1_0.updated_at,
        c1_0.updated_by 
    from
        competences c1_0 
    where
        not(c1_0.archived) 
    order by
        c1_0.domain,
        c1_0.title 
    limit
        ?
Hibernate: 
    select
        b1_0.id,
        b1_0.archived,
        b1_0.auto_award,
        b1_0.award_criteria,
        b1_0.category,
        b1_0.created_at,
        b1_0.created_by,
        b1_0.description,
        b1_0.icon_url,
        b1_0.points,
        b1_0.title,
        b1_0.updated_at,
        b1_0.updated_by 
    from
        badges b1_0 
    where
        not(b1_0.archived) 
    order by
        b1_0.category,
        b1_0.title 
    limit
        ?
Hibernate: 
    select
        u1_0.id,
        u1_0.bio,
        u1_0.created_at,
        u1_0.is_deleted,
        u1_0.email,
        u1_0.first_name,
        u1_0.last_name,
        u1_0.password,
        u1_0.phone_number,
        u1_0.photo_url,
        u1_0.role,
        u1_0.status,
        u1_0.updated_at,
        u1_0.user_code 
    from
        users u1_0 
    where
        u1_0.email=? 
        and not(u1_0.is_deleted)
Hibernate: 
    select
        u1_0.id,
        u1_0.bio,
        u1_0.created_at,
        u1_0.is_deleted,
        u1_0.email,
        u1_0.first_name,
        u1_0.last_name,
        u1_0.password,
        u1_0.phone_number,
        u1_0.photo_url,
        u1_0.role,
        u1_0.status,
        u1_0.updated_at,
        u1_0.user_code 
    from
        users u1_0 
    where
        u1_0.email=? 
        and not(u1_0.is_deleted)
Hibernate: 
    select
        ba1_0.id,
        ba1_0.archived,
        ba1_0.award_reason,
        ba1_0.awarded_at,
        ba1_0.awarded_by_id,
        ba1_0.badge_id,
        ba1_0.created_at,
        ba1_0.created_by,
        ba1_0.student_id,
        ba1_0.updated_at,
        ba1_0.updated_by 
    from
        badge_awards ba1_0 
    where
        ba1_0.student_id=? 
        and not(ba1_0.archived) 
    order by
        ba1_0.awarded_at desc
Hibernate: 
    select
        ca1_0.id,
        ca1_0.acquired_level,
        ca1_0.archived,
        ca1_0.competence_id,
        ca1_0.created_at,
        ca1_0.created_by,
        ca1_0.evidence_description,
        ca1_0.student_id,
        ca1_0.updated_at,
        ca1_0.updated_by,
        ca1_0.validated_at,
        ca1_0.validated_by_id 
    from
        competence_acquisitions ca1_0 
    join
        competences c1_0 
            on c1_0.id=ca1_0.competence_id 
    where
        ca1_0.student_id=? 
        and not(ca1_0.archived) 
    order by
        c1_0.title
Hibernate: 
    select
        u1_0.id,
        u1_0.bio,
        u1_0.created_at,
        u1_0.is_deleted,
        u1_0.email,
        u1_0.first_name,
        u1_0.last_name,
        u1_0.password,
        u1_0.phone_number,
        u1_0.photo_url,
        u1_0.role,
        u1_0.status,
        u1_0.updated_at,
        u1_0.user_code 
    from
        users u1_0 
    where
        u1_0.email=? 
        and not(u1_0.is_deleted)
Hibernate: 
    select
        u1_0.id,
        u1_0.bio,
        u1_0.created_at,
        u1_0.is_deleted,
        u1_0.email,
        u1_0.first_name,
        u1_0.last_name,
        u1_0.password,
        u1_0.phone_number,
        u1_0.photo_url,
        u1_0.role,
        u1_0.status,
        u1_0.updated_at,
        u1_0.user_code 
    from
        users u1_0 
    where
        u1_0.email=? 
        and not(u1_0.is_deleted)
Hibernate: 
    select
        c1_0.id,
        c1_0.academic_year_id,
        c1_0.archived,
        c1_0.class_id,
        c1_0.code,
        c1_0.course_sheet,
        c1_0.created_at,
        c1_0.created_by,
        c1_0.credits,
        c1_0.current_version_number,
        c1_0.description,
        c1_0.instructor_user_id,
        c1_0.objectives,
        c1_0.prerequisites,
        c1_0.program_id,
        c1_0.published,
        c1_0.semester,
        c1_0.status,
        c1_0.syllabus,
        c1_0.teaching_unit_id,
        c1_0.title,
        c1_0.total_hours,
        c1_0.updated_at,
        c1_0.updated_by,
        c1_0.visibility 
    from
        courses c1_0 
    where
        not(c1_0.archived) 
    order by
        c1_0.title
Hibernate: 
    select
        c1_0.id,
        c1_0.academic_year_id,
        c1_0.archived,
        c1_0.class_id,
        c1_0.code,
        c1_0.course_sheet,
        c1_0.created_at,
        c1_0.created_by,
        c1_0.credits,
        c1_0.current_version_number,
        c1_0.description,
        c1_0.instructor_user_id,
        c1_0.objectives,
        c1_0.prerequisites,
        c1_0.program_id,
        c1_0.published,
        c1_0.semester,
        c1_0.status,
        c1_0.syllabus,
        c1_0.teaching_unit_id,
        c1_0.title,
        c1_0.total_hours,
        c1_0.updated_at,
        c1_0.updated_by,
        c1_0.visibility 
    from
        courses c1_0 
    join
        students s1_0 
            on s1_0.class_id=c1_0.class_id 
    where
        s1_0.user_id=? 
        and s1_0.archived=0 
        and c1_0.archived=0 
        and c1_0.published=1 
    order by
        c1_0.title
Hibernate: 
    select
        u1_0.id,
        u1_0.bio,
        u1_0.created_at,
        u1_0.is_deleted,
        u1_0.email,
        u1_0.first_name,
        u1_0.last_name,
        u1_0.password,
        u1_0.phone_number,
        u1_0.photo_url,
        u1_0.role,
        u1_0.status,
        u1_0.updated_at,
        u1_0.user_code 
    from
        users u1_0 
    where
        u1_0.email=? 
        and not(u1_0.is_deleted)
Hibernate: 
    select
        s1_0.id,
        s1_0.academic_year_id,
        s1_0.address_line,
        s1_0.admission_date,
        s1_0.admission_number,
        s1_0.archived,
        s1_0.city,
        s1_0.city_of_birth,
        s1_0.class_id,
        s1_0.cohort_id,
        s1_0.country,
        s1_0.country_of_birth,
        s1_0.created_at,
        s1_0.created_by,
        s1_0.date_of_birth,
        s1_0.email,
        s1_0.enrollment_type,
        s1_0.expected_graduation_date,
        s1_0.first_name,
        s1_0.gender,
        s1_0.international_student,
        s1_0.last_name,
        s1_0.medical_notes,
        s1_0.middle_name,
        s1_0.national_id_number,
        s1_0.nationality,
        s1_0.passport_number,
        s1_0.phone_number,
        s1_0.photo_url,
        s1_0.postal_code,
        s1_0.program_id,
        s1_0.registration_date,
        s1_0.registration_number,
        s1_0.scholarship_holder,
        s1_0.secondary_phone_number,
        s1_0.special_needs_notes,
        s1_0.status,
        s1_0.student_number,
        s1_0.updated_at,
        s1_0.updated_by,
        s1_0.user_id,
        s1_0.working_student 
    from
        students s1_0 
    where
        not(s1_0.archived) 
    order by
        s1_0.last_name,
        s1_0.first_name
Hibernate: 
    select
        gc1_0.id,
        gc1_0.address_line,
        gc1_0.archived,
        gc1_0.city,
        gc1_0.country,
        gc1_0.created_at,
        gc1_0.created_by,
        gc1_0.email,
        gc1_0.full_name,
        gc1_0.phone_number,
        gc1_0.primary_contact,
        gc1_0.relationship_label,
        gc1_0.secondary_phone_number,
        gc1_0.student_id,
        gc1_0.updated_at,
        gc1_0.updated_by 
    from
        guardian_contacts gc1_0 
    join
        students s1_0 
            on s1_0.id=gc1_0.student_id 
    where
        s1_0.id=? 
        and not(gc1_0.archived) 
    order by
        gc1_0.primary_contact desc,
        gc1_0.created_at
Hibernate: 
    select
        ec1_0.id,
        ec1_0.address_line,
        ec1_0.archived,
        ec1_0.created_at,
        ec1_0.created_by,
        ec1_0.email,
        ec1_0.full_name,
        ec1_0.phone_number,
        ec1_0.priority_order,
        ec1_0.relationship_label,
        ec1_0.secondary_phone_number,
        ec1_0.student_id,
        ec1_0.updated_at,
        ec1_0.updated_by 
    from
        emergency_contacts ec1_0 
    join
        students s1_0 
            on s1_0.id=ec1_0.student_id 
    where
        s1_0.id=? 
        and not(ec1_0.archived) 
    order by
        ec1_0.priority_order
Hibernate: 
    select
        ssh1_0.id,
        ssh1_0.archived,
        ssh1_0.context_label,
        ssh1_0.created_at,
        ssh1_0.created_by,
        ssh1_0.new_status,
        ssh1_0.old_status,
        ssh1_0.reason,
        ssh1_0.student_id,
        ssh1_0.updated_at,
        ssh1_0.updated_by 
    from
        student_status_history ssh1_0 
    join
        students s1_0 
            on s1_0.id=ssh1_0.student_id 
    where
        s1_0.id=? 
    order by
        ssh1_0.created_at desc
Hibernate: 
    select
        u1_0.id,
        u1_0.bio,
        u1_0.created_at,
        u1_0.is_deleted,
        u1_0.email,
        u1_0.first_name,
        u1_0.last_name,
        u1_0.password,
        u1_0.phone_number,
        u1_0.photo_url,
        u1_0.role,
        u1_0.status,
        u1_0.updated_at,
        u1_0.user_code 
    from
        users u1_0 
    where
        u1_0.id=?
Hibernate: 
    select
        ay1_0.id,
        ay1_0.archived,
        ay1_0.code,
        ay1_0.created_at,
        ay1_0.created_by,
        ay1_0.current_year,
        ay1_0.description,
        ay1_0.end_date,
        ay1_0.name,
        ay1_0.start_date,
        ay1_0.status,
        ay1_0.updated_at,
        ay1_0.updated_by 
    from
        academic_years ay1_0 
    where
        ay1_0.id=?
Hibernate: 
    select
        p1_0.id,
        p1_0.archived,
        p1_0.code,
        p1_0.created_at,
        p1_0.created_by,
        p1_0.credits_required,
        p1_0.department_name,
        p1_0.description,
        p1_0.duration_in_months,
        p1_0.faculty_name,
        p1_0.level,
        p1_0.name,
        p1_0.status,
        p1_0.updated_at,
        p1_0.updated_by 
    from
        programs p1_0 
    where
        p1_0.id=?
Hibernate: 
    select
        cr1_0.id,
        cr1_0.academic_year_id,
        cr1_0.archived,
        cr1_0.capacity,
        cr1_0.code,
        cr1_0.cohort_id,
        cr1_0.created_at,
        cr1_0.created_by,
        cr1_0.delivery_mode,
        cr1_0.description,
        cr1_0.name,
        cr1_0.program_id,
        cr1_0.room_label,
        cr1_0.status,
        cr1_0.updated_at,
        cr1_0.updated_by 
    from
        classes cr1_0 
    where
        cr1_0.id=?
Hibernate: 
    select
        gc1_0.id,
        gc1_0.address_line,
        gc1_0.archived,
        gc1_0.city,
        gc1_0.country,
        gc1_0.created_at,
        gc1_0.created_by,
        gc1_0.email,
        gc1_0.full_name,
        gc1_0.phone_number,
        gc1_0.primary_contact,
        gc1_0.relationship_label,
        gc1_0.secondary_phone_number,
        gc1_0.student_id,
        gc1_0.updated_at,
        gc1_0.updated_by 
    from
        guardian_contacts gc1_0 
    join
        students s1_0 
            on s1_0.id=gc1_0.student_id 
    where
        s1_0.id=? 
        and not(gc1_0.archived) 
    order by
        gc1_0.primary_contact desc,
        gc1_0.created_at
Hibernate: 
    select
        ec1_0.id,
        ec1_0.address_line,
        ec1_0.archived,
        ec1_0.created_at,
        ec1_0.created_by,
        ec1_0.email,
        ec1_0.full_name,
        ec1_0.phone_number,
        ec1_0.priority_order,
        ec1_0.relationship_label,
        ec1_0.secondary_phone_number,
        ec1_0.student_id,
        ec1_0.updated_at,
        ec1_0.updated_by 
    from
        emergency_contacts ec1_0 
    join
        students s1_0 
            on s1_0.id=ec1_0.student_id 
    where
        s1_0.id=? 
        and not(ec1_0.archived) 
    order by
        ec1_0.priority_order
Hibernate: 
    select
        ssh1_0.id,
        ssh1_0.archived,
        ssh1_0.context_label,
        ssh1_0.created_at,
        ssh1_0.created_by,
        ssh1_0.new_status,
        ssh1_0.old_status,
        ssh1_0.reason,
        ssh1_0.student_id,
        ssh1_0.updated_at,
        ssh1_0.updated_by 
    from
        student_status_history ssh1_0 
    join
        students s1_0 
            on s1_0.id=ssh1_0.student_id 
    where
        s1_0.id=? 
    order by
        ssh1_0.created_at desc
Hibernate: 
    select
        u1_0.id,
        u1_0.bio,
        u1_0.created_at,
        u1_0.is_deleted,
        u1_0.email,
        u1_0.first_name,
        u1_0.last_name,
        u1_0.password,
        u1_0.phone_number,
        u1_0.photo_url,
        u1_0.role,
        u1_0.status,
        u1_0.updated_at,
        u1_0.user_code 
    from
        users u1_0 
    where
        u1_0.id=?
Hibernate: 
    select
        p1_0.id,
        p1_0.archived,
        p1_0.code,
        p1_0.created_at,
        p1_0.created_by,
        p1_0.credits_required,
        p1_0.department_name,
        p1_0.description,
        p1_0.duration_in_months,
        p1_0.faculty_name,
        p1_0.level,
        p1_0.name,
        p1_0.status,
        p1_0.updated_at,
        p1_0.updated_by 
    from
        programs p1_0 
    where
        p1_0.id=?
Hibernate: 
    select
        cr1_0.id,
        cr1_0.academic_year_id,
        cr1_0.archived,
        cr1_0.capacity,
        cr1_0.code,
        cr1_0.cohort_id,
        cr1_0.created_at,
        cr1_0.created_by,
        cr1_0.delivery_mode,
        cr1_0.description,
        cr1_0.name,
        cr1_0.program_id,
        cr1_0.room_label,
        cr1_0.status,
        cr1_0.updated_at,
        cr1_0.updated_by 
    from
        classes cr1_0 
    where
        cr1_0.id=?
Hibernate: 
    select
        u1_0.id,
        u1_0.bio,
        u1_0.created_at,
        u1_0.is_deleted,
        u1_0.email,
        u1_0.first_name,
        u1_0.last_name,
        u1_0.password,
        u1_0.phone_number,
        u1_0.photo_url,
        u1_0.role,
        u1_0.status,
        u1_0.updated_at,
        u1_0.user_code 
    from
        users u1_0 
    where
        u1_0.email=? 
        and not(u1_0.is_deleted)
Hibernate: 
    select
        u1_0.id,
        u1_0.bio,
        u1_0.created_at,
        u1_0.is_deleted,
        u1_0.email,
        u1_0.first_name,
        u1_0.last_name,
        u1_0.password,
        u1_0.phone_number,
        u1_0.photo_url,
        u1_0.role,
        u1_0.status,
        u1_0.updated_at,
        u1_0.user_code 
    from
        users u1_0 
    where
        u1_0.role=? 
        and not(u1_0.is_deleted)
Hibernate: 
    select
        u1_0.id,
        u1_0.bio,
        u1_0.created_at,
        u1_0.is_deleted,
        u1_0.email,
        u1_0.first_name,
        u1_0.last_name,
        u1_0.password,
        u1_0.phone_number,
        u1_0.photo_url,
        u1_0.role,
        u1_0.status,
        u1_0.updated_at,
        u1_0.user_code 
    from
        users u1_0 
    where
        u1_0.email=? 
        and not(u1_0.is_deleted)
Hibernate: 
    select
        u1_0.id,
        u1_0.bio,
        u1_0.created_at,
        u1_0.is_deleted,
        u1_0.email,
        u1_0.first_name,
        u1_0.last_name,
        u1_0.password,
        u1_0.phone_number,
        u1_0.photo_url,
        u1_0.role,
        u1_0.status,
        u1_0.updated_at,
        u1_0.user_code 
    from
        users u1_0 
    where
        u1_0.email=? 
        and not(u1_0.is_deleted)
2026-04-14T16:01:42.546+01:00  WARN 10697 --- [backend] [nio-8080-exec-7] .m.m.a.ExceptionHandlerExceptionResolver : Resolved [org.springframework.web.servlet.resource.NoResourceFoundException: No static resource v1/admissions.]
Hibernate: 
    select
        u1_0.id,
        u1_0.bio,
        u1_0.created_at,
        u1_0.is_deleted,
        u1_0.email,
        u1_0.first_name,
        u1_0.last_name,
        u1_0.password,
        u1_0.phone_number,
        u1_0.photo_url,
        u1_0.role,
        u1_0.status,
        u1_0.updated_at,
        u1_0.user_code 
    from
        users u1_0 
    where
        u1_0.email=? 
        and not(u1_0.is_deleted)
Hibernate: 
    select
        u1_0.id,
        u1_0.bio,
        u1_0.created_at,
        u1_0.is_deleted,
        u1_0.email,
        u1_0.first_name,
        u1_0.last_name,
        u1_0.password,
        u1_0.phone_number,
        u1_0.photo_url,
        u1_0.role,
        u1_0.status,
        u1_0.updated_at,
        u1_0.user_code 
    from
        users u1_0 
    where
        u1_0.email=? 
        and not(u1_0.is_deleted)
2026-04-14T16:01:42.676+01:00  WARN 10697 --- [backend] [nio-8080-exec-8] .m.m.a.ExceptionHandlerExceptionResolver : Resolved [org.springframework.web.servlet.resource.NoResourceFoundException: No static resource v1/admissions.]
Hibernate: 
    select
        u1_0.id,
        u1_0.bio,
        u1_0.created_at,
        u1_0.is_deleted,
        u1_0.email,
        u1_0.first_name,
        u1_0.last_name,
        u1_0.password,
        u1_0.phone_number,
        u1_0.photo_url,
        u1_0.role,
        u1_0.status,
        u1_0.updated_at,
        u1_0.user_code 
    from
        users u1_0 
    where
        u1_0.email=? 
        and not(u1_0.is_deleted)
Hibernate: 
    select
        u1_0.id,
        u1_0.bio,
        u1_0.created_at,
        u1_0.is_deleted,
        u1_0.email,
        u1_0.first_name,
        u1_0.last_name,
        u1_0.password,
        u1_0.phone_number,
        u1_0.photo_url,
        u1_0.role,
        u1_0.status,
        u1_0.updated_at,
        u1_0.user_code 
    from
        users u1_0 
    where
        u1_0.email=? 
        and not(u1_0.is_deleted)
2026-04-14T16:01:49.494+01:00  WARN 10697 --- [backend] [nio-8080-exec-3] .m.m.a.ExceptionHandlerExceptionResolver : Resolved [com.mydbs.backend.common.exception.InvalidCredentialsException: Email ou mot de passe invalide]
Hibernate: 
    select
        u1_0.id,
        u1_0.bio,
        u1_0.created_at,
        u1_0.is_deleted,
        u1_0.email,
        u1_0.first_name,
        u1_0.last_name,
        u1_0.password,
        u1_0.phone_number,
        u1_0.photo_url,
        u1_0.role,
        u1_0.status,
        u1_0.updated_at,
        u1_0.user_code 
    from
        users u1_0 
    where
        u1_0.email=? 
        and not(u1_0.is_deleted)
2026-04-14T16:02:02.287+01:00  WARN 10697 --- [backend] [io-8080-exec-10] .m.m.a.ExceptionHandlerExceptionResolver : Resolved [com.mydbs.backend.common.exception.InvalidCredentialsException: Email ou mot de passe invalide]
Hibernate: 
    select
        u1_0.id,
        u1_0.bio,
        u1_0.created_at,
        u1_0.is_deleted,
        u1_0.email,
        u1_0.first_name,
        u1_0.last_name,
        u1_0.password,
        u1_0.phone_number,
        u1_0.photo_url,
        u1_0.role,
        u1_0.status,
        u1_0.updated_at,
        u1_0.user_code 
    from
        users u1_0 
    where
        u1_0.email=? 
        and not(u1_0.is_deleted)
Hibernate: 
    select
        u1_0.id,
        u1_0.bio,
        u1_0.created_at,
        u1_0.is_deleted,
        u1_0.email,
        u1_0.first_name,
        u1_0.last_name,
        u1_0.password,
        u1_0.phone_number,
        u1_0.photo_url,
        u1_0.role,
        u1_0.status,
        u1_0.updated_at,
        u1_0.user_code 
    from
        users u1_0 
    where
        u1_0.email=? 
        and not(u1_0.is_deleted)
Hibernate: 
    select
        count(n1_0.id) 
    from
        notifications n1_0 
    where
        n1_0.user_id=? 
        and not(n1_0.is_read)
Hibernate: 
    select
        n1_0.id,
        n1_0.created_at,
        n1_0.is_read,
        n1_0.message,
        n1_0.title,
        n1_0.notification_type,
        n1_0.user_id 
    from
        notifications n1_0 
    where
        n1_0.user_id=? 
    order by
        n1_0.created_at desc 
    limit
        ?
Hibernate: 
    select
        u1_0.id,
        u1_0.bio,
        u1_0.created_at,
        u1_0.is_deleted,
        u1_0.email,
        u1_0.first_name,
        u1_0.last_name,
        u1_0.password,
        u1_0.phone_number,
        u1_0.photo_url,
        u1_0.role,
        u1_0.status,
        u1_0.updated_at,
        u1_0.user_code 
    from
        users u1_0 
    where
        u1_0.email=? 
        and not(u1_0.is_deleted)
Hibernate: 
    select
        u1_0.id,
        u1_0.bio,
        u1_0.created_at,
        u1_0.is_deleted,
        u1_0.email,
        u1_0.first_name,
        u1_0.last_name,
        u1_0.password,
        u1_0.phone_number,
        u1_0.photo_url,
        u1_0.role,
        u1_0.status,
        u1_0.updated_at,
        u1_0.user_code 
    from
        users u1_0 
    where
        u1_0.email=? 
        and not(u1_0.is_deleted)
Hibernate: 
    select
        u1_0.id,
        u1_0.bio,
        u1_0.created_at,
        u1_0.is_deleted,
        u1_0.email,
        u1_0.first_name,
        u1_0.last_name,
        u1_0.password,
        u1_0.phone_number,
        u1_0.photo_url,
        u1_0.role,
        u1_0.status,
        u1_0.updated_at,
        u1_0.user_code 
    from
        users u1_0 
    where
        u1_0.email=? 
        and not(u1_0.is_deleted)
Hibernate: 
    select
        u1_0.id,
        u1_0.bio,
        u1_0.created_at,
        u1_0.is_deleted,
        u1_0.email,
        u1_0.first_name,
        u1_0.last_name,
        u1_0.password,
        u1_0.phone_number,
        u1_0.photo_url,
        u1_0.role,
        u1_0.status,
        u1_0.updated_at,
        u1_0.user_code 
    from
        users u1_0 
    where
        u1_0.email=? 
        and not(u1_0.is_deleted)
Hibernate: 
    select
        u1_0.id,
        u1_0.bio,
        u1_0.created_at,
        u1_0.is_deleted,
        u1_0.email,
        u1_0.first_name,
        u1_0.last_name,
        u1_0.password,
        u1_0.phone_number,
        u1_0.photo_url,
        u1_0.role,
        u1_0.status,
        u1_0.updated_at,
        u1_0.user_code 
    from
        users u1_0 
    where
        u1_0.email=? 
        and not(u1_0.is_deleted)
Hibernate: 
    select
        u1_0.id,
        u1_0.bio,
        u1_0.created_at,
        u1_0.is_deleted,
        u1_0.email,
        u1_0.first_name,
        u1_0.last_name,
        u1_0.password,
        u1_0.phone_number,
        u1_0.photo_url,
        u1_0.role,
        u1_0.status,
        u1_0.updated_at,
        u1_0.user_code 
    from
        users u1_0 
    where
        u1_0.email=? 
        and not(u1_0.is_deleted)
Hibernate: 
    select
        t1_0.id,
        t1_0.academic_year_id,
        t1_0.address_line,
        t1_0.archived,
        t1_0.bio,
        t1_0.city,
        t1_0.class_id,
        t1_0.country,
        t1_0.created_at,
        t1_0.created_by,
        t1_0.date_of_birth,
        t1_0.email,
        t1_0.employee_number,
        t1_0.employment_type,
        t1_0.end_contract_date,
        t1_0.first_name,
        t1_0.gender,
        t1_0.highest_degree,
        t1_0.hire_date,
        t1_0.last_name,
        t1_0.middle_name,
        t1_0.national_id_number,
        t1_0.nationality,
        t1_0.office_hours,
        t1_0.office_location,
        t1_0.passport_number,
        t1_0.phone_number,
        t1_0.photo_url,
        t1_0.postal_code,
        t1_0.program_id,
        t1_0.remote_available,
        t1_0.secondary_phone_number,
        t1_0.special_notes,
        t1_0.status,
        t1_0.teacher_number,
        t1_0.teaching_hours_quota,
        t1_0.updated_at,
        t1_0.updated_by,
        t1_0.user_id,
        t1_0.years_of_experience 
    from
        teachers t1_0 
    where
        not(t1_0.archived) 
    order by
        t1_0.last_name,
        t1_0.first_name
Hibernate: 
    select
        count(m1_0.id) 
    from
        messages m1_0 
    where
        m1_0.recipient_id=? 
        and not(m1_0.is_read) 
        and not(m1_0.archived)
Hibernate: 
    select
        s1_0.id,
        s1_0.academic_year_id,
        s1_0.address_line,
        s1_0.admission_date,
        s1_0.admission_number,
        s1_0.archived,
        s1_0.city,
        s1_0.city_of_birth,
        s1_0.class_id,
        s1_0.cohort_id,
        s1_0.country,
        s1_0.country_of_birth,
        s1_0.created_at,
        s1_0.created_by,
        s1_0.date_of_birth,
        s1_0.email,
        s1_0.enrollment_type,
        s1_0.expected_graduation_date,
        s1_0.first_name,
        s1_0.gender,
        s1_0.international_student,
        s1_0.last_name,
        s1_0.medical_notes,
        s1_0.middle_name,
        s1_0.national_id_number,
        s1_0.nationality,
        s1_0.passport_number,
        s1_0.phone_number,
        s1_0.photo_url,
        s1_0.postal_code,
        s1_0.program_id,
        s1_0.registration_date,
        s1_0.registration_number,
        s1_0.scholarship_holder,
        s1_0.secondary_phone_number,
        s1_0.special_needs_notes,
        s1_0.status,
        s1_0.student_number,
        s1_0.updated_at,
        s1_0.updated_by,
        s1_0.user_id,
        s1_0.working_student 
    from
        students s1_0 
    where
        not(s1_0.archived) 
    order by
        s1_0.last_name,
        s1_0.first_name
Hibernate: 
    select
        u1_0.id,
        u1_0.bio,
        u1_0.created_at,
        u1_0.is_deleted,
        u1_0.email,
        u1_0.first_name,
        u1_0.last_name,
        u1_0.password,
        u1_0.phone_number,
        u1_0.photo_url,
        u1_0.role,
        u1_0.status,
        u1_0.updated_at,
        u1_0.user_code 
    from
        users u1_0 
    where
        not(u1_0.is_deleted)
Hibernate: 
    select
        gc1_0.id,
        gc1_0.address_line,
        gc1_0.archived,
        gc1_0.city,
        gc1_0.country,
        gc1_0.created_at,
        gc1_0.created_by,
        gc1_0.email,
        gc1_0.full_name,
        gc1_0.phone_number,
        gc1_0.primary_contact,
        gc1_0.relationship_label,
        gc1_0.secondary_phone_number,
        gc1_0.student_id,
        gc1_0.updated_at,
        gc1_0.updated_by 
    from
        guardian_contacts gc1_0 
    join
        students s1_0 
            on s1_0.id=gc1_0.student_id 
    where
        s1_0.id=? 
        and not(gc1_0.archived) 
    order by
        gc1_0.primary_contact desc,
        gc1_0.created_at
Hibernate: 
    select
        aa1_0.id,
        aa1_0.academic_year_id,
        aa1_0.address_line,
        aa1_0.application_number,
        aa1_0.archived,
        aa1_0.city,
        aa1_0.city_of_birth,
        aa1_0.cohort_id,
        aa1_0.country,
        aa1_0.country_of_birth,
        aa1_0.created_at,
        aa1_0.created_by,
        aa1_0.date_of_birth,
        aa1_0.decided_at,
        aa1_0.department,
        aa1_0.email,
        aa1_0.entry_level,
        aa1_0.father_address,
        aa1_0.father_city,
        aa1_0.father_company,
        aa1_0.father_name,
        aa1_0.father_phone,
        aa1_0.father_profession,
        aa1_0.first_name,
        aa1_0.gender,
        aa1_0.last_name,
        aa1_0.middle_name,
        aa1_0.mother_address,
        aa1_0.mother_city,
        aa1_0.mother_company,
        aa1_0.mother_name,
        aa1_0.mother_phone,
        aa1_0.mother_profession,
        aa1_0.motivation_letter,
        aa1_0.national_id_number,
        aa1_0.nationality,
        aa1_0.passport_number,
        aa1_0.phone_number,
        aa1_0.postal_code,
        aa1_0.previous_diploma_title,
        aa1_0.previous_diploma_year,
        aa1_0.previous_school,
        aa1_0.previous_school_city,
        aa1_0.priority,
        aa1_0.program_id,
        aa1_0.rejection_reason,
        aa1_0.review_notes,
        aa1_0.secondary_phone_number,
        aa1_0.status,
        aa1_0.student_id,
        aa1_0.submitted_at,
        aa1_0.updated_at,
        aa1_0.updated_by 
    from
        admission_applications aa1_0 
    where
        not(aa1_0.archived) 
    order by
        aa1_0.created_at desc,
        aa1_0.created_at 
    limit
        ?
Hibernate: 
    select
        ec1_0.id,
        ec1_0.address_line,
        ec1_0.archived,
        ec1_0.created_at,
        ec1_0.created_by,
        ec1_0.email,
        ec1_0.full_name,
        ec1_0.phone_number,
        ec1_0.priority_order,
        ec1_0.relationship_label,
        ec1_0.secondary_phone_number,
        ec1_0.student_id,
        ec1_0.updated_at,
        ec1_0.updated_by 
    from
        emergency_contacts ec1_0 
    join
        students s1_0 
            on s1_0.id=ec1_0.student_id 
    where
        s1_0.id=? 
        and not(ec1_0.archived) 
    order by
        ec1_0.priority_order
Hibernate: 
    select
        tq1_0.id,
        tq1_0.archived,
        tq1_0.country,
        tq1_0.created_at,
        tq1_0.created_by,
        tq1_0.description,
        tq1_0.institution_name,
        tq1_0.teacher_id,
        tq1_0.title,
        tq1_0.updated_at,
        tq1_0.updated_by,
        tq1_0.year_awarded 
    from
        teacher_qualifications tq1_0 
    join
        teachers t1_0 
            on t1_0.id=tq1_0.teacher_id 
    where
        t1_0.id=? 
        and not(tq1_0.archived) 
    order by
        tq1_0.year_awarded desc,
        tq1_0.created_at
Hibernate: 
    select
        ssh1_0.id,
        ssh1_0.archived,
        ssh1_0.context_label,
        ssh1_0.created_at,
        ssh1_0.created_by,
        ssh1_0.new_status,
        ssh1_0.old_status,
        ssh1_0.reason,
        ssh1_0.student_id,
        ssh1_0.updated_at,
        ssh1_0.updated_by 
    from
        student_status_history ssh1_0 
    join
        students s1_0 
            on s1_0.id=ssh1_0.student_id 
    where
        s1_0.id=? 
    order by
        ssh1_0.created_at desc
Hibernate: 
    select
        u1_0.id,
        u1_0.bio,
        u1_0.created_at,
        u1_0.is_deleted,
        u1_0.email,
        u1_0.first_name,
        u1_0.last_name,
        u1_0.password,
        u1_0.phone_number,
        u1_0.photo_url,
        u1_0.role,
        u1_0.status,
        u1_0.updated_at,
        u1_0.user_code 
    from
        users u1_0 
    where
        u1_0.id=?
2026-04-14T16:02:34.507+01:00  INFO 10697 --- [backend] [nio-8080-exec-3] c.m.b.n.sse.SseEmitterRegistry           : SSE connexion ouverte pour userId=1
Hibernate: 
    select
        ay1_0.id,
        ay1_0.archived,
        ay1_0.code,
        ay1_0.created_at,
        ay1_0.created_by,
        ay1_0.current_year,
        ay1_0.description,
        ay1_0.end_date,
        ay1_0.name,
        ay1_0.start_date,
        ay1_0.status,
        ay1_0.updated_at,
        ay1_0.updated_by 
    from
        academic_years ay1_0 
    where
        ay1_0.id=?
Hibernate: 
    select
        ts1_0.id,
        ts1_0.archived,
        ts1_0.created_at,
        ts1_0.created_by,
        ts1_0.description,
        ts1_0.label,
        ts1_0.primary_specialization,
        ts1_0.teacher_id,
        ts1_0.updated_at,
        ts1_0.updated_by 
    from
        teacher_specializations ts1_0 
    join
        teachers t1_0 
            on t1_0.id=ts1_0.teacher_id 
    where
        t1_0.id=? 
        and not(ts1_0.archived) 
    order by
        ts1_0.primary_specialization desc,
        ts1_0.created_at
Hibernate: 
    select
        p1_0.id,
        p1_0.archived,
        p1_0.code,
        p1_0.created_at,
        p1_0.created_by,
        p1_0.credits_required,
        p1_0.department_name,
        p1_0.description,
        p1_0.duration_in_months,
        p1_0.faculty_name,
        p1_0.level,
        p1_0.name,
        p1_0.status,
        p1_0.updated_at,
        p1_0.updated_by 
    from
        programs p1_0 
    where
        p1_0.id=?
Hibernate: 
    select
        cr1_0.id,
        cr1_0.academic_year_id,
        cr1_0.archived,
        cr1_0.capacity,
        cr1_0.code,
        cr1_0.cohort_id,
        cr1_0.created_at,
        cr1_0.created_by,
        cr1_0.delivery_mode,
        cr1_0.description,
        cr1_0.name,
        cr1_0.program_id,
        cr1_0.room_label,
        cr1_0.status,
        cr1_0.updated_at,
        cr1_0.updated_by 
    from
        classes cr1_0 
    where
        cr1_0.id=?
Hibernate: 
    select
        gc1_0.id,
        gc1_0.address_line,
        gc1_0.archived,
        gc1_0.city,
        gc1_0.country,
        gc1_0.created_at,
        gc1_0.created_by,
        gc1_0.email,
        gc1_0.full_name,
        gc1_0.phone_number,
        gc1_0.primary_contact,
        gc1_0.relationship_label,
        gc1_0.secondary_phone_number,
        gc1_0.student_id,
        gc1_0.updated_at,
        gc1_0.updated_by 
    from
        guardian_contacts gc1_0 
    join
        students s1_0 
            on s1_0.id=gc1_0.student_id 
    where
        s1_0.id=? 
        and not(gc1_0.archived) 
    order by
        gc1_0.primary_contact desc,
        gc1_0.created_at
Hibernate: 
    select
        ec1_0.id,
        ec1_0.address_line,
        ec1_0.archived,
        ec1_0.created_at,
        ec1_0.created_by,
        ec1_0.email,
        ec1_0.full_name,
        ec1_0.phone_number,
        ec1_0.priority_order,
        ec1_0.relationship_label,
        ec1_0.secondary_phone_number,
        ec1_0.student_id,
        ec1_0.updated_at,
        ec1_0.updated_by 
    from
        emergency_contacts ec1_0 
    join
        students s1_0 
            on s1_0.id=ec1_0.student_id 
    where
        s1_0.id=? 
        and not(ec1_0.archived) 
    order by
        ec1_0.priority_order
Hibernate: 
    select
        p1_0.id,
        p1_0.archived,
        p1_0.code,
        p1_0.created_at,
        p1_0.created_by,
        p1_0.credits_required,
        p1_0.department_name,
        p1_0.description,
        p1_0.duration_in_months,
        p1_0.faculty_name,
        p1_0.level,
        p1_0.name,
        p1_0.status,
        p1_0.updated_at,
        p1_0.updated_by 
    from
        programs p1_0 
    where
        p1_0.id=?
Hibernate: 
    select
        tsh1_0.id,
        tsh1_0.archived,
        tsh1_0.context_label,
        tsh1_0.created_at,
        tsh1_0.created_by,
        tsh1_0.new_status,
        tsh1_0.old_status,
        tsh1_0.reason,
        tsh1_0.teacher_id,
        tsh1_0.updated_at,
        tsh1_0.updated_by 
    from
        teacher_status_history tsh1_0 
    join
        teachers t1_0 
            on t1_0.id=tsh1_0.teacher_id 
    where
        t1_0.id=? 
    order by
        tsh1_0.created_at desc
Hibernate: 
    select
        ay1_0.id,
        ay1_0.archived,
        ay1_0.code,
        ay1_0.created_at,
        ay1_0.created_by,
        ay1_0.current_year,
        ay1_0.description,
        ay1_0.end_date,
        ay1_0.name,
        ay1_0.start_date,
        ay1_0.status,
        ay1_0.updated_at,
        ay1_0.updated_by 
    from
        academic_years ay1_0 
    where
        ay1_0.id=?
Hibernate: 
    select
        ssh1_0.id,
        ssh1_0.archived,
        ssh1_0.context_label,
        ssh1_0.created_at,
        ssh1_0.created_by,
        ssh1_0.new_status,
        ssh1_0.old_status,
        ssh1_0.reason,
        ssh1_0.student_id,
        ssh1_0.updated_at,
        ssh1_0.updated_by 
    from
        student_status_history ssh1_0 
    join
        students s1_0 
            on s1_0.id=ssh1_0.student_id 
    where
        s1_0.id=? 
    order by
        ssh1_0.created_at desc
Hibernate: 
    select
        p1_0.id,
        p1_0.archived,
        p1_0.code,
        p1_0.created_at,
        p1_0.created_by,
        p1_0.credits_required,
        p1_0.department_name,
        p1_0.description,
        p1_0.duration_in_months,
        p1_0.faculty_name,
        p1_0.level,
        p1_0.name,
        p1_0.status,
        p1_0.updated_at,
        p1_0.updated_by 
    from
        programs p1_0 
    where
        p1_0.id=?
Hibernate: 
    select
        u1_0.id,
        u1_0.bio,
        u1_0.created_at,
        u1_0.is_deleted,
        u1_0.email,
        u1_0.first_name,
        u1_0.last_name,
        u1_0.password,
        u1_0.phone_number,
        u1_0.photo_url,
        u1_0.role,
        u1_0.status,
        u1_0.updated_at,
        u1_0.user_code 
    from
        users u1_0 
    where
        u1_0.id=?
Hibernate: 
    select
        u1_0.id,
        u1_0.bio,
        u1_0.created_at,
        u1_0.is_deleted,
        u1_0.email,
        u1_0.first_name,
        u1_0.last_name,
        u1_0.password,
        u1_0.phone_number,
        u1_0.photo_url,
        u1_0.role,
        u1_0.status,
        u1_0.updated_at,
        u1_0.user_code 
    from
        users u1_0 
    where
        u1_0.id=?
Hibernate: 
    select
        ay1_0.id,
        ay1_0.archived,
        ay1_0.code,
        ay1_0.created_at,
        ay1_0.created_by,
        ay1_0.current_year,
        ay1_0.description,
        ay1_0.end_date,
        ay1_0.name,
        ay1_0.start_date,
        ay1_0.status,
        ay1_0.updated_at,
        ay1_0.updated_by 
    from
        academic_years ay1_0 
    where
        ay1_0.id=?
Hibernate: 
    select
        p1_0.id,
        p1_0.archived,
        p1_0.code,
        p1_0.created_at,
        p1_0.created_by,
        p1_0.credits_required,
        p1_0.department_name,
        p1_0.description,
        p1_0.duration_in_months,
        p1_0.faculty_name,
        p1_0.level,
        p1_0.name,
        p1_0.status,
        p1_0.updated_at,
        p1_0.updated_by 
    from
        programs p1_0 
    where
        p1_0.id=?
Hibernate: 
    select
        cr1_0.id,
        cr1_0.academic_year_id,
        cr1_0.archived,
        cr1_0.capacity,
        cr1_0.code,
        cr1_0.cohort_id,
        cr1_0.created_at,
        cr1_0.created_by,
        cr1_0.delivery_mode,
        cr1_0.description,
        cr1_0.name,
        cr1_0.program_id,
        cr1_0.room_label,
        cr1_0.status,
        cr1_0.updated_at,
        cr1_0.updated_by 
    from
        classes cr1_0 
    where
        cr1_0.id=?
Hibernate: 
    select
        p1_0.id,
        p1_0.archived,
        p1_0.code,
        p1_0.created_at,
        p1_0.created_by,
        p1_0.credits_required,
        p1_0.department_name,
        p1_0.description,
        p1_0.duration_in_months,
        p1_0.faculty_name,
        p1_0.level,
        p1_0.name,
        p1_0.status,
        p1_0.updated_at,
        p1_0.updated_by 
    from
        programs p1_0 
    where
        p1_0.id=?
Hibernate: 
    select
        u1_0.id,
        u1_0.bio,
        u1_0.created_at,
        u1_0.is_deleted,
        u1_0.email,
        u1_0.first_name,
        u1_0.last_name,
        u1_0.password,
        u1_0.phone_number,
        u1_0.photo_url,
        u1_0.role,
        u1_0.status,
        u1_0.updated_at,
        u1_0.user_code 
    from
        users u1_0 
    where
        u1_0.email=? 
        and not(u1_0.is_deleted)
Hibernate: 
    select
        u1_0.id,
        u1_0.bio,
        u1_0.created_at,
        u1_0.is_deleted,
        u1_0.email,
        u1_0.first_name,
        u1_0.last_name,
        u1_0.password,
        u1_0.phone_number,
        u1_0.photo_url,
        u1_0.role,
        u1_0.status,
        u1_0.updated_at,
        u1_0.user_code 
    from
        users u1_0 
    where
        u1_0.email=? 
        and not(u1_0.is_deleted)
Hibernate: 
    select
        u1_0.id,
        u1_0.bio,
        u1_0.created_at,
        u1_0.is_deleted,
        u1_0.email,
        u1_0.first_name,
        u1_0.last_name,
        u1_0.password,
        u1_0.phone_number,
        u1_0.photo_url,
        u1_0.role,
        u1_0.status,
        u1_0.updated_at,
        u1_0.user_code 
    from
        users u1_0 
    where
        u1_0.email=? 
        and not(u1_0.is_deleted)
Hibernate: 
    select
        u1_0.id,
        u1_0.bio,
        u1_0.created_at,
        u1_0.is_deleted,
        u1_0.email,
        u1_0.first_name,
        u1_0.last_name,
        u1_0.password,
        u1_0.phone_number,
        u1_0.photo_url,
        u1_0.role,
        u1_0.status,
        u1_0.updated_at,
        u1_0.user_code 
    from
        users u1_0 
    where
        u1_0.email=? 
        and not(u1_0.is_deleted)
Hibernate: 
    select
        u1_0.id,
        u1_0.bio,
        u1_0.created_at,
        u1_0.is_deleted,
        u1_0.email,
        u1_0.first_name,
        u1_0.last_name,
        u1_0.password,
        u1_0.phone_number,
        u1_0.photo_url,
        u1_0.role,
        u1_0.status,
        u1_0.updated_at,
        u1_0.user_code 
    from
        users u1_0 
    where
        u1_0.email=? 
        and not(u1_0.is_deleted)
Hibernate: 
    select
        u1_0.id,
        u1_0.bio,
        u1_0.created_at,
        u1_0.is_deleted,
        u1_0.email,
        u1_0.first_name,
        u1_0.last_name,
        u1_0.password,
        u1_0.phone_number,
        u1_0.photo_url,
        u1_0.role,
        u1_0.status,
        u1_0.updated_at,
        u1_0.user_code 
    from
        users u1_0 
    where
        u1_0.email=? 
        and not(u1_0.is_deleted)
Hibernate: 
    select
        u1_0.id,
        u1_0.bio,
        u1_0.created_at,
        u1_0.is_deleted,
        u1_0.email,
        u1_0.first_name,
        u1_0.last_name,
        u1_0.password,
        u1_0.phone_number,
        u1_0.photo_url,
        u1_0.role,
        u1_0.status,
        u1_0.updated_at,
        u1_0.user_code 
    from
        users u1_0 
    where
        u1_0.email=? 
        and not(u1_0.is_deleted)
Hibernate: 
    select
        u1_0.id,
        u1_0.bio,
        u1_0.created_at,
        u1_0.is_deleted,
        u1_0.email,
        u1_0.first_name,
        u1_0.last_name,
        u1_0.password,
        u1_0.phone_number,
        u1_0.photo_url,
        u1_0.role,
        u1_0.status,
        u1_0.updated_at,
        u1_0.user_code 
    from
        users u1_0 
    where
        u1_0.email=? 
        and not(u1_0.is_deleted)
2026-04-14T16:03:54.082+01:00  INFO 10697 --- [backend] [nio-8080-exec-7] c.m.b.n.sse.SseEmitterRegistry           : SSE connexion ouverte pour userId=1
Hibernate: 
    select
        count(m1_0.id) 
    from
        messages m1_0 
    where
        m1_0.recipient_id=? 
        and not(m1_0.is_read) 
        and not(m1_0.archived)
Hibernate: 
    select
        count(n1_0.id) 
    from
        notifications n1_0 
    where
        n1_0.user_id=? 
        and not(n1_0.is_read)
Hibernate: 
    select
        n1_0.id,
        n1_0.created_at,
        n1_0.is_read,
        n1_0.message,
        n1_0.title,
        n1_0.notification_type,
        n1_0.user_id 
    from
        notifications n1_0 
    where
        n1_0.user_id=? 
    order by
        n1_0.created_at desc 
    limit
        ?
Hibernate: 
    select
        t1_0.id,
        t1_0.academic_year_id,
        t1_0.address_line,
        t1_0.archived,
        t1_0.bio,
        t1_0.city,
        t1_0.class_id,
        t1_0.country,
        t1_0.created_at,
        t1_0.created_by,
        t1_0.date_of_birth,
        t1_0.email,
        t1_0.employee_number,
        t1_0.employment_type,
        t1_0.end_contract_date,
        t1_0.first_name,
        t1_0.gender,
        t1_0.highest_degree,
        t1_0.hire_date,
        t1_0.last_name,
        t1_0.middle_name,
        t1_0.national_id_number,
        t1_0.nationality,
        t1_0.office_hours,
        t1_0.office_location,
        t1_0.passport_number,
        t1_0.phone_number,
        t1_0.photo_url,
        t1_0.postal_code,
        t1_0.program_id,
        t1_0.remote_available,
        t1_0.secondary_phone_number,
        t1_0.special_notes,
        t1_0.status,
        t1_0.teacher_number,
        t1_0.teaching_hours_quota,
        t1_0.updated_at,
        t1_0.updated_by,
        t1_0.user_id,
        t1_0.years_of_experience 
    from
        teachers t1_0 
    where
        not(t1_0.archived) 
    order by
        t1_0.last_name,
        t1_0.first_name
Hibernate: 
    select
        tq1_0.id,
        tq1_0.archived,
        tq1_0.country,
        tq1_0.created_at,
        tq1_0.created_by,
        tq1_0.description,
        tq1_0.institution_name,
        tq1_0.teacher_id,
        tq1_0.title,
        tq1_0.updated_at,
        tq1_0.updated_by,
        tq1_0.year_awarded 
    from
        teacher_qualifications tq1_0 
    join
        teachers t1_0 
            on t1_0.id=tq1_0.teacher_id 
    where
        t1_0.id=? 
        and not(tq1_0.archived) 
    order by
        tq1_0.year_awarded desc,
        tq1_0.created_at
Hibernate: 
    select
        ts1_0.id,
        ts1_0.archived,
        ts1_0.created_at,
        ts1_0.created_by,
        ts1_0.description,
        ts1_0.label,
        ts1_0.primary_specialization,
        ts1_0.teacher_id,
        ts1_0.updated_at,
        ts1_0.updated_by 
    from
        teacher_specializations ts1_0 
    join
        teachers t1_0 
            on t1_0.id=ts1_0.teacher_id 
    where
        t1_0.id=? 
        and not(ts1_0.archived) 
    order by
        ts1_0.primary_specialization desc,
        ts1_0.created_at
Hibernate: 
    select
        tsh1_0.id,
        tsh1_0.archived,
        tsh1_0.context_label,
        tsh1_0.created_at,
        tsh1_0.created_by,
        tsh1_0.new_status,
        tsh1_0.old_status,
        tsh1_0.reason,
        tsh1_0.teacher_id,
        tsh1_0.updated_at,
        tsh1_0.updated_by 
    from
        teacher_status_history tsh1_0 
    join
        teachers t1_0 
            on t1_0.id=tsh1_0.teacher_id 
    where
        t1_0.id=? 
    order by
        tsh1_0.created_at desc
Hibernate: 
    select
        u1_0.id,
        u1_0.bio,
        u1_0.created_at,
        u1_0.is_deleted,
        u1_0.email,
        u1_0.first_name,
        u1_0.last_name,
        u1_0.password,
        u1_0.phone_number,
        u1_0.photo_url,
        u1_0.role,
        u1_0.status,
        u1_0.updated_at,
        u1_0.user_code 
    from
        users u1_0 
    where
        u1_0.id=?
Hibernate: 
    select
        ay1_0.id,
        ay1_0.archived,
        ay1_0.code,
        ay1_0.created_at,
        ay1_0.created_by,
        ay1_0.current_year,
        ay1_0.description,
        ay1_0.end_date,
        ay1_0.name,
        ay1_0.start_date,
        ay1_0.status,
        ay1_0.updated_at,
        ay1_0.updated_by 
    from
        academic_years ay1_0 
    where
        ay1_0.id=?
Hibernate: 
    select
        p1_0.id,
        p1_0.archived,
        p1_0.code,
        p1_0.created_at,
        p1_0.created_by,
        p1_0.credits_required,
        p1_0.department_name,
        p1_0.description,
        p1_0.duration_in_months,
        p1_0.faculty_name,
        p1_0.level,
        p1_0.name,
        p1_0.status,
        p1_0.updated_at,
        p1_0.updated_by 
    from
        programs p1_0 
    where
        p1_0.id=?
Hibernate: 
    select
        u1_0.id,
        u1_0.bio,
        u1_0.created_at,
        u1_0.is_deleted,
        u1_0.email,
        u1_0.first_name,
        u1_0.last_name,
        u1_0.password,
        u1_0.phone_number,
        u1_0.photo_url,
        u1_0.role,
        u1_0.status,
        u1_0.updated_at,
        u1_0.user_code 
    from
        users u1_0 
    where
        u1_0.email=? 
        and not(u1_0.is_deleted)
Hibernate: 
    select
        u1_0.id,
        u1_0.bio,
        u1_0.created_at,
        u1_0.is_deleted,
        u1_0.email,
        u1_0.first_name,
        u1_0.last_name,
        u1_0.password,
        u1_0.phone_number,
        u1_0.photo_url,
        u1_0.role,
        u1_0.status,
        u1_0.updated_at,
        u1_0.user_code 
    from
        users u1_0 
    where
        u1_0.email=? 
        and not(u1_0.is_deleted)
Hibernate: 
    select
        u1_0.id,
        u1_0.bio,
        u1_0.created_at,
        u1_0.is_deleted,
        u1_0.email,
        u1_0.first_name,
        u1_0.last_name,
        u1_0.password,
        u1_0.phone_number,
        u1_0.photo_url,
        u1_0.role,
        u1_0.status,
        u1_0.updated_at,
        u1_0.user_code 
    from
        users u1_0 
    where
        u1_0.id=?
Hibernate: 
    select
        u1_0.id,
        u1_0.bio,
        u1_0.created_at,
        u1_0.is_deleted,
        u1_0.email,
        u1_0.first_name,
        u1_0.last_name,
        u1_0.password,
        u1_0.phone_number,
        u1_0.photo_url,
        u1_0.role,
        u1_0.status,
        u1_0.updated_at,
        u1_0.user_code 
    from
        users u1_0 
    where
        u1_0.id=?
Hibernate: 
    update
        users 
    set
        bio=?,
        is_deleted=?,
        email=?,
        first_name=?,
        last_name=?,
        password=?,
        phone_number=?,
        photo_url=?,
        role=?,
        status=?,
        updated_at=?,
        user_code=? 
    where
        id=?
Hibernate: 
    select
        u1_0.id,
        u1_0.bio,
        u1_0.created_at,
        u1_0.is_deleted,
        u1_0.email,
        u1_0.first_name,
        u1_0.last_name,
        u1_0.password,
        u1_0.phone_number,
        u1_0.photo_url,
        u1_0.role,
        u1_0.status,
        u1_0.updated_at,
        u1_0.user_code 
    from
        users u1_0 
    where
        u1_0.email=? 
        and not(u1_0.is_deleted)
Hibernate: 
    select
        t1_0.id,
        t1_0.academic_year_id,
        t1_0.address_line,
        t1_0.archived,
        t1_0.bio,
        t1_0.city,
        t1_0.class_id,
        t1_0.country,
        t1_0.created_at,
        t1_0.created_by,
        t1_0.date_of_birth,
        t1_0.email,
        t1_0.employee_number,
        t1_0.employment_type,
        t1_0.end_contract_date,
        t1_0.first_name,
        t1_0.gender,
        t1_0.highest_degree,
        t1_0.hire_date,
        t1_0.last_name,
        t1_0.middle_name,
        t1_0.national_id_number,
        t1_0.nationality,
        t1_0.office_hours,
        t1_0.office_location,
        t1_0.passport_number,
        t1_0.phone_number,
        t1_0.photo_url,
        t1_0.postal_code,
        t1_0.program_id,
        t1_0.remote_available,
        t1_0.secondary_phone_number,
        t1_0.special_notes,
        t1_0.status,
        t1_0.teacher_number,
        t1_0.teaching_hours_quota,
        t1_0.updated_at,
        t1_0.updated_by,
        t1_0.user_id,
        t1_0.years_of_experience 
    from
        teachers t1_0 
    where
        t1_0.id=?
Hibernate: 
    insert 
    into
        teacher_status_history
        (archived, context_label, created_at, created_by, new_status, old_status, reason, teacher_id, updated_at, updated_by) 
    values
        (?, ?, ?, ?, ?, ?, ?, ?, ?, ?)
Hibernate: 
    update
        teachers 
    set
        academic_year_id=?,
        address_line=?,
        archived=?,
        bio=?,
        city=?,
        class_id=?,
        country=?,
        date_of_birth=?,
        email=?,
        employee_number=?,
        employment_type=?,
        end_contract_date=?,
        first_name=?,
        gender=?,
        highest_degree=?,
        hire_date=?,
        last_name=?,
        middle_name=?,
        national_id_number=?,
        nationality=?,
        office_hours=?,
        office_location=?,
        passport_number=?,
        phone_number=?,
        photo_url=?,
        postal_code=?,
        program_id=?,
        remote_available=?,
        secondary_phone_number=?,
        special_notes=?,
        status=?,
        teacher_number=?,
        teaching_hours_quota=?,
        updated_at=?,
        updated_by=?,
        user_id=?,
        years_of_experience=? 
    where
        id=?
Hibernate: 
    select
        u1_0.id,
        u1_0.bio,
        u1_0.created_at,
        u1_0.is_deleted,
        u1_0.email,
        u1_0.first_name,
        u1_0.last_name,
        u1_0.password,
        u1_0.phone_number,
        u1_0.photo_url,
        u1_0.role,
        u1_0.status,
        u1_0.updated_at,
        u1_0.user_code 
    from
        users u1_0 
    where
        u1_0.email=? 
        and not(u1_0.is_deleted)
Hibernate: 
    select
        t1_0.id,
        t1_0.academic_year_id,
        t1_0.address_line,
        t1_0.archived,
        t1_0.bio,
        t1_0.city,
        t1_0.class_id,
        t1_0.country,
        t1_0.created_at,
        t1_0.created_by,
        t1_0.date_of_birth,
        t1_0.email,
        t1_0.employee_number,
        t1_0.employment_type,
        t1_0.end_contract_date,
        t1_0.first_name,
        t1_0.gender,
        t1_0.highest_degree,
        t1_0.hire_date,
        t1_0.last_name,
        t1_0.middle_name,
        t1_0.national_id_number,
        t1_0.nationality,
        t1_0.office_hours,
        t1_0.office_location,
        t1_0.passport_number,
        t1_0.phone_number,
        t1_0.photo_url,
        t1_0.postal_code,
        t1_0.program_id,
        t1_0.remote_available,
        t1_0.secondary_phone_number,
        t1_0.special_notes,
        t1_0.status,
        t1_0.teacher_number,
        t1_0.teaching_hours_quota,
        t1_0.updated_at,
        t1_0.updated_by,
        t1_0.user_id,
        t1_0.years_of_experience 
    from
        teachers t1_0 
    where
        not(t1_0.archived) 
    order by
        t1_0.last_name,
        t1_0.first_name
Hibernate: 
    select
        u1_0.id,
        u1_0.bio,
        u1_0.created_at,
        u1_0.is_deleted,
        u1_0.email,
        u1_0.first_name,
        u1_0.last_name,
        u1_0.password,
        u1_0.phone_number,
        u1_0.photo_url,
        u1_0.role,
        u1_0.status,
        u1_0.updated_at,
        u1_0.user_code 
    from
        users u1_0 
    where
        u1_0.email=? 
        and not(u1_0.is_deleted)
Hibernate: 
    select
        u1_0.id,
        u1_0.bio,
        u1_0.created_at,
        u1_0.is_deleted,
        u1_0.email,
        u1_0.first_name,
        u1_0.last_name,
        u1_0.password,
        u1_0.phone_number,
        u1_0.photo_url,
        u1_0.role,
        u1_0.status,
        u1_0.updated_at,
        u1_0.user_code 
    from
        users u1_0 
    where
        u1_0.role=? 
        and not(u1_0.is_deleted)
Hibernate: 
    select
        u1_0.id,
        u1_0.bio,
        u1_0.created_at,
        u1_0.is_deleted,
        u1_0.email,
        u1_0.first_name,
        u1_0.last_name,
        u1_0.password,
        u1_0.phone_number,
        u1_0.photo_url,
        u1_0.role,
        u1_0.status,
        u1_0.updated_at,
        u1_0.user_code 
    from
        users u1_0 
    where
        u1_0.email=? 
        and not(u1_0.is_deleted)
Hibernate: 
    select
        s1_0.id,
        s1_0.academic_year_id,
        s1_0.address_line,
        s1_0.admission_date,
        s1_0.admission_number,
        s1_0.archived,
        s1_0.city,
        s1_0.city_of_birth,
        s1_0.class_id,
        s1_0.cohort_id,
        s1_0.country,
        s1_0.country_of_birth,
        s1_0.created_at,
        s1_0.created_by,
        s1_0.date_of_birth,
        s1_0.email,
        s1_0.enrollment_type,
        s1_0.expected_graduation_date,
        s1_0.first_name,
        s1_0.gender,
        s1_0.international_student,
        s1_0.last_name,
        s1_0.medical_notes,
        s1_0.middle_name,
        s1_0.national_id_number,
        s1_0.nationality,
        s1_0.passport_number,
        s1_0.phone_number,
        s1_0.photo_url,
        s1_0.postal_code,
        s1_0.program_id,
        s1_0.registration_date,
        s1_0.registration_number,
        s1_0.scholarship_holder,
        s1_0.secondary_phone_number,
        s1_0.special_needs_notes,
        s1_0.status,
        s1_0.student_number,
        s1_0.updated_at,
        s1_0.updated_by,
        s1_0.user_id,
        s1_0.working_student 
    from
        students s1_0 
    where
        not(s1_0.archived) 
    order by
        s1_0.last_name,
        s1_0.first_name
Hibernate: 
    select
        gc1_0.id,
        gc1_0.address_line,
        gc1_0.archived,
        gc1_0.city,
        gc1_0.country,
        gc1_0.created_at,
        gc1_0.created_by,
        gc1_0.email,
        gc1_0.full_name,
        gc1_0.phone_number,
        gc1_0.primary_contact,
        gc1_0.relationship_label,
        gc1_0.secondary_phone_number,
        gc1_0.student_id,
        gc1_0.updated_at,
        gc1_0.updated_by 
    from
        guardian_contacts gc1_0 
    join
        students s1_0 
            on s1_0.id=gc1_0.student_id 
    where
        s1_0.id=? 
        and not(gc1_0.archived) 
    order by
        gc1_0.primary_contact desc,
        gc1_0.created_at
Hibernate: 
    select
        ec1_0.id,
        ec1_0.address_line,
        ec1_0.archived,
        ec1_0.created_at,
        ec1_0.created_by,
        ec1_0.email,
        ec1_0.full_name,
        ec1_0.phone_number,
        ec1_0.priority_order,
        ec1_0.relationship_label,
        ec1_0.secondary_phone_number,
        ec1_0.student_id,
        ec1_0.updated_at,
        ec1_0.updated_by 
    from
        emergency_contacts ec1_0 
    join
        students s1_0 
            on s1_0.id=ec1_0.student_id 
    where
        s1_0.id=? 
        and not(ec1_0.archived) 
    order by
        ec1_0.priority_order
Hibernate: 
    select
        ssh1_0.id,
        ssh1_0.archived,
        ssh1_0.context_label,
        ssh1_0.created_at,
        ssh1_0.created_by,
        ssh1_0.new_status,
        ssh1_0.old_status,
        ssh1_0.reason,
        ssh1_0.student_id,
        ssh1_0.updated_at,
        ssh1_0.updated_by 
    from
        student_status_history ssh1_0 
    join
        students s1_0 
            on s1_0.id=ssh1_0.student_id 
    where
        s1_0.id=? 
    order by
        ssh1_0.created_at desc
Hibernate: 
    select
        u1_0.id,
        u1_0.bio,
        u1_0.created_at,
        u1_0.is_deleted,
        u1_0.email,
        u1_0.first_name,
        u1_0.last_name,
        u1_0.password,
        u1_0.phone_number,
        u1_0.photo_url,
        u1_0.role,
        u1_0.status,
        u1_0.updated_at,
        u1_0.user_code 
    from
        users u1_0 
    where
        u1_0.id=?
Hibernate: 
    select
        ay1_0.id,
        ay1_0.archived,
        ay1_0.code,
        ay1_0.created_at,
        ay1_0.created_by,
        ay1_0.current_year,
        ay1_0.description,
        ay1_0.end_date,
        ay1_0.name,
        ay1_0.start_date,
        ay1_0.status,
        ay1_0.updated_at,
        ay1_0.updated_by 
    from
        academic_years ay1_0 
    where
        ay1_0.id=?
Hibernate: 
    select
        p1_0.id,
        p1_0.archived,
        p1_0.code,
        p1_0.created_at,
        p1_0.created_by,
        p1_0.credits_required,
        p1_0.department_name,
        p1_0.description,
        p1_0.duration_in_months,
        p1_0.faculty_name,
        p1_0.level,
        p1_0.name,
        p1_0.status,
        p1_0.updated_at,
        p1_0.updated_by 
    from
        programs p1_0 
    where
        p1_0.id=?
Hibernate: 
    select
        cr1_0.id,
        cr1_0.academic_year_id,
        cr1_0.archived,
        cr1_0.capacity,
        cr1_0.code,
        cr1_0.cohort_id,
        cr1_0.created_at,
        cr1_0.created_by,
        cr1_0.delivery_mode,
        cr1_0.description,
        cr1_0.name,
        cr1_0.program_id,
        cr1_0.room_label,
        cr1_0.status,
        cr1_0.updated_at,
        cr1_0.updated_by 
    from
        classes cr1_0 
    where
        cr1_0.id=?
Hibernate: 
    select
        gc1_0.id,
        gc1_0.address_line,
        gc1_0.archived,
        gc1_0.city,
        gc1_0.country,
        gc1_0.created_at,
        gc1_0.created_by,
        gc1_0.email,
        gc1_0.full_name,
        gc1_0.phone_number,
        gc1_0.primary_contact,
        gc1_0.relationship_label,
        gc1_0.secondary_phone_number,
        gc1_0.student_id,
        gc1_0.updated_at,
        gc1_0.updated_by 
    from
        guardian_contacts gc1_0 
    join
        students s1_0 
            on s1_0.id=gc1_0.student_id 
    where
        s1_0.id=? 
        and not(gc1_0.archived) 
    order by
        gc1_0.primary_contact desc,
        gc1_0.created_at
Hibernate: 
    select
        ec1_0.id,
        ec1_0.address_line,
        ec1_0.archived,
        ec1_0.created_at,
        ec1_0.created_by,
        ec1_0.email,
        ec1_0.full_name,
        ec1_0.phone_number,
        ec1_0.priority_order,
        ec1_0.relationship_label,
        ec1_0.secondary_phone_number,
        ec1_0.student_id,
        ec1_0.updated_at,
        ec1_0.updated_by 
    from
        emergency_contacts ec1_0 
    join
        students s1_0 
            on s1_0.id=ec1_0.student_id 
    where
        s1_0.id=? 
        and not(ec1_0.archived) 
    order by
        ec1_0.priority_order
Hibernate: 
    select
        ssh1_0.id,
        ssh1_0.archived,
        ssh1_0.context_label,
        ssh1_0.created_at,
        ssh1_0.created_by,
        ssh1_0.new_status,
        ssh1_0.old_status,
        ssh1_0.reason,
        ssh1_0.student_id,
        ssh1_0.updated_at,
        ssh1_0.updated_by 
    from
        student_status_history ssh1_0 
    join
        students s1_0 
            on s1_0.id=ssh1_0.student_id 
    where
        s1_0.id=? 
    order by
        ssh1_0.created_at desc
Hibernate: 
    select
        u1_0.id,
        u1_0.bio,
        u1_0.created_at,
        u1_0.is_deleted,
        u1_0.email,
        u1_0.first_name,
        u1_0.last_name,
        u1_0.password,
        u1_0.phone_number,
        u1_0.photo_url,
        u1_0.role,
        u1_0.status,
        u1_0.updated_at,
        u1_0.user_code 
    from
        users u1_0 
    where
        u1_0.id=?
Hibernate: 
    select
        p1_0.id,
        p1_0.archived,
        p1_0.code,
        p1_0.created_at,
        p1_0.created_by,
        p1_0.credits_required,
        p1_0.department_name,
        p1_0.description,
        p1_0.duration_in_months,
        p1_0.faculty_name,
        p1_0.level,
        p1_0.name,
        p1_0.status,
        p1_0.updated_at,
        p1_0.updated_by 
    from
        programs p1_0 
    where
        p1_0.id=?
Hibernate: 
    select
        cr1_0.id,
        cr1_0.academic_year_id,
        cr1_0.archived,
        cr1_0.capacity,
        cr1_0.code,
        cr1_0.cohort_id,
        cr1_0.created_at,
        cr1_0.created_by,
        cr1_0.delivery_mode,
        cr1_0.description,
        cr1_0.name,
        cr1_0.program_id,
        cr1_0.room_label,
        cr1_0.status,
        cr1_0.updated_at,
        cr1_0.updated_by 
    from
        classes cr1_0 
    where
        cr1_0.id=?
Hibernate: 
    select
        u1_0.id,
        u1_0.bio,
        u1_0.created_at,
        u1_0.is_deleted,
        u1_0.email,
        u1_0.first_name,
        u1_0.last_name,
        u1_0.password,
        u1_0.phone_number,
        u1_0.photo_url,
        u1_0.role,
        u1_0.status,
        u1_0.updated_at,
        u1_0.user_code 
    from
        users u1_0 
    where
        u1_0.email=? 
        and not(u1_0.is_deleted)
Hibernate: 
    select
        u1_0.id,
        u1_0.bio,
        u1_0.created_at,
        u1_0.is_deleted,
        u1_0.email,
        u1_0.first_name,
        u1_0.last_name,
        u1_0.password,
        u1_0.phone_number,
        u1_0.photo_url,
        u1_0.role,
        u1_0.status,
        u1_0.updated_at,
        u1_0.user_code 
    from
        users u1_0 
    where
        u1_0.role=? 
        and not(u1_0.is_deleted)
Hibernate: 
    select
        u1_0.id,
        u1_0.bio,
        u1_0.created_at,
        u1_0.is_deleted,
        u1_0.email,
        u1_0.first_name,
        u1_0.last_name,
        u1_0.password,
        u1_0.phone_number,
        u1_0.photo_url,
        u1_0.role,
        u1_0.status,
        u1_0.updated_at,
        u1_0.user_code 
    from
        users u1_0 
    where
        u1_0.email=? 
        and not(u1_0.is_deleted)
Hibernate: 
    select
        aa1_0.id,
        aa1_0.academic_year_id,
        aa1_0.address_line,
        aa1_0.application_number,
        aa1_0.archived,
        aa1_0.city,
        aa1_0.city_of_birth,
        aa1_0.cohort_id,
        aa1_0.country,
        aa1_0.country_of_birth,
        aa1_0.created_at,
        aa1_0.created_by,
        aa1_0.date_of_birth,
        aa1_0.decided_at,
        aa1_0.department,
        aa1_0.email,
        aa1_0.entry_level,
        aa1_0.father_address,
        aa1_0.father_city,
        aa1_0.father_company,
        aa1_0.father_name,
        aa1_0.father_phone,
        aa1_0.father_profession,
        aa1_0.first_name,
        aa1_0.gender,
        aa1_0.last_name,
        aa1_0.middle_name,
        aa1_0.mother_address,
        aa1_0.mother_city,
        aa1_0.mother_company,
        aa1_0.mother_name,
        aa1_0.mother_phone,
        aa1_0.mother_profession,
        aa1_0.motivation_letter,
        aa1_0.national_id_number,
        aa1_0.nationality,
        aa1_0.passport_number,
        aa1_0.phone_number,
        aa1_0.postal_code,
        aa1_0.previous_diploma_title,
        aa1_0.previous_diploma_year,
        aa1_0.previous_school,
        aa1_0.previous_school_city,
        aa1_0.priority,
        aa1_0.program_id,
        aa1_0.rejection_reason,
        aa1_0.review_notes,
        aa1_0.secondary_phone_number,
        aa1_0.status,
        aa1_0.student_id,
        aa1_0.submitted_at,
        aa1_0.updated_at,
        aa1_0.updated_by 
    from
        admission_applications aa1_0 
    where
        aa1_0.status=? 
        and not(aa1_0.archived) 
    order by
        aa1_0.priority desc,
        aa1_0.created_at desc,
        aa1_0.created_at 
    limit
        ?
Hibernate: 
    select
        u1_0.id,
        u1_0.bio,
        u1_0.created_at,
        u1_0.is_deleted,
        u1_0.email,
        u1_0.first_name,
        u1_0.last_name,
        u1_0.password,
        u1_0.phone_number,
        u1_0.photo_url,
        u1_0.role,
        u1_0.status,
        u1_0.updated_at,
        u1_0.user_code 
    from
        users u1_0 
    where
        u1_0.email=? 
        and not(u1_0.is_deleted)
Hibernate: 
    select
        aa1_0.id,
        aa1_0.academic_year_id,
        aa1_0.address_line,
        aa1_0.application_number,
        aa1_0.archived,
        aa1_0.city,
        aa1_0.city_of_birth,
        aa1_0.cohort_id,
        aa1_0.country,
        aa1_0.country_of_birth,
        aa1_0.created_at,
        aa1_0.created_by,
        aa1_0.date_of_birth,
        aa1_0.decided_at,
        aa1_0.department,
        aa1_0.email,
        aa1_0.entry_level,
        aa1_0.father_address,
        aa1_0.father_city,
        aa1_0.father_company,
        aa1_0.father_name,
        aa1_0.father_phone,
        aa1_0.father_profession,
        aa1_0.first_name,
        aa1_0.gender,
        aa1_0.last_name,
        aa1_0.middle_name,
        aa1_0.mother_address,
        aa1_0.mother_city,
        aa1_0.mother_company,
        aa1_0.mother_name,
        aa1_0.mother_phone,
        aa1_0.mother_profession,
        aa1_0.motivation_letter,
        aa1_0.national_id_number,
        aa1_0.nationality,
        aa1_0.passport_number,
        aa1_0.phone_number,
        aa1_0.postal_code,
        aa1_0.previous_diploma_title,
        aa1_0.previous_diploma_year,
        aa1_0.previous_school,
        aa1_0.previous_school_city,
        aa1_0.priority,
        aa1_0.program_id,
        aa1_0.rejection_reason,
        aa1_0.review_notes,
        aa1_0.secondary_phone_number,
        aa1_0.status,
        aa1_0.student_id,
        aa1_0.submitted_at,
        aa1_0.updated_at,
        aa1_0.updated_by 
    from
        admission_applications aa1_0 
    where
        aa1_0.status=? 
        and not(aa1_0.archived) 
    order by
        aa1_0.priority desc,
        aa1_0.created_at desc,
        aa1_0.created_at 
    limit
        ?
Hibernate: 
    select
        p1_0.id,
        p1_0.archived,
        p1_0.code,
        p1_0.created_at,
        p1_0.created_by,
        p1_0.credits_required,
        p1_0.department_name,
        p1_0.description,
        p1_0.duration_in_months,
        p1_0.faculty_name,
        p1_0.level,
        p1_0.name,
        p1_0.status,
        p1_0.updated_at,
        p1_0.updated_by 
    from
        programs p1_0 
    where
        p1_0.id=?
Hibernate: 
    select
        ay1_0.id,
        ay1_0.archived,
        ay1_0.code,
        ay1_0.created_at,
        ay1_0.created_by,
        ay1_0.current_year,
        ay1_0.description,
        ay1_0.end_date,
        ay1_0.name,
        ay1_0.start_date,
        ay1_0.status,
        ay1_0.updated_at,
        ay1_0.updated_by 
    from
        academic_years ay1_0 
    where
        ay1_0.id=?
Hibernate: 
    select
        p1_0.id,
        p1_0.archived,
        p1_0.code,
        p1_0.created_at,
        p1_0.created_by,
        p1_0.credits_required,
        p1_0.department_name,
        p1_0.description,
        p1_0.duration_in_months,
        p1_0.faculty_name,
        p1_0.level,
        p1_0.name,
        p1_0.status,
        p1_0.updated_at,
        p1_0.updated_by 
    from
        programs p1_0 
    where
        p1_0.id=?
Hibernate: 
    select
        u1_0.id,
        u1_0.bio,
        u1_0.created_at,
        u1_0.is_deleted,
        u1_0.email,
        u1_0.first_name,
        u1_0.last_name,
        u1_0.password,
        u1_0.phone_number,
        u1_0.photo_url,
        u1_0.role,
        u1_0.status,
        u1_0.updated_at,
        u1_0.user_code 
    from
        users u1_0 
    where
        u1_0.email=? 
        and not(u1_0.is_deleted)
Hibernate: 
    select
        u1_0.id,
        u1_0.bio,
        u1_0.created_at,
        u1_0.is_deleted,
        u1_0.email,
        u1_0.first_name,
        u1_0.last_name,
        u1_0.password,
        u1_0.phone_number,
        u1_0.photo_url,
        u1_0.role,
        u1_0.status,
        u1_0.updated_at,
        u1_0.user_code 
    from
        users u1_0 
    where
        u1_0.email=? 
        and not(u1_0.is_deleted)
Hibernate: 
    select
        s1_0.id,
        s1_0.academic_year_id,
        s1_0.address_line,
        s1_0.admission_date,
        s1_0.admission_number,
        s1_0.archived,
        s1_0.city,
        s1_0.city_of_birth,
        s1_0.class_id,
        s1_0.cohort_id,
        s1_0.country,
        s1_0.country_of_birth,
        s1_0.created_at,
        s1_0.created_by,
        s1_0.date_of_birth,
        s1_0.email,
        s1_0.enrollment_type,
        s1_0.expected_graduation_date,
        s1_0.first_name,
        s1_0.gender,
        s1_0.international_student,
        s1_0.last_name,
        s1_0.medical_notes,
        s1_0.middle_name,
        s1_0.national_id_number,
        s1_0.nationality,
        s1_0.passport_number,
        s1_0.phone_number,
        s1_0.photo_url,
        s1_0.postal_code,
        s1_0.program_id,
        s1_0.registration_date,
        s1_0.registration_number,
        s1_0.scholarship_holder,
        s1_0.secondary_phone_number,
        s1_0.special_needs_notes,
        s1_0.status,
        s1_0.student_number,
        s1_0.updated_at,
        s1_0.updated_by,
        s1_0.user_id,
        s1_0.working_student 
    from
        students s1_0 
    where
        not(s1_0.archived) 
    order by
        s1_0.last_name,
        s1_0.first_name
Hibernate: 
    select
        gc1_0.id,
        gc1_0.address_line,
        gc1_0.archived,
        gc1_0.city,
        gc1_0.country,
        gc1_0.created_at,
        gc1_0.created_by,
        gc1_0.email,
        gc1_0.full_name,
        gc1_0.phone_number,
        gc1_0.primary_contact,
        gc1_0.relationship_label,
        gc1_0.secondary_phone_number,
        gc1_0.student_id,
        gc1_0.updated_at,
        gc1_0.updated_by 
    from
        guardian_contacts gc1_0 
    join
        students s1_0 
            on s1_0.id=gc1_0.student_id 
    where
        s1_0.id=? 
        and not(gc1_0.archived) 
    order by
        gc1_0.primary_contact desc,
        gc1_0.created_at
Hibernate: 
    select
        u1_0.id,
        u1_0.bio,
        u1_0.created_at,
        u1_0.is_deleted,
        u1_0.email,
        u1_0.first_name,
        u1_0.last_name,
        u1_0.password,
        u1_0.phone_number,
        u1_0.photo_url,
        u1_0.role,
        u1_0.status,
        u1_0.updated_at,
        u1_0.user_code 
    from
        users u1_0 
    where
        u1_0.email=? 
        and not(u1_0.is_deleted)
Hibernate: 
    select
        ec1_0.id,
        ec1_0.address_line,
        ec1_0.archived,
        ec1_0.created_at,
        ec1_0.created_by,
        ec1_0.email,
        ec1_0.full_name,
        ec1_0.phone_number,
        ec1_0.priority_order,
        ec1_0.relationship_label,
        ec1_0.secondary_phone_number,
        ec1_0.student_id,
        ec1_0.updated_at,
        ec1_0.updated_by 
    from
        emergency_contacts ec1_0 
    join
        students s1_0 
            on s1_0.id=ec1_0.student_id 
    where
        s1_0.id=? 
        and not(ec1_0.archived) 
    order by
        ec1_0.priority_order
Hibernate: 
    select
        ssh1_0.id,
        ssh1_0.archived,
        ssh1_0.context_label,
        ssh1_0.created_at,
        ssh1_0.created_by,
        ssh1_0.new_status,
        ssh1_0.old_status,
        ssh1_0.reason,
        ssh1_0.student_id,
        ssh1_0.updated_at,
        ssh1_0.updated_by 
    from
        student_status_history ssh1_0 
    join
        students s1_0 
            on s1_0.id=ssh1_0.student_id 
    where
        s1_0.id=? 
    order by
        ssh1_0.created_at desc
Hibernate: 
    select
        u1_0.id,
        u1_0.bio,
        u1_0.created_at,
        u1_0.is_deleted,
        u1_0.email,
        u1_0.first_name,
        u1_0.last_name,
        u1_0.password,
        u1_0.phone_number,
        u1_0.photo_url,
        u1_0.role,
        u1_0.status,
        u1_0.updated_at,
        u1_0.user_code 
    from
        users u1_0 
    where
        u1_0.id=?
Hibernate: 
    select
        ay1_0.id,
        ay1_0.archived,
        ay1_0.code,
        ay1_0.created_at,
        ay1_0.created_by,
        ay1_0.current_year,
        ay1_0.description,
        ay1_0.end_date,
        ay1_0.name,
        ay1_0.start_date,
        ay1_0.status,
        ay1_0.updated_at,
        ay1_0.updated_by 
    from
        academic_years ay1_0 
    where
        ay1_0.id=?
Hibernate: 
    select
        ay1_0.id,
        ay1_0.archived,
        ay1_0.code,
        ay1_0.created_at,
        ay1_0.created_by,
        ay1_0.current_year,
        ay1_0.description,
        ay1_0.end_date,
        ay1_0.name,
        ay1_0.start_date,
        ay1_0.status,
        ay1_0.updated_at,
        ay1_0.updated_by 
    from
        academic_years ay1_0 
    where
        not(ay1_0.archived) 
    order by
        ay1_0.start_date desc
Hibernate: 
    select
        p1_0.id,
        p1_0.archived,
        p1_0.code,
        p1_0.created_at,
        p1_0.created_by,
        p1_0.credits_required,
        p1_0.department_name,
        p1_0.description,
        p1_0.duration_in_months,
        p1_0.faculty_name,
        p1_0.level,
        p1_0.name,
        p1_0.status,
        p1_0.updated_at,
        p1_0.updated_by 
    from
        programs p1_0 
    where
        p1_0.id=?
Hibernate: 
    select
        cr1_0.id,
        cr1_0.academic_year_id,
        cr1_0.archived,
        cr1_0.capacity,
        cr1_0.code,
        cr1_0.cohort_id,
        cr1_0.created_at,
        cr1_0.created_by,
        cr1_0.delivery_mode,
        cr1_0.description,
        cr1_0.name,
        cr1_0.program_id,
        cr1_0.room_label,
        cr1_0.status,
        cr1_0.updated_at,
        cr1_0.updated_by 
    from
        classes cr1_0 
    where
        cr1_0.id=?
Hibernate: 
    select
        gc1_0.id,
        gc1_0.address_line,
        gc1_0.archived,
        gc1_0.city,
        gc1_0.country,
        gc1_0.created_at,
        gc1_0.created_by,
        gc1_0.email,
        gc1_0.full_name,
        gc1_0.phone_number,
        gc1_0.primary_contact,
        gc1_0.relationship_label,
        gc1_0.secondary_phone_number,
        gc1_0.student_id,
        gc1_0.updated_at,
        gc1_0.updated_by 
    from
        guardian_contacts gc1_0 
    join
        students s1_0 
            on s1_0.id=gc1_0.student_id 
    where
        s1_0.id=? 
        and not(gc1_0.archived) 
    order by
        gc1_0.primary_contact desc,
        gc1_0.created_at
Hibernate: 
    select
        ec1_0.id,
        ec1_0.address_line,
        ec1_0.archived,
        ec1_0.created_at,
        ec1_0.created_by,
        ec1_0.email,
        ec1_0.full_name,
        ec1_0.phone_number,
        ec1_0.priority_order,
        ec1_0.relationship_label,
        ec1_0.secondary_phone_number,
        ec1_0.student_id,
        ec1_0.updated_at,
        ec1_0.updated_by 
    from
        emergency_contacts ec1_0 
    join
        students s1_0 
            on s1_0.id=ec1_0.student_id 
    where
        s1_0.id=? 
        and not(ec1_0.archived) 
    order by
        ec1_0.priority_order
Hibernate: 
    select
        ssh1_0.id,
        ssh1_0.archived,
        ssh1_0.context_label,
        ssh1_0.created_at,
        ssh1_0.created_by,
        ssh1_0.new_status,
        ssh1_0.old_status,
        ssh1_0.reason,
        ssh1_0.student_id,
        ssh1_0.updated_at,
        ssh1_0.updated_by 
    from
        student_status_history ssh1_0 
    join
        students s1_0 
            on s1_0.id=ssh1_0.student_id 
    where
        s1_0.id=? 
    order by
        ssh1_0.created_at desc
Hibernate: 
    select
        u1_0.id,
        u1_0.bio,
        u1_0.created_at,
        u1_0.is_deleted,
        u1_0.email,
        u1_0.first_name,
        u1_0.last_name,
        u1_0.password,
        u1_0.phone_number,
        u1_0.photo_url,
        u1_0.role,
        u1_0.status,
        u1_0.updated_at,
        u1_0.user_code 
    from
        users u1_0 
    where
        u1_0.id=?
Hibernate: 
    select
        p1_0.id,
        p1_0.archived,
        p1_0.code,
        p1_0.created_at,
        p1_0.created_by,
        p1_0.credits_required,
        p1_0.department_name,
        p1_0.description,
        p1_0.duration_in_months,
        p1_0.faculty_name,
        p1_0.level,
        p1_0.name,
        p1_0.status,
        p1_0.updated_at,
        p1_0.updated_by 
    from
        programs p1_0 
    where
        p1_0.id=?
Hibernate: 
    select
        cr1_0.id,
        cr1_0.academic_year_id,
        cr1_0.archived,
        cr1_0.capacity,
        cr1_0.code,
        cr1_0.cohort_id,
        cr1_0.created_at,
        cr1_0.created_by,
        cr1_0.delivery_mode,
        cr1_0.description,
        cr1_0.name,
        cr1_0.program_id,
        cr1_0.room_label,
        cr1_0.status,
        cr1_0.updated_at,
        cr1_0.updated_by 
    from
        classes cr1_0 
    where
        cr1_0.id=?
Hibernate: 
    select
        u1_0.id,
        u1_0.bio,
        u1_0.created_at,
        u1_0.is_deleted,
        u1_0.email,
        u1_0.first_name,
        u1_0.last_name,
        u1_0.password,
        u1_0.phone_number,
        u1_0.photo_url,
        u1_0.role,
        u1_0.status,
        u1_0.updated_at,
        u1_0.user_code 
    from
        users u1_0 
    where
        u1_0.email=? 
        and not(u1_0.is_deleted)
Hibernate: 
    select
        u1_0.id,
        u1_0.bio,
        u1_0.created_at,
        u1_0.is_deleted,
        u1_0.email,
        u1_0.first_name,
        u1_0.last_name,
        u1_0.password,
        u1_0.phone_number,
        u1_0.photo_url,
        u1_0.role,
        u1_0.status,
        u1_0.updated_at,
        u1_0.user_code 
    from
        users u1_0 
    where
        u1_0.email=? 
        and not(u1_0.is_deleted)
Hibernate: 
    select
        p1_0.id,
        p1_0.archived,
        p1_0.code,
        p1_0.created_at,
        p1_0.created_by,
        p1_0.credits_required,
        p1_0.department_name,
        p1_0.description,
        p1_0.duration_in_months,
        p1_0.faculty_name,
        p1_0.level,
        p1_0.name,
        p1_0.status,
        p1_0.updated_at,
        p1_0.updated_by 
    from
        programs p1_0 
    where
        not(p1_0.archived) 
    order by
        p1_0.name
Hibernate: 
    select
        cr1_0.id,
        cr1_0.academic_year_id,
        cr1_0.archived,
        cr1_0.capacity,
        cr1_0.code,
        cr1_0.cohort_id,
        cr1_0.created_at,
        cr1_0.created_by,
        cr1_0.delivery_mode,
        cr1_0.description,
        cr1_0.name,
        cr1_0.program_id,
        cr1_0.room_label,
        cr1_0.status,
        cr1_0.updated_at,
        cr1_0.updated_by 
    from
        classes cr1_0 
    where
        not(cr1_0.archived) 
    order by
        cr1_0.name
Hibernate: 
    select
        u1_0.id,
        u1_0.bio,
        u1_0.created_at,
        u1_0.is_deleted,
        u1_0.email,
        u1_0.first_name,
        u1_0.last_name,
        u1_0.password,
        u1_0.phone_number,
        u1_0.photo_url,
        u1_0.role,
        u1_0.status,
        u1_0.updated_at,
        u1_0.user_code 
    from
        users u1_0 
    where
        u1_0.email=? 
        and not(u1_0.is_deleted)
Hibernate: 
    select
        sc1_0.config_key,
        sc1_0.description,
        sc1_0.updated_at,
        sc1_0.updated_by,
        sc1_0.config_value 
    from
        system_config sc1_0 
    where
        sc1_0.config_key=?
Hibernate: 
    select
        count(s1_0.id) 
    from
        students s1_0 
    where
        s1_0.class_id=? 
        and s1_0.archived=0
Hibernate: 
    select
        u1_0.id,
        u1_0.bio,
        u1_0.created_at,
        u1_0.is_deleted,
        u1_0.email,
        u1_0.first_name,
        u1_0.last_name,
        u1_0.password,
        u1_0.phone_number,
        u1_0.photo_url,
        u1_0.role,
        u1_0.status,
        u1_0.updated_at,
        u1_0.user_code 
    from
        users u1_0 
    where
        u1_0.email=? 
        and not(u1_0.is_deleted)
Hibernate: 
    select
        u1_0.id,
        u1_0.bio,
        u1_0.created_at,
        u1_0.is_deleted,
        u1_0.email,
        u1_0.first_name,
        u1_0.last_name,
        u1_0.password,
        u1_0.phone_number,
        u1_0.photo_url,
        u1_0.role,
        u1_0.status,
        u1_0.updated_at,
        u1_0.user_code 
    from
        users u1_0 
    where
        u1_0.role=? 
        and not(u1_0.is_deleted)
Hibernate: 
    select
        ay1_0.id,
        ay1_0.archived,
        ay1_0.code,
        ay1_0.created_at,
        ay1_0.created_by,
        ay1_0.current_year,
        ay1_0.description,
        ay1_0.end_date,
        ay1_0.name,
        ay1_0.start_date,
        ay1_0.status,
        ay1_0.updated_at,
        ay1_0.updated_by 
    from
        academic_years ay1_0 
    where
        ay1_0.id=?
Hibernate: 
    select
        p1_0.id,
        p1_0.archived,
        p1_0.code,
        p1_0.created_at,
        p1_0.created_by,
        p1_0.credits_required,
        p1_0.department_name,
        p1_0.description,
        p1_0.duration_in_months,
        p1_0.faculty_name,
        p1_0.level,
        p1_0.name,
        p1_0.status,
        p1_0.updated_at,
        p1_0.updated_by 
    from
        programs p1_0 
    where
        p1_0.id=?
Hibernate: 
    select
        count(s1_0.id) 
    from
        students s1_0 
    where
        s1_0.class_id=? 
        and s1_0.archived=0
Hibernate: 
    select
        p1_0.id,
        p1_0.archived,
        p1_0.code,
        p1_0.created_at,
        p1_0.created_by,
        p1_0.credits_required,
        p1_0.department_name,
        p1_0.description,
        p1_0.duration_in_months,
        p1_0.faculty_name,
        p1_0.level,
        p1_0.name,
        p1_0.status,
        p1_0.updated_at,
        p1_0.updated_by 
    from
        programs p1_0 
    where
        p1_0.id=?
Hibernate: 
    select
        u1_0.id,
        u1_0.bio,
        u1_0.created_at,
        u1_0.is_deleted,
        u1_0.email,
        u1_0.first_name,
        u1_0.last_name,
        u1_0.password,
        u1_0.phone_number,
        u1_0.photo_url,
        u1_0.role,
        u1_0.status,
        u1_0.updated_at,
        u1_0.user_code 
    from
        users u1_0 
    where
        u1_0.email=? 
        and not(u1_0.is_deleted)
Hibernate: 
    select
        aa1_0.id,
        aa1_0.academic_year_id,
        aa1_0.address_line,
        aa1_0.application_number,
        aa1_0.archived,
        aa1_0.city,
        aa1_0.city_of_birth,
        aa1_0.cohort_id,
        aa1_0.country,
        aa1_0.country_of_birth,
        aa1_0.created_at,
        aa1_0.created_by,
        aa1_0.date_of_birth,
        aa1_0.decided_at,
        aa1_0.department,
        aa1_0.email,
        aa1_0.entry_level,
        aa1_0.father_address,
        aa1_0.father_city,
        aa1_0.father_company,
        aa1_0.father_name,
        aa1_0.father_phone,
        aa1_0.father_profession,
        aa1_0.first_name,
        aa1_0.gender,
        aa1_0.last_name,
        aa1_0.middle_name,
        aa1_0.mother_address,
        aa1_0.mother_city,
        aa1_0.mother_company,
        aa1_0.mother_name,
        aa1_0.mother_phone,
        aa1_0.mother_profession,
        aa1_0.motivation_letter,
        aa1_0.national_id_number,
        aa1_0.nationality,
        aa1_0.passport_number,
        aa1_0.phone_number,
        aa1_0.postal_code,
        aa1_0.previous_diploma_title,
        aa1_0.previous_diploma_year,
        aa1_0.previous_school,
        aa1_0.previous_school_city,
        aa1_0.priority,
        aa1_0.program_id,
        aa1_0.rejection_reason,
        aa1_0.review_notes,
        aa1_0.secondary_phone_number,
        aa1_0.status,
        aa1_0.student_id,
        aa1_0.submitted_at,
        aa1_0.updated_at,
        aa1_0.updated_by 
    from
        admission_applications aa1_0 
    where
        aa1_0.status=? 
        and not(aa1_0.archived) 
    order by
        aa1_0.priority desc,
        aa1_0.created_at desc,
        aa1_0.created_at 
    limit
        ?
Hibernate: 
    select
        u1_0.id,
        u1_0.bio,
        u1_0.created_at,
        u1_0.is_deleted,
        u1_0.email,
        u1_0.first_name,
        u1_0.last_name,
        u1_0.password,
        u1_0.phone_number,
        u1_0.photo_url,
        u1_0.role,
        u1_0.status,
        u1_0.updated_at,
        u1_0.user_code 
    from
        users u1_0 
    where
        u1_0.email=? 
        and not(u1_0.is_deleted)
Hibernate: 
    select
        aa1_0.id,
        aa1_0.academic_year_id,
        aa1_0.address_line,
        aa1_0.application_number,
        aa1_0.archived,
        aa1_0.city,
        aa1_0.city_of_birth,
        aa1_0.cohort_id,
        aa1_0.country,
        aa1_0.country_of_birth,
        aa1_0.created_at,
        aa1_0.created_by,
        aa1_0.date_of_birth,
        aa1_0.decided_at,
        aa1_0.department,
        aa1_0.email,
        aa1_0.entry_level,
        aa1_0.father_address,
        aa1_0.father_city,
        aa1_0.father_company,
        aa1_0.father_name,
        aa1_0.father_phone,
        aa1_0.father_profession,
        aa1_0.first_name,
        aa1_0.gender,
        aa1_0.last_name,
        aa1_0.middle_name,
        aa1_0.mother_address,
        aa1_0.mother_city,
        aa1_0.mother_company,
        aa1_0.mother_name,
        aa1_0.mother_phone,
        aa1_0.mother_profession,
        aa1_0.motivation_letter,
        aa1_0.national_id_number,
        aa1_0.nationality,
        aa1_0.passport_number,
        aa1_0.phone_number,
        aa1_0.postal_code,
        aa1_0.previous_diploma_title,
        aa1_0.previous_diploma_year,
        aa1_0.previous_school,
        aa1_0.previous_school_city,
        aa1_0.priority,
        aa1_0.program_id,
        aa1_0.rejection_reason,
        aa1_0.review_notes,
        aa1_0.secondary_phone_number,
        aa1_0.status,
        aa1_0.student_id,
        aa1_0.submitted_at,
        aa1_0.updated_at,
        aa1_0.updated_by 
    from
        admission_applications aa1_0 
    where
        aa1_0.status=? 
        and not(aa1_0.archived) 
    order by
        aa1_0.priority desc,
        aa1_0.created_at desc,
        aa1_0.created_at 
    limit
        ?
Hibernate: 
    select
        p1_0.id,
        p1_0.archived,
        p1_0.code,
        p1_0.created_at,
        p1_0.created_by,
        p1_0.credits_required,
        p1_0.department_name,
        p1_0.description,
        p1_0.duration_in_months,
        p1_0.faculty_name,
        p1_0.level,
        p1_0.name,
        p1_0.status,
        p1_0.updated_at,
        p1_0.updated_by 
    from
        programs p1_0 
    where
        p1_0.id=?
Hibernate: 
    select
        ay1_0.id,
        ay1_0.archived,
        ay1_0.code,
        ay1_0.created_at,
        ay1_0.created_by,
        ay1_0.current_year,
        ay1_0.description,
        ay1_0.end_date,
        ay1_0.name,
        ay1_0.start_date,
        ay1_0.status,
        ay1_0.updated_at,
        ay1_0.updated_by 
    from
        academic_years ay1_0 
    where
        ay1_0.id=?
Hibernate: 
    select
        p1_0.id,
        p1_0.archived,
        p1_0.code,
        p1_0.created_at,
        p1_0.created_by,
        p1_0.credits_required,
        p1_0.department_name,
        p1_0.description,
        p1_0.duration_in_months,
        p1_0.faculty_name,
        p1_0.level,
        p1_0.name,
        p1_0.status,
        p1_0.updated_at,
        p1_0.updated_by 
    from
        programs p1_0 
    where
        p1_0.id=?
Hibernate: 
    select
        u1_0.id,
        u1_0.bio,
        u1_0.created_at,
        u1_0.is_deleted,
        u1_0.email,
        u1_0.first_name,
        u1_0.last_name,
        u1_0.password,
        u1_0.phone_number,
        u1_0.photo_url,
        u1_0.role,
        u1_0.status,
        u1_0.updated_at,
        u1_0.user_code 
    from
        users u1_0 
    where
        u1_0.email=? 
        and not(u1_0.is_deleted)
Hibernate: 
    select
        c1_0.id,
        c1_0.academic_year_id,
        c1_0.archived,
        c1_0.class_id,
        c1_0.code,
        c1_0.course_sheet,
        c1_0.created_at,
        c1_0.created_by,
        c1_0.credits,
        c1_0.current_version_number,
        c1_0.description,
        c1_0.instructor_user_id,
        c1_0.objectives,
        c1_0.prerequisites,
        c1_0.program_id,
        c1_0.published,
        c1_0.semester,
        c1_0.status,
        c1_0.syllabus,
        c1_0.teaching_unit_id,
        c1_0.title,
        c1_0.total_hours,
        c1_0.updated_at,
        c1_0.updated_by,
        c1_0.visibility 
    from
        courses c1_0 
    where
        not(c1_0.archived) 
    order by
        c1_0.title
Hibernate: 
    select
        u1_0.id,
        u1_0.bio,
        u1_0.created_at,
        u1_0.is_deleted,
        u1_0.email,
        u1_0.first_name,
        u1_0.last_name,
        u1_0.password,
        u1_0.phone_number,
        u1_0.photo_url,
        u1_0.role,
        u1_0.status,
        u1_0.updated_at,
        u1_0.user_code 
    from
        users u1_0 
    where
        u1_0.email=? 
        and not(u1_0.is_deleted)
Hibernate: 
    select
        ay1_0.id,
        ay1_0.archived,
        ay1_0.code,
        ay1_0.created_at,
        ay1_0.created_by,
        ay1_0.current_year,
        ay1_0.description,
        ay1_0.end_date,
        ay1_0.name,
        ay1_0.start_date,
        ay1_0.status,
        ay1_0.updated_at,
        ay1_0.updated_by 
    from
        academic_years ay1_0 
    where
        not(ay1_0.archived) 
    order by
        ay1_0.start_date desc
Hibernate: 
    select
        u1_0.id,
        u1_0.bio,
        u1_0.created_at,
        u1_0.is_deleted,
        u1_0.email,
        u1_0.first_name,
        u1_0.last_name,
        u1_0.password,
        u1_0.phone_number,
        u1_0.photo_url,
        u1_0.role,
        u1_0.status,
        u1_0.updated_at,
        u1_0.user_code 
    from
        users u1_0 
    where
        u1_0.email=? 
        and not(u1_0.is_deleted)
Hibernate: 
    select
        p1_0.id,
        p1_0.archived,
        p1_0.code,
        p1_0.created_at,
        p1_0.created_by,
        p1_0.credits_required,
        p1_0.department_name,
        p1_0.description,
        p1_0.duration_in_months,
        p1_0.faculty_name,
        p1_0.level,
        p1_0.name,
        p1_0.status,
        p1_0.updated_at,
        p1_0.updated_by 
    from
        programs p1_0 
    where
        not(p1_0.archived) 
    order by
        p1_0.name
Hibernate: 
    select
        u1_0.id,
        u1_0.bio,
        u1_0.created_at,
        u1_0.is_deleted,
        u1_0.email,
        u1_0.first_name,
        u1_0.last_name,
        u1_0.password,
        u1_0.phone_number,
        u1_0.photo_url,
        u1_0.role,
        u1_0.status,
        u1_0.updated_at,
        u1_0.user_code 
    from
        users u1_0 
    where
        u1_0.email=? 
        and not(u1_0.is_deleted)
Hibernate: 
    select
        u1_0.id,
        u1_0.bio,
        u1_0.created_at,
        u1_0.is_deleted,
        u1_0.email,
        u1_0.first_name,
        u1_0.last_name,
        u1_0.password,
        u1_0.phone_number,
        u1_0.photo_url,
        u1_0.role,
        u1_0.status,
        u1_0.updated_at,
        u1_0.user_code 
    from
        users u1_0 
    where
        u1_0.email=? 
        and not(u1_0.is_deleted)
Hibernate: 
    select
        n1_0.id,
        n1_0.created_at,
        n1_0.is_read,
        n1_0.message,
        n1_0.title,
        n1_0.notification_type,
        n1_0.user_id 
    from
        notifications n1_0 
    where
        n1_0.user_id=? 
    order by
        n1_0.created_at desc 
    limit
        ?
Hibernate: 
    select
        count(n1_0.id) 
    from
        notifications n1_0 
    where
        n1_0.user_id=? 
        and not(n1_0.is_read)
Hibernate: 
    select
        u1_0.id,
        u1_0.bio,
        u1_0.created_at,
        u1_0.is_deleted,
        u1_0.email,
        u1_0.first_name,
        u1_0.last_name,
        u1_0.password,
        u1_0.phone_number,
        u1_0.photo_url,
        u1_0.role,
        u1_0.status,
        u1_0.updated_at,
        u1_0.user_code 
    from
        users u1_0 
    where
        u1_0.email=? 
        and not(u1_0.is_deleted)
Hibernate: 
    select
        count(m1_0.id) 
    from
        messages m1_0 
    where
        m1_0.recipient_id=? 
        and not(m1_0.is_read) 
        and not(m1_0.archived)
Hibernate: 
    select
        u1_0.id,
        u1_0.bio,
        u1_0.created_at,
        u1_0.is_deleted,
        u1_0.email,
        u1_0.first_name,
        u1_0.last_name,
        u1_0.password,
        u1_0.phone_number,
        u1_0.photo_url,
        u1_0.role,
        u1_0.status,
        u1_0.updated_at,
        u1_0.user_code 
    from
        users u1_0 
    where
        u1_0.email=? 
        and not(u1_0.is_deleted)
Hibernate: 
    select
        s1_0.id,
        s1_0.academic_year_id,
        s1_0.address_line,
        s1_0.admission_date,
        s1_0.admission_number,
        s1_0.archived,
        s1_0.city,
        s1_0.city_of_birth,
        s1_0.class_id,
        s1_0.cohort_id,
        s1_0.country,
        s1_0.country_of_birth,
        s1_0.created_at,
        s1_0.created_by,
        s1_0.date_of_birth,
        s1_0.email,
        s1_0.enrollment_type,
        s1_0.expected_graduation_date,
        s1_0.first_name,
        s1_0.gender,
        s1_0.international_student,
        s1_0.last_name,
        s1_0.medical_notes,
        s1_0.middle_name,
        s1_0.national_id_number,
        s1_0.nationality,
        s1_0.passport_number,
        s1_0.phone_number,
        s1_0.photo_url,
        s1_0.postal_code,
        s1_0.program_id,
        s1_0.registration_date,
        s1_0.registration_number,
        s1_0.scholarship_holder,
        s1_0.secondary_phone_number,
        s1_0.special_needs_notes,
        s1_0.status,
        s1_0.student_number,
        s1_0.updated_at,
        s1_0.updated_by,
        s1_0.user_id,
        s1_0.working_student 
    from
        students s1_0 
    where
        not(s1_0.archived) 
    order by
        s1_0.last_name,
        s1_0.first_name
Hibernate: 
    select
        gc1_0.id,
        gc1_0.address_line,
        gc1_0.archived,
        gc1_0.city,
        gc1_0.country,
        gc1_0.created_at,
        gc1_0.created_by,
        gc1_0.email,
        gc1_0.full_name,
        gc1_0.phone_number,
        gc1_0.primary_contact,
        gc1_0.relationship_label,
        gc1_0.secondary_phone_number,
        gc1_0.student_id,
        gc1_0.updated_at,
        gc1_0.updated_by 
    from
        guardian_contacts gc1_0 
    join
        students s1_0 
            on s1_0.id=gc1_0.student_id 
    where
        s1_0.id=? 
        and not(gc1_0.archived) 
    order by
        gc1_0.primary_contact desc,
        gc1_0.created_at
Hibernate: 
    select
        ec1_0.id,
        ec1_0.address_line,
        ec1_0.archived,
        ec1_0.created_at,
        ec1_0.created_by,
        ec1_0.email,
        ec1_0.full_name,
        ec1_0.phone_number,
        ec1_0.priority_order,
        ec1_0.relationship_label,
        ec1_0.secondary_phone_number,
        ec1_0.student_id,
        ec1_0.updated_at,
        ec1_0.updated_by 
    from
        emergency_contacts ec1_0 
    join
        students s1_0 
            on s1_0.id=ec1_0.student_id 
    where
        s1_0.id=? 
        and not(ec1_0.archived) 
    order by
        ec1_0.priority_order
Hibernate: 
    select
        ssh1_0.id,
        ssh1_0.archived,
        ssh1_0.context_label,
        ssh1_0.created_at,
        ssh1_0.created_by,
        ssh1_0.new_status,
        ssh1_0.old_status,
        ssh1_0.reason,
        ssh1_0.student_id,
        ssh1_0.updated_at,
        ssh1_0.updated_by 
    from
        student_status_history ssh1_0 
    join
        students s1_0 
            on s1_0.id=ssh1_0.student_id 
    where
        s1_0.id=? 
    order by
        ssh1_0.created_at desc
Hibernate: 
    select
        u1_0.id,
        u1_0.bio,
        u1_0.created_at,
        u1_0.is_deleted,
        u1_0.email,
        u1_0.first_name,
        u1_0.last_name,
        u1_0.password,
        u1_0.phone_number,
        u1_0.photo_url,
        u1_0.role,
        u1_0.status,
        u1_0.updated_at,
        u1_0.user_code 
    from
        users u1_0 
    where
        u1_0.id=?
Hibernate: 
    select
        ay1_0.id,
        ay1_0.archived,
        ay1_0.code,
        ay1_0.created_at,
        ay1_0.created_by,
        ay1_0.current_year,
        ay1_0.description,
        ay1_0.end_date,
        ay1_0.name,
        ay1_0.start_date,
        ay1_0.status,
        ay1_0.updated_at,
        ay1_0.updated_by 
    from
        academic_years ay1_0 
    where
        ay1_0.id=?
Hibernate: 
    select
        p1_0.id,
        p1_0.archived,
        p1_0.code,
        p1_0.created_at,
        p1_0.created_by,
        p1_0.credits_required,
        p1_0.department_name,
        p1_0.description,
        p1_0.duration_in_months,
        p1_0.faculty_name,
        p1_0.level,
        p1_0.name,
        p1_0.status,
        p1_0.updated_at,
        p1_0.updated_by 
    from
        programs p1_0 
    where
        p1_0.id=?
Hibernate: 
    select
        cr1_0.id,
        cr1_0.academic_year_id,
        cr1_0.archived,
        cr1_0.capacity,
        cr1_0.code,
        cr1_0.cohort_id,
        cr1_0.created_at,
        cr1_0.created_by,
        cr1_0.delivery_mode,
        cr1_0.description,
        cr1_0.name,
        cr1_0.program_id,
        cr1_0.room_label,
        cr1_0.status,
        cr1_0.updated_at,
        cr1_0.updated_by 
    from
        classes cr1_0 
    where
        cr1_0.id=?
Hibernate: 
    select
        gc1_0.id,
        gc1_0.address_line,
        gc1_0.archived,
        gc1_0.city,
        gc1_0.country,
        gc1_0.created_at,
        gc1_0.created_by,
        gc1_0.email,
        gc1_0.full_name,
        gc1_0.phone_number,
        gc1_0.primary_contact,
        gc1_0.relationship_label,
        gc1_0.secondary_phone_number,
        gc1_0.student_id,
        gc1_0.updated_at,
        gc1_0.updated_by 
    from
        guardian_contacts gc1_0 
    join
        students s1_0 
            on s1_0.id=gc1_0.student_id 
    where
        s1_0.id=? 
        and not(gc1_0.archived) 
    order by
        gc1_0.primary_contact desc,
        gc1_0.created_at
Hibernate: 
    select
        ec1_0.id,
        ec1_0.address_line,
        ec1_0.archived,
        ec1_0.created_at,
        ec1_0.created_by,
        ec1_0.email,
        ec1_0.full_name,
        ec1_0.phone_number,
        ec1_0.priority_order,
        ec1_0.relationship_label,
        ec1_0.secondary_phone_number,
        ec1_0.student_id,
        ec1_0.updated_at,
        ec1_0.updated_by 
    from
        emergency_contacts ec1_0 
    join
        students s1_0 
            on s1_0.id=ec1_0.student_id 
    where
        s1_0.id=? 
        and not(ec1_0.archived) 
    order by
        ec1_0.priority_order
Hibernate: 
    select
        ssh1_0.id,
        ssh1_0.archived,
        ssh1_0.context_label,
        ssh1_0.created_at,
        ssh1_0.created_by,
        ssh1_0.new_status,
        ssh1_0.old_status,
        ssh1_0.reason,
        ssh1_0.student_id,
        ssh1_0.updated_at,
        ssh1_0.updated_by 
    from
        student_status_history ssh1_0 
    join
        students s1_0 
            on s1_0.id=ssh1_0.student_id 
    where
        s1_0.id=? 
    order by
        ssh1_0.created_at desc
Hibernate: 
    select
        u1_0.id,
        u1_0.bio,
        u1_0.created_at,
        u1_0.is_deleted,
        u1_0.email,
        u1_0.first_name,
        u1_0.last_name,
        u1_0.password,
        u1_0.phone_number,
        u1_0.photo_url,
        u1_0.role,
        u1_0.status,
        u1_0.updated_at,
        u1_0.user_code 
    from
        users u1_0 
    where
        u1_0.id=?
Hibernate: 
    select
        p1_0.id,
        p1_0.archived,
        p1_0.code,
        p1_0.created_at,
        p1_0.created_by,
        p1_0.credits_required,
        p1_0.department_name,
        p1_0.description,
        p1_0.duration_in_months,
        p1_0.faculty_name,
        p1_0.level,
        p1_0.name,
        p1_0.status,
        p1_0.updated_at,
        p1_0.updated_by 
    from
        programs p1_0 
    where
        p1_0.id=?
Hibernate: 
    select
        cr1_0.id,
        cr1_0.academic_year_id,
        cr1_0.archived,
        cr1_0.capacity,
        cr1_0.code,
        cr1_0.cohort_id,
        cr1_0.created_at,
        cr1_0.created_by,
        cr1_0.delivery_mode,
        cr1_0.description,
        cr1_0.name,
        cr1_0.program_id,
        cr1_0.room_label,
        cr1_0.status,
        cr1_0.updated_at,
        cr1_0.updated_by 
    from
        classes cr1_0 
    where
        cr1_0.id=?
Hibernate: 
    select
        u1_0.id,
        u1_0.bio,
        u1_0.created_at,
        u1_0.is_deleted,
        u1_0.email,
        u1_0.first_name,
        u1_0.last_name,
        u1_0.password,
        u1_0.phone_number,
        u1_0.photo_url,
        u1_0.role,
        u1_0.status,
        u1_0.updated_at,
        u1_0.user_code 
    from
        users u1_0 
    where
        u1_0.email=? 
        and not(u1_0.is_deleted)
Hibernate: 
    select
        u1_0.id,
        u1_0.bio,
        u1_0.created_at,
        u1_0.is_deleted,
        u1_0.email,
        u1_0.first_name,
        u1_0.last_name,
        u1_0.password,
        u1_0.phone_number,
        u1_0.photo_url,
        u1_0.role,
        u1_0.status,
        u1_0.updated_at,
        u1_0.user_code 
    from
        users u1_0 
    where
        u1_0.role=? 
        and not(u1_0.is_deleted)
Hibernate: 
    select
        u1_0.id,
        u1_0.bio,
        u1_0.created_at,
        u1_0.is_deleted,
        u1_0.email,
        u1_0.first_name,
        u1_0.last_name,
        u1_0.password,
        u1_0.phone_number,
        u1_0.photo_url,
        u1_0.role,
        u1_0.status,
        u1_0.updated_at,
        u1_0.user_code 
    from
        users u1_0 
    where
        u1_0.email=? 
        and not(u1_0.is_deleted)
Hibernate: 
    select
        aa1_0.id,
        aa1_0.academic_year_id,
        aa1_0.address_line,
        aa1_0.application_number,
        aa1_0.archived,
        aa1_0.city,
        aa1_0.city_of_birth,
        aa1_0.cohort_id,
        aa1_0.country,
        aa1_0.country_of_birth,
        aa1_0.created_at,
        aa1_0.created_by,
        aa1_0.date_of_birth,
        aa1_0.decided_at,
        aa1_0.department,
        aa1_0.email,
        aa1_0.entry_level,
        aa1_0.father_address,
        aa1_0.father_city,
        aa1_0.father_company,
        aa1_0.father_name,
        aa1_0.father_phone,
        aa1_0.father_profession,
        aa1_0.first_name,
        aa1_0.gender,
        aa1_0.last_name,
        aa1_0.middle_name,
        aa1_0.mother_address,
        aa1_0.mother_city,
        aa1_0.mother_company,
        aa1_0.mother_name,
        aa1_0.mother_phone,
        aa1_0.mother_profession,
        aa1_0.motivation_letter,
        aa1_0.national_id_number,
        aa1_0.nationality,
        aa1_0.passport_number,
        aa1_0.phone_number,
        aa1_0.postal_code,
        aa1_0.previous_diploma_title,
        aa1_0.previous_diploma_year,
        aa1_0.previous_school,
        aa1_0.previous_school_city,
        aa1_0.priority,
        aa1_0.program_id,
        aa1_0.rejection_reason,
        aa1_0.review_notes,
        aa1_0.secondary_phone_number,
        aa1_0.status,
        aa1_0.student_id,
        aa1_0.submitted_at,
        aa1_0.updated_at,
        aa1_0.updated_by 
    from
        admission_applications aa1_0 
    where
        aa1_0.status=? 
        and not(aa1_0.archived) 
    order by
        aa1_0.priority desc,
        aa1_0.created_at desc,
        aa1_0.created_at 
    limit
        ?
Hibernate: 
    select
        u1_0.id,
        u1_0.bio,
        u1_0.created_at,
        u1_0.is_deleted,
        u1_0.email,
        u1_0.first_name,
        u1_0.last_name,
        u1_0.password,
        u1_0.phone_number,
        u1_0.photo_url,
        u1_0.role,
        u1_0.status,
        u1_0.updated_at,
        u1_0.user_code 
    from
        users u1_0 
    where
        u1_0.email=? 
        and not(u1_0.is_deleted)
Hibernate: 
    select
        aa1_0.id,
        aa1_0.academic_year_id,
        aa1_0.address_line,
        aa1_0.application_number,
        aa1_0.archived,
        aa1_0.city,
        aa1_0.city_of_birth,
        aa1_0.cohort_id,
        aa1_0.country,
        aa1_0.country_of_birth,
        aa1_0.created_at,
        aa1_0.created_by,
        aa1_0.date_of_birth,
        aa1_0.decided_at,
        aa1_0.department,
        aa1_0.email,
        aa1_0.entry_level,
        aa1_0.father_address,
        aa1_0.father_city,
        aa1_0.father_company,
        aa1_0.father_name,
        aa1_0.father_phone,
        aa1_0.father_profession,
        aa1_0.first_name,
        aa1_0.gender,
        aa1_0.last_name,
        aa1_0.middle_name,
        aa1_0.mother_address,
        aa1_0.mother_city,
        aa1_0.mother_company,
        aa1_0.mother_name,
        aa1_0.mother_phone,
        aa1_0.mother_profession,
        aa1_0.motivation_letter,
        aa1_0.national_id_number,
        aa1_0.nationality,
        aa1_0.passport_number,
        aa1_0.phone_number,
        aa1_0.postal_code,
        aa1_0.previous_diploma_title,
        aa1_0.previous_diploma_year,
        aa1_0.previous_school,
        aa1_0.previous_school_city,
        aa1_0.priority,
        aa1_0.program_id,
        aa1_0.rejection_reason,
        aa1_0.review_notes,
        aa1_0.secondary_phone_number,
        aa1_0.status,
        aa1_0.student_id,
        aa1_0.submitted_at,
        aa1_0.updated_at,
        aa1_0.updated_by 
    from
        admission_applications aa1_0 
    where
        aa1_0.status=? 
        and not(aa1_0.archived) 
    order by
        aa1_0.priority desc,
        aa1_0.created_at desc,
        aa1_0.created_at 
    limit
        ?
Hibernate: 
    select
        p1_0.id,
        p1_0.archived,
        p1_0.code,
        p1_0.created_at,
        p1_0.created_by,
        p1_0.credits_required,
        p1_0.department_name,
        p1_0.description,
        p1_0.duration_in_months,
        p1_0.faculty_name,
        p1_0.level,
        p1_0.name,
        p1_0.status,
        p1_0.updated_at,
        p1_0.updated_by 
    from
        programs p1_0 
    where
        p1_0.id=?
Hibernate: 
    select
        ay1_0.id,
        ay1_0.archived,
        ay1_0.code,
        ay1_0.created_at,
        ay1_0.created_by,
        ay1_0.current_year,
        ay1_0.description,
        ay1_0.end_date,
        ay1_0.name,
        ay1_0.start_date,
        ay1_0.status,
        ay1_0.updated_at,
        ay1_0.updated_by 
    from
        academic_years ay1_0 
    where
        ay1_0.id=?
Hibernate: 
    select
        p1_0.id,
        p1_0.archived,
        p1_0.code,
        p1_0.created_at,
        p1_0.created_by,
        p1_0.credits_required,
        p1_0.department_name,
        p1_0.description,
        p1_0.duration_in_months,
        p1_0.faculty_name,
        p1_0.level,
        p1_0.name,
        p1_0.status,
        p1_0.updated_at,
        p1_0.updated_by 
    from
        programs p1_0 
    where
        p1_0.id=?
Hibernate: 
    select
        u1_0.id,
        u1_0.bio,
        u1_0.created_at,
        u1_0.is_deleted,
        u1_0.email,
        u1_0.first_name,
        u1_0.last_name,
        u1_0.password,
        u1_0.phone_number,
        u1_0.photo_url,
        u1_0.role,
        u1_0.status,
        u1_0.updated_at,
        u1_0.user_code 
    from
        users u1_0 
    where
        u1_0.email=? 
        and not(u1_0.is_deleted)
Hibernate: 
    select
        s1_0.id,
        s1_0.academic_year_id,
        s1_0.address_line,
        s1_0.admission_date,
        s1_0.admission_number,
        s1_0.archived,
        s1_0.city,
        s1_0.city_of_birth,
        s1_0.class_id,
        s1_0.cohort_id,
        s1_0.country,
        s1_0.country_of_birth,
        s1_0.created_at,
        s1_0.created_by,
        s1_0.date_of_birth,
        s1_0.email,
        s1_0.enrollment_type,
        s1_0.expected_graduation_date,
        s1_0.first_name,
        s1_0.gender,
        s1_0.international_student,
        s1_0.last_name,
        s1_0.medical_notes,
        s1_0.middle_name,
        s1_0.national_id_number,
        s1_0.nationality,
        s1_0.passport_number,
        s1_0.phone_number,
        s1_0.photo_url,
        s1_0.postal_code,
        s1_0.program_id,
        s1_0.registration_date,
        s1_0.registration_number,
        s1_0.scholarship_holder,
        s1_0.secondary_phone_number,
        s1_0.special_needs_notes,
        s1_0.status,
        s1_0.student_number,
        s1_0.updated_at,
        s1_0.updated_by,
        s1_0.user_id,
        s1_0.working_student 
    from
        students s1_0 
    where
        not(s1_0.archived) 
    order by
        s1_0.last_name,
        s1_0.first_name
Hibernate: 
    select
        gc1_0.id,
        gc1_0.address_line,
        gc1_0.archived,
        gc1_0.city,
        gc1_0.country,
        gc1_0.created_at,
        gc1_0.created_by,
        gc1_0.email,
        gc1_0.full_name,
        gc1_0.phone_number,
        gc1_0.primary_contact,
        gc1_0.relationship_label,
        gc1_0.secondary_phone_number,
        gc1_0.student_id,
        gc1_0.updated_at,
        gc1_0.updated_by 
    from
        guardian_contacts gc1_0 
    join
        students s1_0 
            on s1_0.id=gc1_0.student_id 
    where
        s1_0.id=? 
        and not(gc1_0.archived) 
    order by
        gc1_0.primary_contact desc,
        gc1_0.created_at
Hibernate: 
    select
        u1_0.id,
        u1_0.bio,
        u1_0.created_at,
        u1_0.is_deleted,
        u1_0.email,
        u1_0.first_name,
        u1_0.last_name,
        u1_0.password,
        u1_0.phone_number,
        u1_0.photo_url,
        u1_0.role,
        u1_0.status,
        u1_0.updated_at,
        u1_0.user_code 
    from
        users u1_0 
    where
        u1_0.email=? 
        and not(u1_0.is_deleted)
Hibernate: 
    select
        ec1_0.id,
        ec1_0.address_line,
        ec1_0.archived,
        ec1_0.created_at,
        ec1_0.created_by,
        ec1_0.email,
        ec1_0.full_name,
        ec1_0.phone_number,
        ec1_0.priority_order,
        ec1_0.relationship_label,
        ec1_0.secondary_phone_number,
        ec1_0.student_id,
        ec1_0.updated_at,
        ec1_0.updated_by 
    from
        emergency_contacts ec1_0 
    join
        students s1_0 
            on s1_0.id=ec1_0.student_id 
    where
        s1_0.id=? 
        and not(ec1_0.archived) 
    order by
        ec1_0.priority_order
Hibernate: 
    select
        cr1_0.id,
        cr1_0.academic_year_id,
        cr1_0.archived,
        cr1_0.capacity,
        cr1_0.code,
        cr1_0.cohort_id,
        cr1_0.created_at,
        cr1_0.created_by,
        cr1_0.delivery_mode,
        cr1_0.description,
        cr1_0.name,
        cr1_0.program_id,
        cr1_0.room_label,
        cr1_0.status,
        cr1_0.updated_at,
        cr1_0.updated_by 
    from
        classes cr1_0 
    where
        not(cr1_0.archived) 
    order by
        cr1_0.name
Hibernate: 
    select
        count(s1_0.id) 
    from
        students s1_0 
    where
        s1_0.class_id=? 
        and s1_0.archived=0
Hibernate: 
    select
        ssh1_0.id,
        ssh1_0.archived,
        ssh1_0.context_label,
        ssh1_0.created_at,
        ssh1_0.created_by,
        ssh1_0.new_status,
        ssh1_0.old_status,
        ssh1_0.reason,
        ssh1_0.student_id,
        ssh1_0.updated_at,
        ssh1_0.updated_by 
    from
        student_status_history ssh1_0 
    join
        students s1_0 
            on s1_0.id=ssh1_0.student_id 
    where
        s1_0.id=? 
    order by
        ssh1_0.created_at desc
Hibernate: 
    select
        ay1_0.id,
        ay1_0.archived,
        ay1_0.code,
        ay1_0.created_at,
        ay1_0.created_by,
        ay1_0.current_year,
        ay1_0.description,
        ay1_0.end_date,
        ay1_0.name,
        ay1_0.start_date,
        ay1_0.status,
        ay1_0.updated_at,
        ay1_0.updated_by 
    from
        academic_years ay1_0 
    where
        ay1_0.id=?
Hibernate: 
    select
        u1_0.id,
        u1_0.bio,
        u1_0.created_at,
        u1_0.is_deleted,
        u1_0.email,
        u1_0.first_name,
        u1_0.last_name,
        u1_0.password,
        u1_0.phone_number,
        u1_0.photo_url,
        u1_0.role,
        u1_0.status,
        u1_0.updated_at,
        u1_0.user_code 
    from
        users u1_0 
    where
        u1_0.id=?
Hibernate: 
    select
        u1_0.id,
        u1_0.bio,
        u1_0.created_at,
        u1_0.is_deleted,
        u1_0.email,
        u1_0.first_name,
        u1_0.last_name,
        u1_0.password,
        u1_0.phone_number,
        u1_0.photo_url,
        u1_0.role,
        u1_0.status,
        u1_0.updated_at,
        u1_0.user_code 
    from
        users u1_0 
    where
        u1_0.email=? 
        and not(u1_0.is_deleted)
Hibernate: 
    select
        p1_0.id,
        p1_0.archived,
        p1_0.code,
        p1_0.created_at,
        p1_0.created_by,
        p1_0.credits_required,
        p1_0.department_name,
        p1_0.description,
        p1_0.duration_in_months,
        p1_0.faculty_name,
        p1_0.level,
        p1_0.name,
        p1_0.status,
        p1_0.updated_at,
        p1_0.updated_by 
    from
        programs p1_0 
    where
        p1_0.id=?
Hibernate: 
    select
        ay1_0.id,
        ay1_0.archived,
        ay1_0.code,
        ay1_0.created_at,
        ay1_0.created_by,
        ay1_0.current_year,
        ay1_0.description,
        ay1_0.end_date,
        ay1_0.name,
        ay1_0.start_date,
        ay1_0.status,
        ay1_0.updated_at,
        ay1_0.updated_by 
    from
        academic_years ay1_0 
    where
        ay1_0.id=?
Hibernate: 
    select
        count(s1_0.id) 
    from
        students s1_0 
    where
        s1_0.class_id=? 
        and s1_0.archived=0
Hibernate: 
    select
        p1_0.id,
        p1_0.archived,
        p1_0.code,
        p1_0.created_at,
        p1_0.created_by,
        p1_0.credits_required,
        p1_0.department_name,
        p1_0.description,
        p1_0.duration_in_months,
        p1_0.faculty_name,
        p1_0.level,
        p1_0.name,
        p1_0.status,
        p1_0.updated_at,
        p1_0.updated_by 
    from
        programs p1_0 
    where
        p1_0.id=?
Hibernate: 
    select
        sc1_0.config_key,
        sc1_0.description,
        sc1_0.updated_at,
        sc1_0.updated_by,
        sc1_0.config_value 
    from
        system_config sc1_0 
    where
        sc1_0.config_key=?
Hibernate: 
    select
        p1_0.id,
        p1_0.archived,
        p1_0.code,
        p1_0.created_at,
        p1_0.created_by,
        p1_0.credits_required,
        p1_0.department_name,
        p1_0.description,
        p1_0.duration_in_months,
        p1_0.faculty_name,
        p1_0.level,
        p1_0.name,
        p1_0.status,
        p1_0.updated_at,
        p1_0.updated_by 
    from
        programs p1_0 
    where
        p1_0.id=?
Hibernate: 
    select
        cr1_0.id,
        cr1_0.academic_year_id,
        cr1_0.archived,
        cr1_0.capacity,
        cr1_0.code,
        cr1_0.cohort_id,
        cr1_0.created_at,
        cr1_0.created_by,
        cr1_0.delivery_mode,
        cr1_0.description,
        cr1_0.name,
        cr1_0.program_id,
        cr1_0.room_label,
        cr1_0.status,
        cr1_0.updated_at,
        cr1_0.updated_by 
    from
        classes cr1_0 
    where
        cr1_0.id=?
Hibernate: 
    select
        gc1_0.id,
        gc1_0.address_line,
        gc1_0.archived,
        gc1_0.city,
        gc1_0.country,
        gc1_0.created_at,
        gc1_0.created_by,
        gc1_0.email,
        gc1_0.full_name,
        gc1_0.phone_number,
        gc1_0.primary_contact,
        gc1_0.relationship_label,
        gc1_0.secondary_phone_number,
        gc1_0.student_id,
        gc1_0.updated_at,
        gc1_0.updated_by 
    from
        guardian_contacts gc1_0 
    join
        students s1_0 
            on s1_0.id=gc1_0.student_id 
    where
        s1_0.id=? 
        and not(gc1_0.archived) 
    order by
        gc1_0.primary_contact desc,
        gc1_0.created_at
Hibernate: 
    select
        ec1_0.id,
        ec1_0.address_line,
        ec1_0.archived,
        ec1_0.created_at,
        ec1_0.created_by,
        ec1_0.email,
        ec1_0.full_name,
        ec1_0.phone_number,
        ec1_0.priority_order,
        ec1_0.relationship_label,
        ec1_0.secondary_phone_number,
        ec1_0.student_id,
        ec1_0.updated_at,
        ec1_0.updated_by 
    from
        emergency_contacts ec1_0 
    join
        students s1_0 
            on s1_0.id=ec1_0.student_id 
    where
        s1_0.id=? 
        and not(ec1_0.archived) 
    order by
        ec1_0.priority_order
Hibernate: 
    select
        ssh1_0.id,
        ssh1_0.archived,
        ssh1_0.context_label,
        ssh1_0.created_at,
        ssh1_0.created_by,
        ssh1_0.new_status,
        ssh1_0.old_status,
        ssh1_0.reason,
        ssh1_0.student_id,
        ssh1_0.updated_at,
        ssh1_0.updated_by 
    from
        student_status_history ssh1_0 
    join
        students s1_0 
            on s1_0.id=ssh1_0.student_id 
    where
        s1_0.id=? 
    order by
        ssh1_0.created_at desc
Hibernate: 
    select
        u1_0.id,
        u1_0.bio,
        u1_0.created_at,
        u1_0.is_deleted,
        u1_0.email,
        u1_0.first_name,
        u1_0.last_name,
        u1_0.password,
        u1_0.phone_number,
        u1_0.photo_url,
        u1_0.role,
        u1_0.status,
        u1_0.updated_at,
        u1_0.user_code 
    from
        users u1_0 
    where
        u1_0.id=?
Hibernate: 
    select
        p1_0.id,
        p1_0.archived,
        p1_0.code,
        p1_0.created_at,
        p1_0.created_by,
        p1_0.credits_required,
        p1_0.department_name,
        p1_0.description,
        p1_0.duration_in_months,
        p1_0.faculty_name,
        p1_0.level,
        p1_0.name,
        p1_0.status,
        p1_0.updated_at,
        p1_0.updated_by 
    from
        programs p1_0 
    where
        p1_0.id=?
Hibernate: 
    select
        cr1_0.id,
        cr1_0.academic_year_id,
        cr1_0.archived,
        cr1_0.capacity,
        cr1_0.code,
        cr1_0.cohort_id,
        cr1_0.created_at,
        cr1_0.created_by,
        cr1_0.delivery_mode,
        cr1_0.description,
        cr1_0.name,
        cr1_0.program_id,
        cr1_0.room_label,
        cr1_0.status,
        cr1_0.updated_at,
        cr1_0.updated_by 
    from
        classes cr1_0 
    where
        cr1_0.id=?
Hibernate: 
    select
        u1_0.id,
        u1_0.bio,
        u1_0.created_at,
        u1_0.is_deleted,
        u1_0.email,
        u1_0.first_name,
        u1_0.last_name,
        u1_0.password,
        u1_0.phone_number,
        u1_0.photo_url,
        u1_0.role,
        u1_0.status,
        u1_0.updated_at,
        u1_0.user_code 
    from
        users u1_0 
    where
        u1_0.email=? 
        and not(u1_0.is_deleted)
Hibernate: 
    select
        u1_0.id,
        u1_0.bio,
        u1_0.created_at,
        u1_0.is_deleted,
        u1_0.email,
        u1_0.first_name,
        u1_0.last_name,
        u1_0.password,
        u1_0.phone_number,
        u1_0.photo_url,
        u1_0.role,
        u1_0.status,
        u1_0.updated_at,
        u1_0.user_code 
    from
        users u1_0 
    where
        u1_0.role=? 
        and not(u1_0.is_deleted)
Hibernate: 
    select
        u1_0.id,
        u1_0.bio,
        u1_0.created_at,
        u1_0.is_deleted,
        u1_0.email,
        u1_0.first_name,
        u1_0.last_name,
        u1_0.password,
        u1_0.phone_number,
        u1_0.photo_url,
        u1_0.role,
        u1_0.status,
        u1_0.updated_at,
        u1_0.user_code 
    from
        users u1_0 
    where
        u1_0.email=? 
        and not(u1_0.is_deleted)
Hibernate: 
    select
        aa1_0.id,
        aa1_0.academic_year_id,
        aa1_0.address_line,
        aa1_0.application_number,
        aa1_0.archived,
        aa1_0.city,
        aa1_0.city_of_birth,
        aa1_0.cohort_id,
        aa1_0.country,
        aa1_0.country_of_birth,
        aa1_0.created_at,
        aa1_0.created_by,
        aa1_0.date_of_birth,
        aa1_0.decided_at,
        aa1_0.department,
        aa1_0.email,
        aa1_0.entry_level,
        aa1_0.father_address,
        aa1_0.father_city,
        aa1_0.father_company,
        aa1_0.father_name,
        aa1_0.father_phone,
        aa1_0.father_profession,
        aa1_0.first_name,
        aa1_0.gender,
        aa1_0.last_name,
        aa1_0.middle_name,
        aa1_0.mother_address,
        aa1_0.mother_city,
        aa1_0.mother_company,
        aa1_0.mother_name,
        aa1_0.mother_phone,
        aa1_0.mother_profession,
        aa1_0.motivation_letter,
        aa1_0.national_id_number,
        aa1_0.nationality,
        aa1_0.passport_number,
        aa1_0.phone_number,
        aa1_0.postal_code,
        aa1_0.previous_diploma_title,
        aa1_0.previous_diploma_year,
        aa1_0.previous_school,
        aa1_0.previous_school_city,
        aa1_0.priority,
        aa1_0.program_id,
        aa1_0.rejection_reason,
        aa1_0.review_notes,
        aa1_0.secondary_phone_number,
        aa1_0.status,
        aa1_0.student_id,
        aa1_0.submitted_at,
        aa1_0.updated_at,
        aa1_0.updated_by 
    from
        admission_applications aa1_0 
    where
        aa1_0.status=? 
        and not(aa1_0.archived) 
    order by
        aa1_0.priority desc,
        aa1_0.created_at desc,
        aa1_0.created_at 
    limit
        ?
Hibernate: 
    select
        u1_0.id,
        u1_0.bio,
        u1_0.created_at,
        u1_0.is_deleted,
        u1_0.email,
        u1_0.first_name,
        u1_0.last_name,
        u1_0.password,
        u1_0.phone_number,
        u1_0.photo_url,
        u1_0.role,
        u1_0.status,
        u1_0.updated_at,
        u1_0.user_code 
    from
        users u1_0 
    where
        u1_0.email=? 
        and not(u1_0.is_deleted)
Hibernate: 
    select
        aa1_0.id,
        aa1_0.academic_year_id,
        aa1_0.address_line,
        aa1_0.application_number,
        aa1_0.archived,
        aa1_0.city,
        aa1_0.city_of_birth,
        aa1_0.cohort_id,
        aa1_0.country,
        aa1_0.country_of_birth,
        aa1_0.created_at,
        aa1_0.created_by,
        aa1_0.date_of_birth,
        aa1_0.decided_at,
        aa1_0.department,
        aa1_0.email,
        aa1_0.entry_level,
        aa1_0.father_address,
        aa1_0.father_city,
        aa1_0.father_company,
        aa1_0.father_name,
        aa1_0.father_phone,
        aa1_0.father_profession,
        aa1_0.first_name,
        aa1_0.gender,
        aa1_0.last_name,
        aa1_0.middle_name,
        aa1_0.mother_address,
        aa1_0.mother_city,
        aa1_0.mother_company,
        aa1_0.mother_name,
        aa1_0.mother_phone,
        aa1_0.mother_profession,
        aa1_0.motivation_letter,
        aa1_0.national_id_number,
        aa1_0.nationality,
        aa1_0.passport_number,
        aa1_0.phone_number,
        aa1_0.postal_code,
        aa1_0.previous_diploma_title,
        aa1_0.previous_diploma_year,
        aa1_0.previous_school,
        aa1_0.previous_school_city,
        aa1_0.priority,
        aa1_0.program_id,
        aa1_0.rejection_reason,
        aa1_0.review_notes,
        aa1_0.secondary_phone_number,
        aa1_0.status,
        aa1_0.student_id,
        aa1_0.submitted_at,
        aa1_0.updated_at,
        aa1_0.updated_by 
    from
        admission_applications aa1_0 
    where
        aa1_0.status=? 
        and not(aa1_0.archived) 
    order by
        aa1_0.priority desc,
        aa1_0.created_at desc,
        aa1_0.created_at 
    limit
        ?
Hibernate: 
    select
        p1_0.id,
        p1_0.archived,
        p1_0.code,
        p1_0.created_at,
        p1_0.created_by,
        p1_0.credits_required,
        p1_0.department_name,
        p1_0.description,
        p1_0.duration_in_months,
        p1_0.faculty_name,
        p1_0.level,
        p1_0.name,
        p1_0.status,
        p1_0.updated_at,
        p1_0.updated_by 
    from
        programs p1_0 
    where
        p1_0.id=?
Hibernate: 
    select
        ay1_0.id,
        ay1_0.archived,
        ay1_0.code,
        ay1_0.created_at,
        ay1_0.created_by,
        ay1_0.current_year,
        ay1_0.description,
        ay1_0.end_date,
        ay1_0.name,
        ay1_0.start_date,
        ay1_0.status,
        ay1_0.updated_at,
        ay1_0.updated_by 
    from
        academic_years ay1_0 
    where
        ay1_0.id=?
Hibernate: 
    select
        p1_0.id,
        p1_0.archived,
        p1_0.code,
        p1_0.created_at,
        p1_0.created_by,
        p1_0.credits_required,
        p1_0.department_name,
        p1_0.description,
        p1_0.duration_in_months,
        p1_0.faculty_name,
        p1_0.level,
        p1_0.name,
        p1_0.status,
        p1_0.updated_at,
        p1_0.updated_by 
    from
        programs p1_0 
    where
        p1_0.id=?
Hibernate: 
    select
        u1_0.id,
        u1_0.bio,
        u1_0.created_at,
        u1_0.is_deleted,
        u1_0.email,
        u1_0.first_name,
        u1_0.last_name,
        u1_0.password,
        u1_0.phone_number,
        u1_0.photo_url,
        u1_0.role,
        u1_0.status,
        u1_0.updated_at,
        u1_0.user_code 
    from
        users u1_0 
    where
        u1_0.email=? 
        and not(u1_0.is_deleted)
Hibernate: 
    select
        n1_0.id,
        n1_0.created_at,
        n1_0.is_read,
        n1_0.message,
        n1_0.title,
        n1_0.notification_type,
        n1_0.user_id 
    from
        notifications n1_0 
    where
        n1_0.user_id=? 
    order by
        n1_0.created_at desc 
    limit
        ?
Hibernate: 
    select
        u1_0.id,
        u1_0.bio,
        u1_0.created_at,
        u1_0.is_deleted,
        u1_0.email,
        u1_0.first_name,
        u1_0.last_name,
        u1_0.password,
        u1_0.phone_number,
        u1_0.photo_url,
        u1_0.role,
        u1_0.status,
        u1_0.updated_at,
        u1_0.user_code 
    from
        users u1_0 
    where
        u1_0.email=? 
        and not(u1_0.is_deleted)
Hibernate: 
    select
        u1_0.id,
        u1_0.bio,
        u1_0.created_at,
        u1_0.is_deleted,
        u1_0.email,
        u1_0.first_name,
        u1_0.last_name,
        u1_0.password,
        u1_0.phone_number,
        u1_0.photo_url,
        u1_0.role,
        u1_0.status,
        u1_0.updated_at,
        u1_0.user_code 
    from
        users u1_0 
    where
        u1_0.email=? 
        and not(u1_0.is_deleted)
Hibernate: 
    select
        count(m1_0.id) 
    from
        messages m1_0 
    where
        m1_0.recipient_id=? 
        and not(m1_0.is_read) 
        and not(m1_0.archived)
Hibernate: 
    select
        count(n1_0.id) 
    from
        notifications n1_0 
    where
        n1_0.user_id=? 
        and not(n1_0.is_read)
Hibernate: 
    select
        u1_0.id,
        u1_0.bio,
        u1_0.created_at,
        u1_0.is_deleted,
        u1_0.email,
        u1_0.first_name,
        u1_0.last_name,
        u1_0.password,
        u1_0.phone_number,
        u1_0.photo_url,
        u1_0.role,
        u1_0.status,
        u1_0.updated_at,
        u1_0.user_code 
    from
        users u1_0 
    where
        u1_0.email=? 
        and not(u1_0.is_deleted)
2026-04-14T16:06:09.657+01:00  WARN 10697 --- [backend] [io-8080-exec-10] .m.m.a.ExceptionHandlerExceptionResolver : Resolved [org.springframework.web.bind.MethodArgumentNotValidException: Validation failed for argument [0] in public com.mydbs.backend.common.response.ApiResponse<com.mydbs.backend.course.dto.CourseResponse> com.mydbs.backend.course.controller.CourseController.create(com.mydbs.backend.course.dto.CourseCreateRequest): [Field error in object 'courseCreateRequest' on field 'code': rejected value [null]; codes [NotBlank.courseCreateRequest.code,NotBlank.code,NotBlank.java.lang.String,NotBlank]; arguments [org.springframework.context.support.DefaultMessageSourceResolvable: codes [courseCreateRequest.code,code]; arguments []; default message [code]]; default message [Le code est obligatoire]] ]
Hibernate: 
    select
        u1_0.id,
        u1_0.bio,
        u1_0.created_at,
        u1_0.is_deleted,
        u1_0.email,
        u1_0.first_name,
        u1_0.last_name,
        u1_0.password,
        u1_0.phone_number,
        u1_0.photo_url,
        u1_0.role,
        u1_0.status,
        u1_0.updated_at,
        u1_0.user_code 
    from
        users u1_0 
    where
        u1_0.email=? 
        and not(u1_0.is_deleted)
Hibernate: 
    select
        ay1_0.id,
        ay1_0.archived,
        ay1_0.code,
        ay1_0.created_at,
        ay1_0.created_by,
        ay1_0.current_year,
        ay1_0.description,
        ay1_0.end_date,
        ay1_0.name,
        ay1_0.start_date,
        ay1_0.status,
        ay1_0.updated_at,
        ay1_0.updated_by 
    from
        academic_years ay1_0 
    where
        not(ay1_0.archived) 
    order by
        ay1_0.start_date desc
Hibernate: 
    select
        u1_0.id,
        u1_0.bio,
        u1_0.created_at,
        u1_0.is_deleted,
        u1_0.email,
        u1_0.first_name,
        u1_0.last_name,
        u1_0.password,
        u1_0.phone_number,
        u1_0.photo_url,
        u1_0.role,
        u1_0.status,
        u1_0.updated_at,
        u1_0.user_code 
    from
        users u1_0 
    where
        u1_0.email=? 
        and not(u1_0.is_deleted)
Hibernate: 
    select
        c1_0.id,
        c1_0.academic_year_id,
        c1_0.archived,
        c1_0.class_id,
        c1_0.code,
        c1_0.course_sheet,
        c1_0.created_at,
        c1_0.created_by,
        c1_0.credits,
        c1_0.current_version_number,
        c1_0.description,
        c1_0.instructor_user_id,
        c1_0.objectives,
        c1_0.prerequisites,
        c1_0.program_id,
        c1_0.published,
        c1_0.semester,
        c1_0.status,
        c1_0.syllabus,
        c1_0.teaching_unit_id,
        c1_0.title,
        c1_0.total_hours,
        c1_0.updated_at,
        c1_0.updated_by,
        c1_0.visibility 
    from
        courses c1_0 
    where
        not(c1_0.archived) 
    order by
        c1_0.title
Hibernate: 
    select
        u1_0.id,
        u1_0.bio,
        u1_0.created_at,
        u1_0.is_deleted,
        u1_0.email,
        u1_0.first_name,
        u1_0.last_name,
        u1_0.password,
        u1_0.phone_number,
        u1_0.photo_url,
        u1_0.role,
        u1_0.status,
        u1_0.updated_at,
        u1_0.user_code 
    from
        users u1_0 
    where
        u1_0.email=? 
        and not(u1_0.is_deleted)
Hibernate: 
    select
        p1_0.id,
        p1_0.archived,
        p1_0.code,
        p1_0.created_at,
        p1_0.created_by,
        p1_0.credits_required,
        p1_0.department_name,
        p1_0.description,
        p1_0.duration_in_months,
        p1_0.faculty_name,
        p1_0.level,
        p1_0.name,
        p1_0.status,
        p1_0.updated_at,
        p1_0.updated_by 
    from
        programs p1_0 
    where
        not(p1_0.archived) 
    order by
        p1_0.name
Hibernate: 
    select
        u1_0.id,
        u1_0.bio,
        u1_0.created_at,
        u1_0.is_deleted,
        u1_0.email,
        u1_0.first_name,
        u1_0.last_name,
        u1_0.password,
        u1_0.phone_number,
        u1_0.photo_url,
        u1_0.role,
        u1_0.status,
        u1_0.updated_at,
        u1_0.user_code 
    from
        users u1_0 
    where
        u1_0.email=? 
        and not(u1_0.is_deleted)
Hibernate: 
    select
        n1_0.id,
        n1_0.created_at,
        n1_0.is_read,
        n1_0.message,
        n1_0.title,
        n1_0.notification_type,
        n1_0.user_id 
    from
        notifications n1_0 
    where
        n1_0.user_id=? 
    order by
        n1_0.created_at desc 
    limit
        ?
Hibernate: 
    select
        u1_0.id,
        u1_0.bio,
        u1_0.created_at,
        u1_0.is_deleted,
        u1_0.email,
        u1_0.first_name,
        u1_0.last_name,
        u1_0.password,
        u1_0.phone_number,
        u1_0.photo_url,
        u1_0.role,
        u1_0.status,
        u1_0.updated_at,
        u1_0.user_code 
    from
        users u1_0 
    where
        u1_0.email=? 
        and not(u1_0.is_deleted)
Hibernate: 
    select
        u1_0.id,
        u1_0.bio,
        u1_0.created_at,
        u1_0.is_deleted,
        u1_0.email,
        u1_0.first_name,
        u1_0.last_name,
        u1_0.password,
        u1_0.phone_number,
        u1_0.photo_url,
        u1_0.role,
        u1_0.status,
        u1_0.updated_at,
        u1_0.user_code 
    from
        users u1_0 
    where
        u1_0.email=? 
        and not(u1_0.is_deleted)
Hibernate: 
    select
        count(n1_0.id) 
    from
        notifications n1_0 
    where
        n1_0.user_id=? 
        and not(n1_0.is_read)
Hibernate: 
    select
        count(m1_0.id) 
    from
        messages m1_0 
    where
        m1_0.recipient_id=? 
        and not(m1_0.is_read) 
        and not(m1_0.archived)
Hibernate: 
    select
        u1_0.id,
        u1_0.bio,
        u1_0.created_at,
        u1_0.is_deleted,
        u1_0.email,
        u1_0.first_name,
        u1_0.last_name,
        u1_0.password,
        u1_0.phone_number,
        u1_0.photo_url,
        u1_0.role,
        u1_0.status,
        u1_0.updated_at,
        u1_0.user_code 
    from
        users u1_0 
    where
        u1_0.email=? 
        and not(u1_0.is_deleted)
Hibernate: 
    select
        u1_0.id,
        u1_0.bio,
        u1_0.created_at,
        u1_0.is_deleted,
        u1_0.email,
        u1_0.first_name,
        u1_0.last_name,
        u1_0.password,
        u1_0.phone_number,
        u1_0.photo_url,
        u1_0.role,
        u1_0.status,
        u1_0.updated_at,
        u1_0.user_code 
    from
        users u1_0 
    where
        u1_0.email=? 
        and not(u1_0.is_deleted)
Hibernate: 
    select
        u1_0.id,
        u1_0.bio,
        u1_0.created_at,
        u1_0.is_deleted,
        u1_0.email,
        u1_0.first_name,
        u1_0.last_name,
        u1_0.password,
        u1_0.phone_number,
        u1_0.photo_url,
        u1_0.role,
        u1_0.status,
        u1_0.updated_at,
        u1_0.user_code 
    from
        users u1_0 
    where
        u1_0.email=? 
        and not(u1_0.is_deleted)
Hibernate: 
    select
        count(m1_0.id) 
    from
        messages m1_0 
    where
        m1_0.recipient_id=? 
        and not(m1_0.is_read) 
        and not(m1_0.archived)
Hibernate: 
    select
        n1_0.id,
        n1_0.created_at,
        n1_0.is_read,
        n1_0.message,
        n1_0.title,
        n1_0.notification_type,
        n1_0.user_id 
    from
        notifications n1_0 
    where
        n1_0.user_id=? 
    order by
        n1_0.created_at desc 
    limit
        ?
Hibernate: 
    select
        count(n1_0.id) 
    from
        notifications n1_0 
    where
        n1_0.user_id=? 
        and not(n1_0.is_read)
Hibernate: 
    select
        u1_0.id,
        u1_0.bio,
        u1_0.created_at,
        u1_0.is_deleted,
        u1_0.email,
        u1_0.first_name,
        u1_0.last_name,
        u1_0.password,
        u1_0.phone_number,
        u1_0.photo_url,
        u1_0.role,
        u1_0.status,
        u1_0.updated_at,
        u1_0.user_code 
    from
        users u1_0 
    where
        u1_0.email=? 
        and not(u1_0.is_deleted)
Hibernate: 
    select
        u1_0.id,
        u1_0.bio,
        u1_0.created_at,
        u1_0.is_deleted,
        u1_0.email,
        u1_0.first_name,
        u1_0.last_name,
        u1_0.password,
        u1_0.phone_number,
        u1_0.photo_url,
        u1_0.role,
        u1_0.status,
        u1_0.updated_at,
        u1_0.user_code 
    from
        users u1_0 
    where
        u1_0.email=? 
        and not(u1_0.is_deleted)
Hibernate: 
    select
        u1_0.id,
        u1_0.bio,
        u1_0.created_at,
        u1_0.is_deleted,
        u1_0.email,
        u1_0.first_name,
        u1_0.last_name,
        u1_0.password,
        u1_0.phone_number,
        u1_0.photo_url,
        u1_0.role,
        u1_0.status,
        u1_0.updated_at,
        u1_0.user_code 
    from
        users u1_0 
    where
        u1_0.email=? 
        and not(u1_0.is_deleted)
Hibernate: 
    select
        count(m1_0.id) 
    from
        messages m1_0 
    where
        m1_0.recipient_id=? 
        and not(m1_0.is_read) 
        and not(m1_0.archived)
Hibernate: 
    select
        count(n1_0.id) 
    from
        notifications n1_0 
    where
        n1_0.user_id=? 
        and not(n1_0.is_read)
Hibernate: 
    select
        n1_0.id,
        n1_0.created_at,
        n1_0.is_read,
        n1_0.message,
        n1_0.title,
        n1_0.notification_type,
        n1_0.user_id 
    from
        notifications n1_0 
    where
        n1_0.user_id=? 
    order by
        n1_0.created_at desc 
    limit
        ?
Hibernate: 
    select
        u1_0.id,
        u1_0.bio,
        u1_0.created_at,
        u1_0.is_deleted,
        u1_0.email,
        u1_0.first_name,
        u1_0.last_name,
        u1_0.password,
        u1_0.phone_number,
        u1_0.photo_url,
        u1_0.role,
        u1_0.status,
        u1_0.updated_at,
        u1_0.user_code 
    from
        users u1_0 
    where
        u1_0.email=? 
        and not(u1_0.is_deleted)
2026-04-14T16:08:57.979+01:00  INFO 10697 --- [backend] [io-8080-exec-10] c.m.b.n.sse.SseEmitterRegistry           : SSE connexion ouverte pour userId=1
Hibernate: 
    select
        u1_0.id,
        u1_0.bio,
        u1_0.created_at,
        u1_0.is_deleted,
        u1_0.email,
        u1_0.first_name,
        u1_0.last_name,
        u1_0.password,
        u1_0.phone_number,
        u1_0.photo_url,
        u1_0.role,
        u1_0.status,
        u1_0.updated_at,
        u1_0.user_code 
    from
        users u1_0 
    where
        u1_0.email=? 
        and not(u1_0.is_deleted)
Hibernate: 
    select
        u1_0.id,
        u1_0.bio,
        u1_0.created_at,
        u1_0.is_deleted,
        u1_0.email,
        u1_0.first_name,
        u1_0.last_name,
        u1_0.password,
        u1_0.phone_number,
        u1_0.photo_url,
        u1_0.role,
        u1_0.status,
        u1_0.updated_at,
        u1_0.user_code 
    from
        users u1_0 
    where
        u1_0.email=? 
        and not(u1_0.is_deleted)
Hibernate: 
    select
        u1_0.id,
        u1_0.bio,
        u1_0.created_at,
        u1_0.is_deleted,
        u1_0.email,
        u1_0.first_name,
        u1_0.last_name,
        u1_0.password,
        u1_0.phone_number,
        u1_0.photo_url,
        u1_0.role,
        u1_0.status,
        u1_0.updated_at,
        u1_0.user_code 
    from
        users u1_0 
    where
        u1_0.email=? 
        and not(u1_0.is_deleted)
Hibernate: 
    select
        count(m1_0.id) 
    from
        messages m1_0 
    where
        m1_0.recipient_id=? 
        and not(m1_0.is_read) 
        and not(m1_0.archived)
Hibernate: 
    select
        count(n1_0.id) 
    from
        notifications n1_0 
    where
        n1_0.user_id=? 
        and not(n1_0.is_read)
Hibernate: 
    select
        n1_0.id,
        n1_0.created_at,
        n1_0.is_read,
        n1_0.message,
        n1_0.title,
        n1_0.notification_type,
        n1_0.user_id 
    from
        notifications n1_0 
    where
        n1_0.user_id=? 
    order by
        n1_0.created_at desc 
    limit
        ?
Hibernate: 
    select
        u1_0.id,
        u1_0.bio,
        u1_0.created_at,
        u1_0.is_deleted,
        u1_0.email,
        u1_0.first_name,
        u1_0.last_name,
        u1_0.password,
        u1_0.phone_number,
        u1_0.photo_url,
        u1_0.role,
        u1_0.status,
        u1_0.updated_at,
        u1_0.user_code 
    from
        users u1_0 
    where
        u1_0.email=? 
        and not(u1_0.is_deleted)
Hibernate: 
    select
        u1_0.id,
        u1_0.bio,
        u1_0.created_at,
        u1_0.is_deleted,
        u1_0.email,
        u1_0.first_name,
        u1_0.last_name,
        u1_0.password,
        u1_0.phone_number,
        u1_0.photo_url,
        u1_0.role,
        u1_0.status,
        u1_0.updated_at,
        u1_0.user_code 
    from
        users u1_0 
    where
        u1_0.email=? 
        and not(u1_0.is_deleted)
Hibernate: 
    select
        u1_0.id,
        u1_0.bio,
        u1_0.created_at,
        u1_0.is_deleted,
        u1_0.email,
        u1_0.first_name,
        u1_0.last_name,
        u1_0.password,
        u1_0.phone_number,
        u1_0.photo_url,
        u1_0.role,
        u1_0.status,
        u1_0.updated_at,
        u1_0.user_code 
    from
        users u1_0 
    where
        u1_0.email=? 
        and not(u1_0.is_deleted)
Hibernate: 
    select
        count(n1_0.id) 
    from
        notifications n1_0 
    where
        n1_0.user_id=? 
        and not(n1_0.is_read)
Hibernate: 
    select
        count(m1_0.id) 
    from
        messages m1_0 
    where
        m1_0.recipient_id=? 
        and not(m1_0.is_read) 
        and not(m1_0.archived)
Hibernate: 
    select
        n1_0.id,
        n1_0.created_at,
        n1_0.is_read,
        n1_0.message,
        n1_0.title,
        n1_0.notification_type,
        n1_0.user_id 
    from
        notifications n1_0 
    where
        n1_0.user_id=? 
    order by
        n1_0.created_at desc 
    limit
        ?
Hibernate: 
    select
        u1_0.id,
        u1_0.bio,
        u1_0.created_at,
        u1_0.is_deleted,
        u1_0.email,
        u1_0.first_name,
        u1_0.last_name,
        u1_0.password,
        u1_0.phone_number,
        u1_0.photo_url,
        u1_0.role,
        u1_0.status,
        u1_0.updated_at,
        u1_0.user_code 
    from
        users u1_0 
    where
        u1_0.email=? 
        and not(u1_0.is_deleted)
Hibernate: 
    select
        u1_0.id,
        u1_0.bio,
        u1_0.created_at,
        u1_0.is_deleted,
        u1_0.email,
        u1_0.first_name,
        u1_0.last_name,
        u1_0.password,
        u1_0.phone_number,
        u1_0.photo_url,
        u1_0.role,
        u1_0.status,
        u1_0.updated_at,
        u1_0.user_code 
    from
        users u1_0 
    where
        u1_0.email=? 
        and not(u1_0.is_deleted)
Hibernate: 
    select
        u1_0.id,
        u1_0.bio,
        u1_0.created_at,
        u1_0.is_deleted,
        u1_0.email,
        u1_0.first_name,
        u1_0.last_name,
        u1_0.password,
        u1_0.phone_number,
        u1_0.photo_url,
        u1_0.role,
        u1_0.status,
        u1_0.updated_at,
        u1_0.user_code 
    from
        users u1_0 
    where
        u1_0.email=? 
        and not(u1_0.is_deleted)
Hibernate: 
    select
        count(n1_0.id) 
    from
        notifications n1_0 
    where
        n1_0.user_id=? 
        and not(n1_0.is_read)
Hibernate: 
    select
        n1_0.id,
        n1_0.created_at,
        n1_0.is_read,
        n1_0.message,
        n1_0.title,
        n1_0.notification_type,
        n1_0.user_id 
    from
        notifications n1_0 
    where
        n1_0.user_id=? 
    order by
        n1_0.created_at desc 
    limit
        ?
Hibernate: 
    select
        count(m1_0.id) 
    from
        messages m1_0 
    where
        m1_0.recipient_id=? 
        and not(m1_0.is_read) 
        and not(m1_0.archived)
Hibernate: 
    select
        u1_0.id,
        u1_0.bio,
        u1_0.created_at,
        u1_0.is_deleted,
        u1_0.email,
        u1_0.first_name,
        u1_0.last_name,
        u1_0.password,
        u1_0.phone_number,
        u1_0.photo_url,
        u1_0.role,
        u1_0.status,
        u1_0.updated_at,
        u1_0.user_code 
    from
        users u1_0 
    where
        u1_0.email=? 
        and not(u1_0.is_deleted)
Hibernate: 
    select
        u1_0.id,
        u1_0.bio,
        u1_0.created_at,
        u1_0.is_deleted,
        u1_0.email,
        u1_0.first_name,
        u1_0.last_name,
        u1_0.password,
        u1_0.phone_number,
        u1_0.photo_url,
        u1_0.role,
        u1_0.status,
        u1_0.updated_at,
        u1_0.user_code 
    from
        users u1_0 
    where
        u1_0.email=? 
        and not(u1_0.is_deleted)
Hibernate: 
    select
        u1_0.id,
        u1_0.bio,
        u1_0.created_at,
        u1_0.is_deleted,
        u1_0.email,
        u1_0.first_name,
        u1_0.last_name,
        u1_0.password,
        u1_0.phone_number,
        u1_0.photo_url,
        u1_0.role,
        u1_0.status,
        u1_0.updated_at,
        u1_0.user_code 
    from
        users u1_0 
    where
        u1_0.email=? 
        and not(u1_0.is_deleted)
Hibernate: 
    select
        count(n1_0.id) 
    from
        notifications n1_0 
    where
        n1_0.user_id=? 
        and not(n1_0.is_read)
Hibernate: 
    select
        n1_0.id,
        n1_0.created_at,
        n1_0.is_read,
        n1_0.message,
        n1_0.title,
        n1_0.notification_type,
        n1_0.user_id 
    from
        notifications n1_0 
    where
        n1_0.user_id=? 
    order by
        n1_0.created_at desc 
    limit
        ?
Hibernate: 
    select
        count(m1_0.id) 
    from
        messages m1_0 
    where
        m1_0.recipient_id=? 
        and not(m1_0.is_read) 
        and not(m1_0.archived)
2026-04-14T16:13:49.674+01:00  INFO 10697 --- [backend] [   File Watcher] rtingClassPathChangeChangedEventListener : Restarting due to 2 class path changes (0 additions, 1 deletion, 1 modification)
2026-04-14T16:13:49.687+01:00  INFO 10697 --- [backend] [       Thread-7] o.s.b.w.e.tomcat.GracefulShutdown        : Commencing graceful shutdown. Waiting for active requests to complete
2026-04-14T16:14:19.698+01:00  INFO 10697 --- [backend] [       Thread-7] o.s.c.support.DefaultLifecycleProcessor  : Shutdown phase 2147482623 ends with 1 bean still running after timeout of 30000ms: [webServerGracefulShutdown]
2026-04-14T16:14:19.715+01:00  INFO 10697 --- [backend] [       Thread-7] j.LocalContainerEntityManagerFactoryBean : Closing JPA EntityManagerFactory for persistence unit 'default'
2026-04-14T16:14:19.721+01:00  INFO 10697 --- [backend] [       Thread-7] com.zaxxer.hikari.HikariDataSource       : HikariPool-2 - Shutdown initiated...
2026-04-14T16:14:19.721+01:00  INFO 10697 --- [backend] [tomcat-shutdown] o.s.b.w.e.tomcat.GracefulShutdown        : Graceful shutdown aborted with one or more requests still active
2026-04-14T16:14:19.727+01:00  INFO 10697 --- [backend] [       Thread-7] com.zaxxer.hikari.HikariDataSource       : HikariPool-2 - Shutdown completed.

  .   ____          _            __ _ _
 /\\ / ___'_ __ _ _(_)_ __  __ _ \ \ \ \
( ( )\___ | '_ | '_| | '_ \/ _` | \ \ \ \
 \\/  ___)| |_)| | | | | || (_| |  ) ) ) )
  '  |____| .__|_| |_|_| |_\__, | / / / /
 =========|_|==============|___/=/_/_/_/

 :: Spring Boot ::                (v3.4.1)

2026-04-14T16:14:22.134+01:00  INFO 10697 --- [backend] [  restartedMain] com.mydbs.backend.BackendApplication     : Starting BackendApplication using Java 25.0.2 with PID 10697 (/Volumes/Lenovo PS8/DBS/my-dbs-master/my-school-main (2)/backend/target/classes started by JEaLiFe in /Volumes/Lenovo PS8/DBS/my-dbs-master/my-school-main (2)/backend)
2026-04-14T16:14:22.135+01:00  INFO 10697 --- [backend] [  restartedMain] com.mydbs.backend.BackendApplication     : The following 1 profile is active: "local"
2026-04-14T16:14:23.059+01:00  INFO 10697 --- [backend] [  restartedMain] .s.d.r.c.RepositoryConfigurationDelegate : Bootstrapping Spring Data JPA repositories in DEFAULT mode.
2026-04-14T16:14:23.351+01:00  INFO 10697 --- [backend] [  restartedMain] .s.d.r.c.RepositoryConfigurationDelegate : Finished Spring Data repository scanning in 291 ms. Found 65 JPA repository interfaces.
2026-04-14T16:14:23.608+01:00  INFO 10697 --- [backend] [  restartedMain] o.s.b.w.embedded.tomcat.TomcatWebServer  : Tomcat initialized with port 8080 (http)
2026-04-14T16:14:23.611+01:00  INFO 10697 --- [backend] [  restartedMain] o.apache.catalina.core.StandardService   : Starting service [Tomcat]
2026-04-14T16:14:23.611+01:00  INFO 10697 --- [backend] [  restartedMain] o.apache.catalina.core.StandardEngine    : Starting Servlet engine: [Apache Tomcat/10.1.34]
2026-04-14T16:14:23.633+01:00  INFO 10697 --- [backend] [  restartedMain] o.a.c.c.C.[Tomcat].[localhost].[/]       : Initializing Spring embedded WebApplicationContext
2026-04-14T16:14:23.634+01:00  INFO 10697 --- [backend] [  restartedMain] w.s.c.ServletWebServerApplicationContext : Root WebApplicationContext: initialization completed in 1496 ms
2026-04-14T16:14:23.893+01:00  INFO 10697 --- [backend] [  restartedMain] com.zaxxer.hikari.HikariDataSource       : HikariPool-3 - Starting...
2026-04-14T16:14:23.898+01:00  INFO 10697 --- [backend] [  restartedMain] com.zaxxer.hikari.pool.HikariPool        : HikariPool-3 - Added connection com.mysql.cj.jdbc.ConnectionImpl@14fe025a
2026-04-14T16:14:23.898+01:00  INFO 10697 --- [backend] [  restartedMain] com.zaxxer.hikari.HikariDataSource       : HikariPool-3 - Start completed.
2026-04-14T16:14:23.900+01:00  INFO 10697 --- [backend] [  restartedMain] o.f.c.i.resource.ResourceNameValidator   : 28 SQL migrations were detected but not run because they did not follow the filename convention.
2026-04-14T16:14:23.901+01:00  INFO 10697 --- [backend] [  restartedMain] o.f.c.i.resource.ResourceNameValidator   : Set 'validateMigrationNaming' to true to fail fast and see a list of the invalid file names.
2026-04-14T16:14:23.905+01:00  INFO 10697 --- [backend] [  restartedMain] org.flywaydb.core.FlywayExecutor         : Database: jdbc:mysql://localhost:3306/mydbs_dbb?createDatabaseIfNotExist=true&useSSL=false&serverTimezone=UTC (MySQL 12.2)
2026-04-14T16:14:23.910+01:00  WARN 10697 --- [backend] [  restartedMain] o.f.c.internal.database.base.Database    : Flyway upgrade recommended: MariaDB 12.2 is newer than this version of Flyway and support has not been tested. The latest supported version of MariaDB is 11.2.
2026-04-14T16:14:23.947+01:00  INFO 10697 --- [backend] [  restartedMain] o.f.core.internal.command.DbValidate     : Successfully validated 28 migrations (execution time 00:00.034s)
2026-04-14T16:14:23.955+01:00  INFO 10697 --- [backend] [  restartedMain] o.f.core.internal.command.DbMigrate      : Current version of schema `mydbs_dbb`: 1.0.27
2026-04-14T16:14:23.955+01:00  INFO 10697 --- [backend] [  restartedMain] o.f.core.internal.command.DbMigrate      : Schema `mydbs_dbb` is up to date. No migration necessary.
2026-04-14T16:14:24.138+01:00  INFO 10697 --- [backend] [  restartedMain] o.hibernate.jpa.internal.util.LogHelper  : HHH000204: Processing PersistenceUnitInfo [name: default]
2026-04-14T16:14:24.142+01:00  INFO 10697 --- [backend] [  restartedMain] o.h.c.internal.RegionFactoryInitiator    : HHH000026: Second-level cache disabled
2026-04-14T16:14:24.159+01:00  INFO 10697 --- [backend] [  restartedMain] o.s.o.j.p.SpringPersistenceUnitInfo      : No LoadTimeWeaver setup: ignoring JPA class transformer
2026-04-14T16:14:24.162+01:00  WARN 10697 --- [backend] [  restartedMain] o.h.e.j.e.i.JdbcEnvironmentInitiator     : HHH000339: Could not obtain connection metadata: java.sql.SQLSyntaxErrorException: Unknown column 'RESERVED' in 'WHERE'
2026-04-14T16:14:24.162+01:00  WARN 10697 --- [backend] [  restartedMain] org.hibernate.orm.deprecation            : HHH90000025: MySQLDialect does not need to be specified explicitly using 'hibernate.dialect' (remove the property setting and it will be selected by default)
2026-04-14T16:14:24.163+01:00  INFO 10697 --- [backend] [  restartedMain] org.hibernate.orm.connections.pooling    : HHH10001005: Database info:
	Database JDBC URL [Connecting through datasource 'HikariDataSource (HikariPool-3)']
	Database driver: undefined/unknown
	Database version: 8.0
	Autocommit mode: undefined/unknown
	Isolation level: undefined/unknown
	Minimum pool size: undefined/unknown
	Maximum pool size: undefined/unknown
2026-04-14T16:14:25.126+01:00  INFO 10697 --- [backend] [  restartedMain] o.h.e.t.j.p.i.JtaPlatformInitiator       : HHH000489: No JTA platform available (set 'hibernate.transaction.jta.platform' to enable JTA platform integration)
2026-04-14T16:14:25.309+01:00  INFO 10697 --- [backend] [  restartedMain] j.LocalContainerEntityManagerFactoryBean : Initialized JPA EntityManagerFactory for persistence unit 'default'
2026-04-14T16:14:26.065+01:00  INFO 10697 --- [backend] [  restartedMain] eAuthenticationProviderManagerConfigurer : Global AuthenticationManager configured with AuthenticationProvider bean with name authenticationProvider
2026-04-14T16:14:26.066+01:00  WARN 10697 --- [backend] [  restartedMain] r$InitializeUserDetailsManagerConfigurer : Global AuthenticationManager configured with an AuthenticationProvider bean. UserDetailsService beans will not be used by Spring Security for automatically configuring username/password login. Consider removing the AuthenticationProvider bean. Alternatively, consider using the UserDetailsService in a manually instantiated DaoAuthenticationProvider. If the current configuration is intentional, to turn off this warning, increase the logging level of 'org.springframework.security.config.annotation.authentication.configuration.InitializeUserDetailsBeanManagerConfigurer' to ERROR
2026-04-14T16:14:27.998+01:00  INFO 10697 --- [backend] [  restartedMain] o.s.b.a.e.web.EndpointLinksResolver      : Exposing 3 endpoints beneath base path '/actuator'
2026-04-14T16:14:28.605+01:00  INFO 10697 --- [backend] [  restartedMain] o.s.b.d.a.OptionalLiveReloadServer       : LiveReload server is running on port 35729
2026-04-14T16:14:28.640+01:00  INFO 10697 --- [backend] [  restartedMain] o.s.b.w.embedded.tomcat.TomcatWebServer  : Tomcat started on port 8080 (http) with context path '/'
2026-04-14T16:14:28.652+01:00  INFO 10697 --- [backend] [  restartedMain] com.mydbs.backend.BackendApplication     : Started BackendApplication in 6.567 seconds (process running for 3746.749)
Hibernate: 
    select
        u1_0.id,
        u1_0.bio,
        u1_0.created_at,
        u1_0.is_deleted,
        u1_0.email,
        u1_0.first_name,
        u1_0.last_name,
        u1_0.password,
        u1_0.phone_number,
        u1_0.photo_url,
        u1_0.role,
        u1_0.status,
        u1_0.updated_at,
        u1_0.user_code 
    from
        users u1_0 
    where
        u1_0.email=?
Hibernate: 
    select
        u1_0.id,
        u1_0.bio,
        u1_0.created_at,
        u1_0.is_deleted,
        u1_0.email,
        u1_0.first_name,
        u1_0.last_name,
        u1_0.password,
        u1_0.phone_number,
        u1_0.photo_url,
        u1_0.role,
        u1_0.status,
        u1_0.updated_at,
        u1_0.user_code 
    from
        users u1_0 
    where
        u1_0.id=?
Hibernate: 
    update
        users 
    set
        bio=?,
        is_deleted=?,
        email=?,
        first_name=?,
        last_name=?,
        password=?,
        phone_number=?,
        photo_url=?,
        role=?,
        status=?,
        updated_at=?,
        user_code=? 
    where
        id=?
2026-04-14T16:14:28.780+01:00  INFO 10697 --- [backend] [  restartedMain] .ConditionEvaluationDeltaLoggingListener : Condition evaluation unchanged
2026-04-14T16:14:30.185+01:00  INFO 10697 --- [backend] [   File Watcher] rtingClassPathChangeChangedEventListener : Restarting due to 3 class path changes (0 additions, 1 deletion, 2 modifications)
2026-04-14T16:14:30.189+01:00  INFO 10697 --- [backend] [      Thread-11] o.s.b.w.e.tomcat.GracefulShutdown        : Commencing graceful shutdown. Waiting for active requests to complete
2026-04-14T16:14:30.193+01:00  INFO 10697 --- [backend] [tomcat-shutdown] o.s.b.w.e.tomcat.GracefulShutdown        : Graceful shutdown complete
2026-04-14T16:14:30.203+01:00  INFO 10697 --- [backend] [      Thread-11] j.LocalContainerEntityManagerFactoryBean : Closing JPA EntityManagerFactory for persistence unit 'default'
2026-04-14T16:14:30.205+01:00  INFO 10697 --- [backend] [      Thread-11] com.zaxxer.hikari.HikariDataSource       : HikariPool-3 - Shutdown initiated...
2026-04-14T16:14:30.207+01:00  INFO 10697 --- [backend] [      Thread-11] com.zaxxer.hikari.HikariDataSource       : HikariPool-3 - Shutdown completed.

  .   ____          _            __ _ _
 /\\ / ___'_ __ _ _(_)_ __  __ _ \ \ \ \
( ( )\___ | '_ | '_| | '_ \/ _` | \ \ \ \
 \\/  ___)| |_)| | | | | || (_| |  ) ) ) )
  '  |____| .__|_| |_|_| |_\__, | / / / /
 =========|_|==============|___/=/_/_/_/

 :: Spring Boot ::                (v3.4.1)

2026-04-14T16:14:30.326+01:00  INFO 10697 --- [backend] [  restartedMain] com.mydbs.backend.BackendApplication     : Starting BackendApplication using Java 25.0.2 with PID 10697 (/Volumes/Lenovo PS8/DBS/my-dbs-master/my-school-main (2)/backend/target/classes started by JEaLiFe in /Volumes/Lenovo PS8/DBS/my-dbs-master/my-school-main (2)/backend)
2026-04-14T16:14:30.326+01:00  INFO 10697 --- [backend] [  restartedMain] com.mydbs.backend.BackendApplication     : The following 1 profile is active: "local"
2026-04-14T16:14:30.757+01:00  INFO 10697 --- [backend] [  restartedMain] .s.d.r.c.RepositoryConfigurationDelegate : Bootstrapping Spring Data JPA repositories in DEFAULT mode.
2026-04-14T16:14:31.302+01:00  INFO 10697 --- [backend] [  restartedMain] .s.d.r.c.RepositoryConfigurationDelegate : Finished Spring Data repository scanning in 543 ms. Found 65 JPA repository interfaces.
2026-04-14T16:14:31.595+01:00  INFO 10697 --- [backend] [  restartedMain] o.s.b.w.embedded.tomcat.TomcatWebServer  : Tomcat initialized with port 8080 (http)
2026-04-14T16:14:31.596+01:00  INFO 10697 --- [backend] [  restartedMain] o.apache.catalina.core.StandardService   : Starting service [Tomcat]
2026-04-14T16:14:31.596+01:00  INFO 10697 --- [backend] [  restartedMain] o.apache.catalina.core.StandardEngine    : Starting Servlet engine: [Apache Tomcat/10.1.34]
2026-04-14T16:14:31.609+01:00  INFO 10697 --- [backend] [  restartedMain] o.a.c.c.C.[Tomcat].[localhost].[/]       : Initializing Spring embedded WebApplicationContext
2026-04-14T16:14:31.610+01:00  INFO 10697 --- [backend] [  restartedMain] w.s.c.ServletWebServerApplicationContext : Root WebApplicationContext: initialization completed in 1281 ms
2026-04-14T16:14:31.766+01:00  INFO 10697 --- [backend] [  restartedMain] com.zaxxer.hikari.HikariDataSource       : HikariPool-4 - Starting...
2026-04-14T16:14:31.770+01:00  INFO 10697 --- [backend] [  restartedMain] com.zaxxer.hikari.pool.HikariPool        : HikariPool-4 - Added connection com.mysql.cj.jdbc.ConnectionImpl@2a384b7e
2026-04-14T16:14:31.771+01:00  INFO 10697 --- [backend] [  restartedMain] com.zaxxer.hikari.HikariDataSource       : HikariPool-4 - Start completed.
2026-04-14T16:14:31.772+01:00  INFO 10697 --- [backend] [  restartedMain] o.f.c.i.resource.ResourceNameValidator   : 28 SQL migrations were detected but not run because they did not follow the filename convention.
2026-04-14T16:14:31.772+01:00  INFO 10697 --- [backend] [  restartedMain] o.f.c.i.resource.ResourceNameValidator   : Set 'validateMigrationNaming' to true to fail fast and see a list of the invalid file names.
2026-04-14T16:14:31.775+01:00  INFO 10697 --- [backend] [  restartedMain] org.flywaydb.core.FlywayExecutor         : Database: jdbc:mysql://localhost:3306/mydbs_dbb?createDatabaseIfNotExist=true&useSSL=false&serverTimezone=UTC (MySQL 12.2)
2026-04-14T16:14:31.777+01:00  WARN 10697 --- [backend] [  restartedMain] o.f.c.internal.database.base.Database    : Flyway upgrade recommended: MariaDB 12.2 is newer than this version of Flyway and support has not been tested. The latest supported version of MariaDB is 11.2.
2026-04-14T16:14:31.806+01:00  INFO 10697 --- [backend] [  restartedMain] o.f.core.internal.command.DbValidate     : Successfully validated 28 migrations (execution time 00:00.026s)
2026-04-14T16:14:31.810+01:00  INFO 10697 --- [backend] [  restartedMain] o.f.core.internal.command.DbMigrate      : Current version of schema `mydbs_dbb`: 1.0.27
2026-04-14T16:14:31.811+01:00  INFO 10697 --- [backend] [  restartedMain] o.f.core.internal.command.DbMigrate      : Schema `mydbs_dbb` is up to date. No migration necessary.
2026-04-14T16:14:31.955+01:00  INFO 10697 --- [backend] [  restartedMain] o.hibernate.jpa.internal.util.LogHelper  : HHH000204: Processing PersistenceUnitInfo [name: default]
2026-04-14T16:14:31.957+01:00  INFO 10697 --- [backend] [  restartedMain] o.h.c.internal.RegionFactoryInitiator    : HHH000026: Second-level cache disabled
2026-04-14T16:14:31.969+01:00  INFO 10697 --- [backend] [  restartedMain] o.s.o.j.p.SpringPersistenceUnitInfo      : No LoadTimeWeaver setup: ignoring JPA class transformer
2026-04-14T16:14:31.971+01:00  WARN 10697 --- [backend] [  restartedMain] o.h.e.j.e.i.JdbcEnvironmentInitiator     : HHH000339: Could not obtain connection metadata: java.sql.SQLSyntaxErrorException: Unknown column 'RESERVED' in 'WHERE'
2026-04-14T16:14:31.972+01:00  WARN 10697 --- [backend] [  restartedMain] org.hibernate.orm.deprecation            : HHH90000025: MySQLDialect does not need to be specified explicitly using 'hibernate.dialect' (remove the property setting and it will be selected by default)
2026-04-14T16:14:31.972+01:00  INFO 10697 --- [backend] [  restartedMain] org.hibernate.orm.connections.pooling    : HHH10001005: Database info:
	Database JDBC URL [Connecting through datasource 'HikariDataSource (HikariPool-4)']
	Database driver: undefined/unknown
	Database version: 8.0
	Autocommit mode: undefined/unknown
	Isolation level: undefined/unknown
	Minimum pool size: undefined/unknown
	Maximum pool size: undefined/unknown
2026-04-14T16:14:32.914+01:00  INFO 10697 --- [backend] [  restartedMain] o.h.e.t.j.p.i.JtaPlatformInitiator       : HHH000489: No JTA platform available (set 'hibernate.transaction.jta.platform' to enable JTA platform integration)
2026-04-14T16:14:33.048+01:00  INFO 10697 --- [backend] [  restartedMain] j.LocalContainerEntityManagerFactoryBean : Initialized JPA EntityManagerFactory for persistence unit 'default'
2026-04-14T16:14:33.791+01:00  INFO 10697 --- [backend] [  restartedMain] eAuthenticationProviderManagerConfigurer : Global AuthenticationManager configured with AuthenticationProvider bean with name authenticationProvider
2026-04-14T16:14:33.792+01:00  WARN 10697 --- [backend] [  restartedMain] r$InitializeUserDetailsManagerConfigurer : Global AuthenticationManager configured with an AuthenticationProvider bean. UserDetailsService beans will not be used by Spring Security for automatically configuring username/password login. Consider removing the AuthenticationProvider bean. Alternatively, consider using the UserDetailsService in a manually instantiated DaoAuthenticationProvider. If the current configuration is intentional, to turn off this warning, increase the logging level of 'org.springframework.security.config.annotation.authentication.configuration.InitializeUserDetailsBeanManagerConfigurer' to ERROR
2026-04-14T16:14:35.724+01:00  INFO 10697 --- [backend] [  restartedMain] o.s.b.a.e.web.EndpointLinksResolver      : Exposing 3 endpoints beneath base path '/actuator'
2026-04-14T16:14:36.225+01:00  INFO 10697 --- [backend] [  restartedMain] o.s.b.d.a.OptionalLiveReloadServer       : LiveReload server is running on port 35729
2026-04-14T16:14:36.263+01:00  INFO 10697 --- [backend] [  restartedMain] o.s.b.w.embedded.tomcat.TomcatWebServer  : Tomcat started on port 8080 (http) with context path '/'
2026-04-14T16:14:36.275+01:00  INFO 10697 --- [backend] [  restartedMain] com.mydbs.backend.BackendApplication     : Started BackendApplication in 5.971 seconds (process running for 3754.372)
Hibernate: 
    select
        u1_0.id,
        u1_0.bio,
        u1_0.created_at,
        u1_0.is_deleted,
        u1_0.email,
        u1_0.first_name,
        u1_0.last_name,
        u1_0.password,
        u1_0.phone_number,
        u1_0.photo_url,
        u1_0.role,
        u1_0.status,
        u1_0.updated_at,
        u1_0.user_code 
    from
        users u1_0 
    where
        u1_0.email=?
Hibernate: 
    select
        u1_0.id,
        u1_0.bio,
        u1_0.created_at,
        u1_0.is_deleted,
        u1_0.email,
        u1_0.first_name,
        u1_0.last_name,
        u1_0.password,
        u1_0.phone_number,
        u1_0.photo_url,
        u1_0.role,
        u1_0.status,
        u1_0.updated_at,
        u1_0.user_code 
    from
        users u1_0 
    where
        u1_0.id=?
Hibernate: 
    update
        users 
    set
        bio=?,
        is_deleted=?,
        email=?,
        first_name=?,
        last_name=?,
        password=?,
        phone_number=?,
        photo_url=?,
        role=?,
        status=?,
        updated_at=?,
        user_code=? 
    where
        id=?
2026-04-14T16:14:36.419+01:00  INFO 10697 --- [backend] [  restartedMain] .ConditionEvaluationDeltaLoggingListener : Condition evaluation unchanged
2026-04-14T16:15:24.842+01:00  INFO 10697 --- [backend] [ionShutdownHook] o.s.b.w.e.tomcat.GracefulShutdown        : Commencing graceful shutdown. Waiting for active requests to complete
2026-04-14T16:15:24.845+01:00  INFO 10697 --- [backend] [tomcat-shutdown] o.s.b.w.e.tomcat.GracefulShutdown        : Graceful shutdown complete
2026-04-14T16:15:24.854+01:00  INFO 10697 --- [backend] [ionShutdownHook] j.LocalContainerEntityManagerFactoryBean : Closing JPA EntityManagerFactory for persistence unit 'default'
2026-04-14T16:15:24.855+01:00  INFO 10697 --- [backend] [ionShutdownHook] com.zaxxer.hikari.HikariDataSource       : HikariPool-4 - Shutdown initiated...
2026-04-14T16:15:24.859+01:00  INFO 10697 --- [backend] [ionShutdownHook] com.zaxxer.hikari.HikariDataSource       : HikariPool-4 - Shutdown completed.
